model,threshold,precision,recall,f1,accuracy,true_negative,false_positive,false_negative,true_positive,predicted_churn
Logistic Regression,0.001,0.9882847433375067,1.0,0.9941078576890209,0.9882847433375067,0,131,0,11051,11182
Logistic Regression,0.002,0.9882847433375067,1.0,0.9941078576890209,0.9882847433375067,0,131,0,11051,11182
Logistic Regression,0.003,0.9882836955549593,0.9999095104515429,0.9940626124505217,0.988195313897335,0,131,1,11050,11181
Logistic Regression,0.004,0.9882836955549593,0.9999095104515429,0.9940626124505217,0.988195313897335,0,131,1,11050,11181
Logistic Regression,0.005,0.9882836955549593,0.9999095104515429,0.9940626124505217,0.988195313897335,0,131,1,11050,11181
Logistic Regression,0.006,0.9882836955549593,0.9999095104515429,0.9940626124505217,0.988195313897335,0,131,1,11050,11181
Logistic Regression,0.007,0.9882836955549593,0.9999095104515429,0.9940626124505217,0.988195313897335,0,131,1,11050,11181
Logistic Regression,0.008,0.9882836955549593,0.9999095104515429,0.9940626124505217,0.988195313897335,0,131,1,11050,11181
Logistic Regression,0.009,0.9882836955549593,0.9999095104515429,0.9940626124505217,0.988195313897335,0,131,1,11050,11181
Logistic Regression,0.01,0.9882836955549593,0.9999095104515429,0.9940626124505217,0.988195313897335,0,131,1,11050,11181
Logistic Regression,0.011,0.9882836955549593,0.9999095104515429,0.9940626124505217,0.988195313897335,0,131,1,11050,11181
Logistic Regression,0.012,0.9882836955549593,0.9999095104515429,0.9940626124505217,0.988195313897335,0,131,1,11050,11181
Logistic Regression,0.013,0.9882836955549593,0.9999095104515429,0.9940626124505217,0.988195313897335,0,131,1,11050,11181
Logistic Regression,0.014,0.9882836955549593,0.9999095104515429,0.9940626124505217,0.988195313897335,0,131,1,11050,11181
Logistic Regression,0.015,0.9882836955549593,0.9999095104515429,0.9940626124505217,0.988195313897335,0,131,1,11050,11181
Logistic Regression,0.016,0.9882836955549593,0.9999095104515429,0.9940626124505217,0.988195313897335,0,131,1,11050,11181
Logistic Regression,0.017,0.9882836955549593,0.9999095104515429,0.9940626124505217,0.988195313897335,0,131,1,11050,11181
Logistic Regression,0.018,0.9882815994274979,0.9997285313546286,0.9939721097615835,0.9880164550169916,0,131,3,11048,11179
Logistic Regression,0.019,0.9882815994274979,0.9997285313546286,0.9939721097615835,0.9880164550169916,0,131,3,11048,11179
Logistic Regression,0.02,0.9882815994274979,0.9997285313546286,0.9939721097615835,0.9880164550169916,0,131,3,11048,11179
Logistic Regression,0.021,0.9882815994274979,0.9997285313546286,0.9939721097615835,0.9880164550169916,0,131,3,11048,11179
Logistic Regression,0.022,0.9882815994274979,0.9997285313546286,0.9939721097615835,0.9880164550169916,0,131,3,11048,11179
Logistic Regression,0.023,0.9882815994274979,0.9997285313546286,0.9939721097615835,0.9880164550169916,0,131,3,11048,11179
Logistic Regression,0.024,0.9882815994274979,0.9997285313546286,0.9939721097615835,0.9880164550169916,0,131,3,11048,11179
Logistic Regression,0.025,0.9882815994274979,0.9997285313546286,0.9939721097615835,0.9880164550169916,0,131,3,11048,11179
Logistic Regression,0.026,0.9883700125246019,0.9997285313546286,0.9940168248684151,0.9881058844571633,1,130,3,11048,11178
Logistic Regression,0.027,0.9883700125246019,0.9997285313546286,0.9940168248684151,0.9881058844571633,1,130,3,11048,11178
Logistic Regression,0.028,0.9883700125246019,0.9997285313546286,0.9940168248684151,0.9881058844571633,1,130,3,11048,11178
Logistic Regression,0.029,0.9883700125246019,0.9997285313546286,0.9940168248684151,0.9881058844571633,1,130,3,11048,11178
Logistic Regression,0.03,0.9883700125246019,0.9997285313546286,0.9940168248684151,0.9881058844571633,1,130,3,11048,11178
Logistic Regression,0.031,0.9883700125246019,0.9997285313546286,0.9940168248684151,0.9881058844571633,1,130,3,11048,11178
Logistic Regression,0.032,0.9883700125246019,0.9997285313546286,0.9940168248684151,0.9881058844571633,1,130,3,11048,11178
Logistic Regression,0.033,0.9883700125246019,0.9997285313546286,0.9940168248684151,0.9881058844571633,1,130,3,11048,11178
Logistic Regression,0.034,0.9883700125246019,0.9997285313546286,0.9940168248684151,0.9881058844571633,1,130,3,11048,11178
Logistic Regression,0.035,0.9883700125246019,0.9997285313546286,0.9940168248684151,0.9881058844571633,1,130,3,11048,11178
Logistic Regression,0.036,0.9883700125246019,0.9997285313546286,0.9940168248684151,0.9881058844571633,1,130,3,11048,11178
Logistic Regression,0.037,0.9883700125246019,0.9997285313546286,0.9940168248684151,0.9881058844571633,1,130,3,11048,11178
Logistic Regression,0.038,0.9883700125246019,0.9997285313546286,0.9940168248684151,0.9881058844571633,1,130,3,11048,11178
Logistic Regression,0.039,0.9883700125246019,0.9997285313546286,0.9940168248684151,0.9881058844571633,1,130,3,11048,11178
Logistic Regression,0.04,0.9883700125246019,0.9997285313546286,0.9940168248684151,0.9881058844571633,1,130,3,11048,11178
Logistic Regression,0.041,0.9883700125246019,0.9997285313546286,0.9940168248684151,0.9881058844571633,1,130,3,11048,11178
Logistic Regression,0.042,0.9883700125246019,0.9997285313546286,0.9940168248684151,0.9881058844571633,1,130,3,11048,11178
Logistic Regression,0.043,0.9883689719960633,0.9996380418061714,0.9939715673924779,0.9880164550169916,1,130,4,11047,11177
Logistic Regression,0.044,0.9883689719960633,0.9996380418061714,0.9939715673924779,0.9880164550169916,1,130,4,11047,11177
Logistic Regression,0.045,0.9883689719960633,0.9996380418061714,0.9939715673924779,0.9880164550169916,1,130,4,11047,11177
Logistic Regression,0.046,0.9883689719960633,0.9996380418061714,0.9939715673924779,0.9880164550169916,1,130,4,11047,11177
Logistic Regression,0.047,0.9883689719960633,0.9996380418061714,0.9939715673924779,0.9880164550169916,1,130,4,11047,11177
Logistic Regression,0.048,0.9883689719960633,0.9996380418061714,0.9939715673924779,0.9880164550169916,1,130,4,11047,11177
Logistic Regression,0.049,0.9883689719960633,0.9996380418061714,0.9939715673924779,0.9880164550169916,1,130,4,11047,11177
Logistic Regression,0.05,0.9883689719960633,0.9996380418061714,0.9939715673924779,0.9880164550169916,1,130,4,11047,11177
Logistic Regression,0.051,0.9883689719960633,0.9996380418061714,0.9939715673924779,0.9880164550169916,1,130,4,11047,11177
Logistic Regression,0.052,0.9883689719960633,0.9996380418061714,0.9939715673924779,0.9880164550169916,1,130,4,11047,11177
Logistic Regression,0.053,0.9883679312813171,0.9995475522577142,0.9939263058442435,0.9879270255768199,1,130,5,11046,11176
Logistic Regression,0.054,0.9883679312813171,0.9995475522577142,0.9939263058442435,0.9879270255768199,1,130,5,11046,11176
Logistic Regression,0.055,0.9883668903803132,0.999457062709257,0.993881040223162,0.9878375961366482,1,130,6,11045,11175
Logistic Regression,0.056,0.9883668903803132,0.999457062709257,0.993881040223162,0.9878375961366482,1,130,6,11045,11175
Logistic Regression,0.057,0.9883668903803132,0.999457062709257,0.993881040223162,0.9878375961366482,1,130,6,11045,11175
Logistic Regression,0.058,0.9883668903803132,0.999457062709257,0.993881040223162,0.9878375961366482,1,130,6,11045,11175
Logistic Regression,0.059,0.9883668903803132,0.999457062709257,0.993881040223162,0.9878375961366482,1,130,6,11045,11175
Logistic Regression,0.06,0.9883668903803132,0.999457062709257,0.993881040223162,0.9878375961366482,1,130,6,11045,11175
Logistic Regression,0.061,0.9883658492930016,0.9993665731607999,0.9938357705286839,0.9877481666964765,1,130,7,11044,11174
Logistic Regression,0.062,0.9883658492930016,0.9993665731607999,0.9938357705286839,0.9877481666964765,1,130,7,11044,11174
Logistic Regression,0.063,0.9883658492930016,0.9993665731607999,0.9938357705286839,0.9877481666964765,1,130,7,11044,11174
Logistic Regression,0.064,0.9884543094961067,0.9993665731607999,0.9938804895608351,0.9878375961366482,2,129,7,11044,11173
Logistic Regression,0.065,0.9884543094961067,0.9993665731607999,0.9938804895608351,0.9878375961366482,2,129,7,11044,11173
Logistic Regression,0.066,0.9884543094961067,0.9993665731607999,0.9938804895608351,0.9878375961366482,2,129,7,11044,11173
Logistic Regression,0.067,0.9885427855352668,0.9993665731607999,0.9939252126175584,0.9879270255768199,3,128,7,11044,11172
Logistic Regression,0.068,0.9885427855352668,0.9993665731607999,0.9939252126175584,0.9879270255768199,3,128,7,11044,11172
Logistic Regression,0.069,0.9885427855352668,0.9993665731607999,0.9939252126175584,0.9879270255768199,3,128,7,11044,11172
Logistic Regression,0.07,0.9885407341092212,0.9991855940638856,0.9938346609063499,0.9877481666964765,3,128,9,11042,11170
Logistic Regression,0.071,0.9885407341092212,0.9991855940638856,0.9938346609063499,0.9877481666964765,3,128,9,11042,11170
Logistic Regression,0.072,0.9885407341092212,0.9991855940638856,0.9938346609063499,0.9877481666964765,3,128,9,11042,11170
Logistic Regression,0.073,0.9885397081206913,0.9990951045154285,0.9937893789378938,0.9876587372563048,3,128,10,11041,11169
Logistic Regression,0.074,0.9885397081206913,0.9990951045154285,0.9937893789378938,0.9876587372563048,3,128,10,11041,11169
Logistic Regression,0.075,0.9885397081206913,0.9990951045154285,0.9937893789378938,0.9876587372563048,3,128,10,11041,11169
Logistic Regression,0.076,0.9885397081206913,0.9990951045154285,0.9937893789378938,0.9876587372563048,3,128,10,11041,11169
Logistic Regression,0.077,0.9885397081206913,0.9990951045154285,0.9937893789378938,0.9876587372563048,3,128,10,11041,11169
Logistic Regression,0.078,0.9885397081206913,0.9990951045154285,0.9937893789378938,0.9876587372563048,3,128,10,11041,11169
Logistic Regression,0.079,0.9885397081206913,0.9990951045154285,0.9937893789378938,0.9876587372563048,3,128,10,11041,11169
Logistic Regression,0.08,0.9885397081206913,0.9990951045154285,0.9937893789378938,0.9876587372563048,3,128,10,11041,11169
Logistic Regression,0.081,0.9885397081206913,0.9990951045154285,0.9937893789378938,0.9876587372563048,3,128,10,11041,11169
Logistic Regression,0.082,0.9885397081206913,0.9990951045154285,0.9937893789378938,0.9876587372563048,3,128,10,11041,11169
Logistic Regression,0.083,0.9885397081206913,0.9990951045154285,0.9937893789378938,0.9876587372563048,3,128,10,11041,11169
Logistic Regression,0.084,0.9885397081206913,0.9990951045154285,0.9937893789378938,0.9876587372563048,3,128,10,11041,11169
Logistic Regression,0.085,0.9885397081206913,0.9990951045154285,0.9937893789378938,0.9876587372563048,3,128,10,11041,11169
Logistic Regression,0.086,0.9885397081206913,0.9990951045154285,0.9937893789378938,0.9876587372563048,3,128,10,11041,11169
Logistic Regression,0.087,0.9885397081206913,0.9990951045154285,0.9937893789378938,0.9876587372563048,3,128,10,11041,11169
Logistic Regression,0.088,0.9885397081206913,0.9990951045154285,0.9937893789378938,0.9876587372563048,3,128,10,11041,11169
Logistic Regression,0.089,0.9885397081206913,0.9990951045154285,0.9937893789378938,0.9876587372563048,3,128,10,11041,11169
Logistic Regression,0.09,0.9885397081206913,0.9990951045154285,0.9937893789378938,0.9876587372563048,3,128,10,11041,11169
Logistic Regression,0.091,0.9885397081206913,0.9990951045154285,0.9937893789378938,0.9876587372563048,3,128,10,11041,11169
Logistic Regression,0.092,0.9885397081206913,0.9990951045154285,0.9937893789378938,0.9876587372563048,3,128,10,11041,11169
Logistic Regression,0.093,0.9885397081206913,0.9990951045154285,0.9937893789378938,0.9876587372563048,3,128,10,11041,11169
Logistic Regression,0.094,0.9885397081206913,0.9990951045154285,0.9937893789378938,0.9876587372563048,3,128,10,11041,11169
Logistic Regression,0.095,0.9885397081206913,0.9990951045154285,0.9937893789378938,0.9876587372563048,3,128,10,11041,11169
Logistic Regression,0.096,0.9885397081206913,0.9990951045154285,0.9937893789378938,0.9876587372563048,3,128,10,11041,11169
Logistic Regression,0.097,0.9885397081206913,0.9990951045154285,0.9937893789378938,0.9876587372563048,3,128,10,11041,11169
Logistic Regression,0.098,0.9885397081206913,0.9990951045154285,0.9937893789378938,0.9876587372563048,3,128,10,11041,11169
Logistic Regression,0.099,0.9885397081206913,0.9990951045154285,0.9937893789378938,0.9876587372563048,3,128,10,11041,11169
Logistic Regression,0.1,0.9885397081206913,0.9990951045154285,0.9937893789378938,0.9876587372563048,3,128,10,11041,11169
Logistic Regression,0.101,0.9885386819484241,0.9990046149669713,0.9937440928934695,0.9875693078161331,3,128,11,11040,11168
Logistic Regression,0.102,0.9885386819484241,0.9990046149669713,0.9937440928934695,0.9875693078161331,3,128,11,11040,11168
Logistic Regression,0.103,0.9885386819484241,0.9990046149669713,0.9937440928934695,0.9875693078161331,3,128,11,11040,11168
Logistic Regression,0.104,0.9885376555923704,0.9989141254185142,0.9936988027725268,0.9874798783759614,3,128,12,11039,11167
Logistic Regression,0.105,0.9885376555923704,0.9989141254185142,0.9936988027725268,0.9874798783759614,3,128,12,11039,11167
Logistic Regression,0.106,0.9885376555923704,0.9989141254185142,0.9936988027725268,0.9874798783759614,3,128,12,11039,11167
Logistic Regression,0.107,0.9885376555923704,0.9989141254185142,0.9936988027725268,0.9874798783759614,3,128,12,11039,11167
Logistic Regression,0.108,0.9885376555923704,0.9989141254185142,0.9936988027725268,0.9874798783759614,3,128,12,11039,11167
Logistic Regression,0.109,0.9885376555923704,0.9989141254185142,0.9936988027725268,0.9874798783759614,3,128,12,11039,11167
Logistic Regression,0.11,0.9885376555923704,0.9989141254185142,0.9936988027725268,0.9874798783759614,3,128,12,11039,11167
Logistic Regression,0.111,0.9885366290524807,0.998823635870057,0.9936535085745151,0.9873904489357896,3,128,13,11038,11166
Logistic Regression,0.112,0.9885366290524807,0.998823635870057,0.9936535085745151,0.9873904489357896,3,128,13,11038,11166
Logistic Regression,0.113,0.9885366290524807,0.998823635870057,0.9936535085745151,0.9873904489357896,3,128,13,11038,11166
Logistic Regression,0.114,0.9885366290524807,0.998823635870057,0.9936535085745151,0.9873904489357896,3,128,13,11038,11166
Logistic Regression,0.115,0.9885366290524807,0.998823635870057,0.9936535085745151,0.9873904489357896,3,128,13,11038,11166
Logistic Regression,0.116,0.9885356023287057,0.9987331463215998,0.9936082102988837,0.987301019495618,3,128,14,11037,11165
Logistic Regression,0.117,0.9885356023287057,0.9987331463215998,0.9936082102988837,0.987301019495618,3,128,14,11037,11165
Logistic Regression,0.118,0.9885356023287057,0.9987331463215998,0.9936082102988837,0.987301019495618,3,128,14,11037,11165
Logistic Regression,0.119,0.9885356023287057,0.9987331463215998,0.9936082102988837,0.987301019495618,3,128,14,11037,11165
Logistic Regression,0.12,0.9885356023287057,0.9987331463215998,0.9936082102988837,0.987301019495618,3,128,14,11037,11165
Logistic Regression,0.121,0.9885356023287057,0.9987331463215998,0.9936082102988837,0.987301019495618,3,128,14,11037,11165
Logistic Regression,0.122,0.9885356023287057,0.9987331463215998,0.9936082102988837,0.987301019495618,3,128,14,11037,11165
Logistic Regression,0.123,0.9885356023287057,0.9987331463215998,0.9936082102988837,0.987301019495618,3,128,14,11037,11165
Logistic Regression,0.124,0.9885356023287057,0.9987331463215998,0.9936082102988837,0.987301019495618,3,128,14,11037,11165
Logistic Regression,0.125,0.9885356023287057,0.9987331463215998,0.9936082102988837,0.987301019495618,3,128,14,11037,11165
Logistic Regression,0.126,0.9885356023287057,0.9987331463215998,0.9936082102988837,0.987301019495618,3,128,14,11037,11165
Logistic Regression,0.127,0.9885356023287057,0.9987331463215998,0.9936082102988837,0.987301019495618,3,128,14,11037,11165
Logistic Regression,0.128,0.9885356023287057,0.9987331463215998,0.9936082102988837,0.987301019495618,3,128,14,11037,11165
Logistic Regression,0.129,0.9885356023287057,0.9987331463215998,0.9936082102988837,0.987301019495618,3,128,14,11037,11165
Logistic Regression,0.13,0.9885356023287057,0.9987331463215998,0.9936082102988837,0.987301019495618,3,128,14,11037,11165
Logistic Regression,0.131,0.9885356023287057,0.9987331463215998,0.9936082102988837,0.987301019495618,3,128,14,11037,11165
Logistic Regression,0.132,0.9885356023287057,0.9987331463215998,0.9936082102988837,0.987301019495618,3,128,14,11037,11165
Logistic Regression,0.133,0.9885356023287057,0.9987331463215998,0.9936082102988837,0.987301019495618,3,128,14,11037,11165
Logistic Regression,0.134,0.9885356023287057,0.9987331463215998,0.9936082102988837,0.987301019495618,3,128,14,11037,11165
Logistic Regression,0.135,0.9885356023287057,0.9987331463215998,0.9936082102988837,0.987301019495618,3,128,14,11037,11165
Logistic Regression,0.136,0.9885356023287057,0.9987331463215998,0.9936082102988837,0.987301019495618,3,128,14,11037,11165
Logistic Regression,0.137,0.9885356023287057,0.9987331463215998,0.9936082102988837,0.987301019495618,3,128,14,11037,11165
Logistic Regression,0.138,0.9885335483293022,0.9985521672246855,0.9935176015125596,0.9871221606152746,3,128,16,11035,11163
Logistic Regression,0.139,0.9885335483293022,0.9985521672246855,0.9935176015125596,0.9871221606152746,3,128,16,11035,11163
Logistic Regression,0.14,0.9885335483293022,0.9985521672246855,0.9935176015125596,0.9871221606152746,3,128,16,11035,11163
Logistic Regression,0.141,0.9885335483293022,0.9985521672246855,0.9935176015125596,0.9871221606152746,3,128,16,11035,11163
Logistic Regression,0.142,0.9885335483293022,0.9985521672246855,0.9935176015125596,0.9871221606152746,3,128,16,11035,11163
Logistic Regression,0.143,0.9885335483293022,0.9985521672246855,0.9935176015125596,0.9871221606152746,3,128,16,11035,11163
Logistic Regression,0.144,0.9885335483293022,0.9985521672246855,0.9935176015125596,0.9871221606152746,3,128,16,11035,11163
Logistic Regression,0.145,0.9885335483293022,0.9985521672246855,0.9935176015125596,0.9871221606152746,3,128,16,11035,11163
Logistic Regression,0.146,0.9885335483293022,0.9985521672246855,0.9935176015125596,0.9871221606152746,3,128,16,11035,11163
Logistic Regression,0.147,0.9885335483293022,0.9985521672246855,0.9935176015125596,0.9871221606152746,3,128,16,11035,11163
Logistic Regression,0.148,0.9885335483293022,0.9985521672246855,0.9935176015125596,0.9871221606152746,3,128,16,11035,11163
Logistic Regression,0.149,0.9885325210535746,0.9984616776762284,0.9934722910007653,0.9870327311751028,3,128,17,11034,11162
Logistic Regression,0.15,0.9885325210535746,0.9984616776762284,0.9934722910007653,0.9870327311751028,3,128,17,11034,11162
Logistic Regression,0.151,0.9885325210535746,0.9984616776762284,0.9934722910007653,0.9870327311751028,3,128,17,11034,11162
Logistic Regression,0.152,0.9885284101093386,0.9980997194823997,0.9932910081498492,0.986675013414416,3,128,21,11030,11158
Logistic Regression,0.153,0.9885284101093386,0.9980997194823997,0.9932910081498492,0.986675013414416,3,128,21,11030,11158
Logistic Regression,0.154,0.9885284101093386,0.9980997194823997,0.9932910081498492,0.986675013414416,3,128,21,11030,11158
Logistic Regression,0.155,0.9885263535317318,0.9979187403854854,0.9932003422344305,0.9864961545340726,3,128,23,11028,11156
Logistic Regression,0.156,0.9885253249663828,0.9978282508370283,0.9931550031523012,0.9864067250939009,3,128,24,11027,11155
Logistic Regression,0.157,0.9885253249663828,0.9978282508370283,0.9931550031523012,0.9864067250939009,3,128,24,11027,11155
Logistic Regression,0.158,0.9885242962166039,0.9977377612885712,0.9931096599864895,0.9863172956537292,3,128,25,11026,11154
Logistic Regression,0.159,0.9885242962166039,0.9977377612885712,0.9931096599864895,0.9863172956537292,3,128,25,11026,11154
Logistic Regression,0.16,0.9885232672823455,0.997647271740114,0.9930643127364439,0.9862278662135575,3,128,26,11025,11153
Logistic Regression,0.161,0.9885201793721973,0.9973758030947426,0.992928246475384,0.9859595778930423,3,128,29,11022,11150
Logistic Regression,0.162,0.9885191496995246,0.9972853135462854,0.9928828828828828,0.9858701484528707,3,128,30,11021,11149
Logistic Regression,0.163,0.9885191496995246,0.9972853135462854,0.9928828828828828,0.9858701484528707,3,128,30,11021,11149
Logistic Regression,0.164,0.9885181198421241,0.9971948239978282,0.9928375152033876,0.985780719012699,3,128,31,11020,11148
Logistic Regression,0.165,0.988516059572941,0.9970138449009139,0.9927467675812046,0.9856018601323556,3,128,33,11018,11146
Logistic Regression,0.166,0.9885150291610588,0.9969233553524568,0.9927013876374121,0.9855124306921839,3,128,34,11017,11145
Logistic Regression,0.167,0.9885139985642498,0.9968328658039997,0.9926560036044154,0.9854230012520122,3,128,35,11016,11144
Logistic Regression,0.168,0.9885129677824643,0.9967423762555425,0.9926106154816617,0.9853335718118404,3,128,36,11015,11143
Logistic Regression,0.169,0.9885129677824643,0.9967423762555425,0.9926106154816617,0.9853335718118404,3,128,36,11015,11143
Logistic Regression,0.17,0.9885109056637644,0.9965613971586281,0.992519826964672,0.985154712931497,3,128,38,11013,11141
Logistic Regression,0.171,0.9885098743267504,0.996470907610171,0.9924744265693299,0.9850652834913254,3,128,39,11012,11140
Logistic Regression,0.172,0.9885057471264368,0.9961089494163424,0.9922927840627395,0.9847075657306386,3,128,43,11008,11136
Logistic Regression,0.173,0.988501616960115,0.9957469912225138,0.9921110760492269,0.9843498479699517,3,128,47,11004,11132
Logistic Regression,0.174,0.9885893980233603,0.9956565016740566,0.9921103647265678,0.9843498479699517,4,127,48,11003,11130
Logistic Regression,0.175,0.988588372719921,0.9955660121255995,0.9920649233543734,0.98426041852978,4,127,49,11002,11129
Logistic Regression,0.176,0.988586321560169,0.9953850330286852,0.9919740283163495,0.9840815596494366,4,127,51,11000,11127
Logistic Regression,0.177,0.988585295703757,0.9952945434802281,0.9919285746494115,0.9839921302092649,4,127,52,10999,11126
Logistic Regression,0.178,0.9885832434376124,0.9951135643833138,0.9918376550169109,0.9838132713289215,4,127,54,10997,11124
Logistic Regression,0.179,0.9885832434376124,0.9951135643833138,0.9918376550169109,0.9838132713289215,4,127,54,10997,11124
Logistic Regression,0.18,0.9885811904333753,0.9949325852863994,0.9917467189825463,0.9836344124485781,4,127,56,10995,11122
Logistic Regression,0.181,0.9885801636543476,0.9948420957379422,0.991701244813278,0.9835449830084063,4,127,57,10994,11121
Logistic Regression,0.182,0.9885791366906475,0.9947516061894851,0.991655766541879,0.9834555535682347,4,127,58,10993,11120
Logistic Regression,0.183,0.9887569706781796,0.9947516061894851,0.9917452298254319,0.9836344124485781,6,125,58,10993,11118
Logistic Regression,0.184,0.9887569706781796,0.9947516061894851,0.9917452298254319,0.9836344124485781,6,125,58,10993,11118
Logistic Regression,0.185,0.9888449082403742,0.994661116641028,0.9917444850453376,0.9836344124485781,7,124,59,10992,11116
Logistic Regression,0.186,0.9888439046333783,0.9945706270925708,0.9916989984661193,0.9835449830084063,7,124,60,10991,11115
Logistic Regression,0.187,0.9888429008457801,0.9944801375441137,0.99165350778254,0.9834555535682347,7,124,61,10990,11114
Logistic Regression,0.188,0.9888418968775308,0.9943896479956565,0.9916080129940444,0.983366124128063,7,124,62,10989,11113
Logistic Regression,0.189,0.9888408927285817,0.9942991584471993,0.9915625141000767,0.9832766946878913,7,124,63,10988,11112
Logistic Regression,0.19,0.9888368743248109,0.9939372002533707,0.9913804774583691,0.9829189769272044,7,124,67,10984,11108
Logistic Regression,0.191,0.9888368743248109,0.9939372002533707,0.9913804774583691,0.9829189769272044,7,124,67,10984,11108
Logistic Regression,0.192,0.9888368743248109,0.9939372002533707,0.9913804774583691,0.9829189769272044,7,124,67,10984,11108
Logistic Regression,0.193,0.9888358692716305,0.9938467107049136,0.991334958028703,0.9828295474870328,7,124,68,10983,11107
Logistic Regression,0.194,0.9888338586222423,0.9936657316079993,0.9912439068423903,0.9826506886066894,7,124,70,10981,11105
Logistic Regression,0.195,0.9888338586222423,0.9936657316079993,0.9912439068423903,0.9826506886066894,7,124,70,10981,11105
Logistic Regression,0.196,0.9888328530259366,0.9935752420595422,0.991198375084631,0.9825612591665176,7,124,71,10980,11104
Logistic Regression,0.197,0.9888308412898577,0.9933942629626278,0.9911072992371236,0.9823824002861742,7,124,73,10978,11102
Logistic Regression,0.198,0.9888288288288288,0.9932132838657135,0.9910162069432531,0.9822035414058308,7,124,75,10976,11100
Logistic Regression,0.199,0.988825808777147,0.9929418152203421,0.9908795376557703,0.9819352530853157,7,124,78,10973,11097
Logistic Regression,0.2,0.9888248017303533,0.9928513256718849,0.9908339729986002,0.981845823645144,7,124,79,10972,11096
Logistic Regression,0.201,0.988823794502028,0.9927608361234277,0.9907884042264968,0.9817563942049723,7,124,80,10971,11095
Logistic Regression,0.202,0.988823794502028,0.9927608361234277,0.9907884042264968,0.9817563942049723,7,124,80,10971,11095
Logistic Regression,0.203,0.9888227870921219,0.9926703465749706,0.9907428313389027,0.9816669647648005,7,124,81,10970,11094
Logistic Regression,0.204,0.9888217795005859,0.9925798570265134,0.9906972543352601,0.9815775353246289,7,124,82,10969,11093
Logistic Regression,0.205,0.9888167388167388,0.9921274092842277,0.9904693075568002,0.9811303881237703,7,124,87,10964,11088
Logistic Regression,0.206,0.9888167388167388,0.9921274092842277,0.9904693075568002,0.9811303881237703,7,124,87,10964,11088
Logistic Regression,0.207,0.9888157301343916,0.9920369197357706,0.9904237058451532,0.9810409586835986,7,124,88,10963,11087
Logistic Regression,0.208,0.9888147212700703,0.9919464301873133,0.990378100013552,0.980951529243427,7,124,89,10962,11086
Logistic Regression,0.209,0.9888116935847695,0.9916749615419419,0.99024125779344,0.9806832409229118,7,124,92,10959,11083
Logistic Regression,0.21,0.9888096742171284,0.9914939824450276,0.9901500090366889,0.9805043820425684,7,124,94,10957,11081
Logistic Regression,0.211,0.9888066437985196,0.9912225137996561,0.9900131049753716,0.9802360937220533,7,124,97,10954,11078
Logistic Regression,0.212,0.9888056332942132,0.991132024251199,0.9899674620390455,0.9801466642818816,7,124,98,10953,11077
Logistic Regression,0.213,0.9888056332942132,0.991132024251199,0.9899674620390455,0.9801466642818816,7,124,98,10953,11077
Logistic Regression,0.214,0.988803611738149,0.9909510451542847,0.9898761637892073,0.9799678054015382,7,124,100,10951,11075
Logistic Regression,0.215,0.9888026006862922,0.9908605556058275,0.9898305084745763,0.9798783759613665,7,124,101,10950,11074
Logistic Regression,0.216,0.9888005780346821,0.9906795765089133,0.9897391854630927,0.9796995170810231,7,124,103,10948,11072
Logistic Regression,0.217,0.9888005780346821,0.9906795765089133,0.9897391854630927,0.9796995170810231,7,124,103,10948,11072
Logistic Regression,0.218,0.9887975426867829,0.9904081078635417,0.9896021699819169,0.9794312287605079,7,124,106,10945,11069
Logistic Regression,0.219,0.9887975426867829,0.9904081078635417,0.9896021699819169,0.9794312287605079,7,124,106,10945,11069
Logistic Regression,0.22,0.988795518207283,0.9902271287666274,0.9895108056786328,0.9792523698801645,7,124,108,10943,11067
Logistic Regression,0.221,0.988795518207283,0.9902271287666274,0.9895108056786328,0.9792523698801645,7,124,108,10943,11067
Logistic Regression,0.222,0.988794505693114,0.9901366392181703,0.9894651173305602,0.9791629404399929,7,124,109,10942,11066
Logistic Regression,0.223,0.9887934929959331,0.9900461496697132,0.9894194248507867,0.9790735109998211,7,124,110,10941,11065
Logistic Regression,0.224,0.9887934929959331,0.9900461496697132,0.9894194248507867,0.9790735109998211,7,124,110,10941,11065
Logistic Regression,0.225,0.9887934929959331,0.9900461496697132,0.9894194248507867,0.9790735109998211,7,124,110,10941,11065
Logistic Regression,0.226,0.9887914670523367,0.9898651705727989,0.9893280274938953,0.9788946521194777,7,124,112,10939,11063
Logistic Regression,0.227,0.9887914670523367,0.9898651705727989,0.9893280274938953,0.9788946521194777,7,124,112,10939,11063
Logistic Regression,0.228,0.9887894403760962,0.9896841914758845,0.9892366136034733,0.9787157932391343,7,124,114,10937,11061
Logistic Regression,0.229,0.9887874129668144,0.9895032123789702,0.989145183175034,0.978536934358791,7,124,116,10935,11059
Logistic Regression,0.23,0.9887853848240933,0.9893222332820559,0.989053736204089,0.9783580754784476,7,124,118,10933,11057
Logistic Regression,0.231,0.9887843704775687,0.9892317437335988,0.989008006513774,0.9782686460382758,7,124,119,10932,11056
Logistic Regression,0.232,0.9888728062239913,0.9891412541851416,0.9890070119882379,0.9782686460382758,8,123,120,10931,11054
Logistic Regression,0.233,0.9888717995114449,0.9890507646366845,0.9889612739775606,0.9781792165981041,8,123,121,10930,11053
Logistic Regression,0.234,0.9888717995114449,0.9890507646366845,0.9889612739775606,0.9781792165981041,8,123,121,10930,11053
Logistic Regression,0.235,0.9888717995114449,0.9890507646366845,0.9889612739775606,0.9781792165981041,8,123,121,10930,11053
Logistic Regression,0.236,0.9888697855397701,0.9888697855397701,0.9888697855397701,0.9780003577177607,8,123,123,10928,11051
Logistic Regression,0.237,0.9888697855397701,0.9888697855397701,0.9888697855397701,0.9780003577177607,8,123,123,10928,11051
Logistic Regression,0.238,0.9888677708389899,0.9886888064428558,0.9887782805429864,0.9778214988374173,8,123,125,10926,11049
Logistic Regression,0.239,0.9888677708389899,0.9886888064428558,0.9887782805429864,0.9778214988374173,8,123,125,10926,11049
Logistic Regression,0.24,0.9888677708389899,0.9886888064428558,0.9887782805429864,0.9778214988374173,8,123,125,10926,11049
Logistic Regression,0.241,0.9888667632150615,0.9885983168943987,0.9887325218335671,0.9777320693972456,8,123,126,10925,11048
Logistic Regression,0.242,0.9888657554087082,0.9885078273459416,0.9886867589827134,0.9776426399570739,8,123,127,10924,11047
Logistic Regression,0.243,0.9888657554087082,0.9885078273459416,0.9886867589827134,0.9776426399570739,8,123,127,10924,11047
Logistic Regression,0.244,0.9888657554087082,0.9885078273459416,0.9886867589827134,0.9776426399570739,8,123,127,10924,11047
Logistic Regression,0.245,0.9888657554087082,0.9885078273459416,0.9886867589827134,0.9776426399570739,8,123,127,10924,11047
Logistic Regression,0.246,0.9888647474198805,0.9884173377974844,0.9886409919898629,0.9775532105169021,8,123,128,10923,11046
Logistic Regression,0.247,0.9888617223580549,0.9881458691521129,0.9885036661537069,0.9772849221963871,8,123,131,10920,11043
Logistic Regression,0.248,0.9888617223580549,0.9881458691521129,0.9885036661537069,0.9772849221963871,8,123,131,10920,11043
Logistic Regression,0.249,0.9888607136388335,0.9880553796036557,0.9884578825872449,0.9771954927562153,8,123,132,10919,11042
Logistic Regression,0.25,0.9888607136388335,0.9880553796036557,0.9884578825872449,0.9771954927562153,8,123,132,10919,11042
Logistic Regression,0.251,0.9888607136388335,0.9880553796036557,0.9884578825872449,0.9771954927562153,8,123,132,10919,11042
Logistic Regression,0.252,0.9888597047368898,0.9879648900551986,0.9884120948759733,0.9771060633160437,8,123,133,10918,11041
Logistic Regression,0.253,0.9888597047368898,0.9879648900551986,0.9884120948759733,0.9771060633160437,8,123,133,10918,11041
Logistic Regression,0.254,0.9888566769342272,0.9876934214098272,0.9882747068676717,0.9768377749955285,8,123,136,10915,11038
Logistic Regression,0.255,0.9888566769342272,0.9876934214098272,0.9882747068676717,0.9768377749955285,8,123,136,10915,11038
Logistic Regression,0.256,0.988855667300897,0.98760293186137,0.9882289025715321,0.9767483455553568,8,123,137,10914,11037
Logistic Regression,0.257,0.9888536474852742,0.9874219527644557,0.9881372815358146,0.9765694866750134,8,123,139,10912,11035
Logistic Regression,0.258,0.988852637302882,0.9873314632159985,0.9880914647951098,0.9764800572348417,8,123,140,10911,11034
Logistic Regression,0.259,0.9888506163886874,0.9871504841190842,0.9879998188651904,0.9763011983544984,8,123,142,10909,11032
Logistic Regression,0.26,0.9888506163886874,0.9871504841190842,0.9879998188651904,0.9763011983544984,8,123,142,10909,11032
Logistic Regression,0.261,0.9888496056567854,0.9870599945706271,0.9879539896748483,0.9762117689143266,8,123,143,10908,11031
Logistic Regression,0.262,0.9888485947416138,0.98696950502217,0.9879081563334994,0.9761223394741549,8,123,144,10907,11030
Logistic Regression,0.263,0.9888485947416138,0.98696950502217,0.9879081563334994,0.9761223394741549,8,123,144,10907,11030
Logistic Regression,0.264,0.9888485947416138,0.98696950502217,0.9879081563334994,0.9761223394741549,8,123,144,10907,11030
Logistic Regression,0.265,0.9888485947416138,0.98696950502217,0.9879081563334994,0.9761223394741549,8,123,144,10907,11030
Logistic Regression,0.266,0.9888485947416138,0.98696950502217,0.9879081563334994,0.9761223394741549,8,123,144,10907,11030
Logistic Regression,0.267,0.9888485947416138,0.98696950502217,0.9879081563334994,0.9761223394741549,8,123,144,10907,11030
Logistic Regression,0.268,0.9888485947416138,0.98696950502217,0.9879081563334994,0.9761223394741549,8,123,144,10907,11030
Logistic Regression,0.269,0.9888485947416138,0.98696950502217,0.9879081563334994,0.9761223394741549,8,123,144,10907,11030
Logistic Regression,0.27,0.9888485947416138,0.98696950502217,0.9879081563334994,0.9761223394741549,8,123,144,10907,11030
Logistic Regression,0.271,0.9888485947416138,0.98696950502217,0.9879081563334994,0.9761223394741549,8,123,144,10907,11030
Logistic Regression,0.272,0.9888485947416138,0.98696950502217,0.9879081563334994,0.9761223394741549,8,123,144,10907,11030
Logistic Regression,0.273,0.9888475836431226,0.9868790154737128,0.9878623188405797,0.9760329100339832,8,123,145,10906,11029
Logistic Regression,0.274,0.9888465723612623,0.9867885259252557,0.9878164771955251,0.9759434805938115,8,123,146,10905,11028
Logistic Regression,0.275,0.9888455608959826,0.9866980363767984,0.9877706313977715,0.9758540511536398,8,123,147,10904,11027
Logistic Regression,0.276,0.9888455608959826,0.9866980363767984,0.9877706313977715,0.9758540511536398,8,123,147,10904,11027
Logistic Regression,0.277,0.9888445492472339,0.9866075468283413,0.9877247814467546,0.9757646217134681,8,123,148,10903,11026
Logistic Regression,0.278,0.988843537414966,0.9865170572798841,0.9876789273419098,0.9756751922732964,8,123,149,10902,11025
Logistic Regression,0.279,0.9888425253991292,0.986426567731427,0.9876330690826727,0.9755857628331247,8,123,150,10901,11024
Logistic Regression,0.28,0.9888425253991292,0.986426567731427,0.9876330690826727,0.9755857628331247,8,123,150,10901,11024
Logistic Regression,0.281,0.9888425253991292,0.986426567731427,0.9876330690826727,0.9755857628331247,8,123,150,10901,11024
Logistic Regression,0.282,0.9888415131996734,0.9863360781829699,0.9875872066684788,0.9754963333929529,8,123,151,10900,11023
Logistic Regression,0.283,0.9888405008165487,0.9862455886345127,0.9875413400987632,0.9754069039527813,8,123,152,10899,11022
Logistic Regression,0.284,0.9888405008165487,0.9862455886345127,0.9875413400987632,0.9754069039527813,8,123,152,10899,11022
Logistic Regression,0.285,0.9888405008165487,0.9862455886345127,0.9875413400987632,0.9754069039527813,8,123,152,10899,11022
Logistic Regression,0.286,0.9888394882497051,0.9861550990860556,0.9874954693729612,0.9753174745126095,8,123,153,10898,11021
Logistic Regression,0.287,0.9888394882497051,0.9861550990860556,0.9874954693729612,0.9753174745126095,8,123,153,10898,11021
Logistic Regression,0.288,0.9888384754990925,0.9860646095375984,0.987449594490508,0.9752280450724379,8,123,154,10897,11020
Logistic Regression,0.289,0.9888384754990925,0.9860646095375984,0.987449594490508,0.9752280450724379,8,123,154,10897,11020
Logistic Regression,0.29,0.988837462564661,0.9859741199891413,0.9874037154508383,0.9751386156322661,8,123,155,10896,11019
Logistic Regression,0.291,0.9888354361441408,0.9857931408922269,0.9873119448975892,0.9749597567519227,8,123,157,10894,11017
Logistic Regression,0.292,0.9888354361441408,0.9857931408922269,0.9873119448975892,0.9749597567519227,8,123,157,10894,11017
Logistic Regression,0.293,0.9888354361441408,0.9857931408922269,0.9873119448975892,0.9749597567519227,8,123,157,10894,11017
Logistic Regression,0.294,0.9888354361441408,0.9857931408922269,0.9873119448975892,0.9749597567519227,8,123,157,10894,11017
Logistic Regression,0.295,0.9888344226579521,0.9857026513437698,0.9872660533828794,0.974870327311751,8,123,158,10893,11016
Logistic Regression,0.296,0.9888344226579521,0.9857026513437698,0.9872660533828794,0.974870327311751,8,123,158,10893,11016
Logistic Regression,0.297,0.9888344226579521,0.9857026513437698,0.9872660533828794,0.974870327311751,8,123,158,10893,11016
Logistic Regression,0.298,0.9888344226579521,0.9857026513437698,0.9872660533828794,0.974870327311751,8,123,158,10893,11016
Logistic Regression,0.299,0.9888344226579521,0.9857026513437698,0.9872660533828794,0.974870327311751,8,123,158,10893,11016
Logistic Regression,0.3,0.9888344226579521,0.9857026513437698,0.9872660533828794,0.974870327311751,8,123,158,10893,11016
Logistic Regression,0.301,0.988833408987744,0.9856121617953126,0.9872201577086921,0.9747808978715793,8,123,159,10892,11015
Logistic Regression,0.302,0.988833408987744,0.9856121617953126,0.9872201577086921,0.9747808978715793,8,123,159,10892,11015
Logistic Regression,0.303,0.9888323951334665,0.9855216722468555,0.9871742578744618,0.9746914684314076,8,123,160,10891,11014
Logistic Regression,0.304,0.9888313810950695,0.9854311826983984,0.9871283538796229,0.9746020389912359,8,123,161,10890,11013
Logistic Regression,0.305,0.9888313810950695,0.9854311826983984,0.9871283538796229,0.9746020389912359,8,123,161,10890,11013
Logistic Regression,0.306,0.9888303668725027,0.9853406931499412,0.9870824457236097,0.9745126095510642,8,123,162,10889,11012
Logistic Regression,0.307,0.9888303668725027,0.9853406931499412,0.9870824457236097,0.9745126095510642,8,123,162,10889,11012
Logistic Regression,0.308,0.9888303668725027,0.9853406931499412,0.9870824457236097,0.9745126095510642,8,123,162,10889,11012
Logistic Regression,0.309,0.9888303668725027,0.9853406931499412,0.9870824457236097,0.9745126095510642,8,123,162,10889,11012
Logistic Regression,0.31,0.9888303668725027,0.9853406931499412,0.9870824457236097,0.9745126095510642,8,123,162,10889,11012
Logistic Regression,0.311,0.9888293524657161,0.9852502036014841,0.9870365334058562,0.9744231801108925,8,123,163,10888,11011
Logistic Regression,0.312,0.9888263081395349,0.9849787349561125,0.9868987714764949,0.9741548917903774,8,123,166,10885,11008
Logistic Regression,0.313,0.9888263081395349,0.9849787349561125,0.9868987714764949,0.9741548917903774,8,123,166,10885,11008
Logistic Regression,0.314,0.9888252929953666,0.9848882454076554,0.9868528425061203,0.9740654623502056,8,123,167,10884,11007
Logistic Regression,0.315,0.9888232621535665,0.9847072663107411,0.9867609720710918,0.9738866034698623,8,123,169,10882,11005
Logistic Regression,0.316,0.9888232621535665,0.9847072663107411,0.9867609720710918,0.9738866034698623,8,123,169,10882,11005
Logistic Regression,0.317,0.9888222464558343,0.984616776762284,0.986715030605305,0.9737971740296906,8,123,170,10881,11004
Logistic Regression,0.318,0.9888222464558343,0.984616776762284,0.986715030605305,0.9737971740296906,8,123,170,10881,11004
Logistic Regression,0.319,0.9888202145064534,0.9844357976653697,0.9866231351743527,0.9736183151493472,8,123,172,10879,11002
Logistic Regression,0.32,0.9888202145064534,0.9844357976653697,0.9866231351743527,0.9736183151493472,8,123,172,10879,11002
Logistic Regression,0.321,0.9888202145064534,0.9844357976653697,0.9866231351743527,0.9736183151493472,8,123,172,10879,11002
Logistic Regression,0.322,0.9888191982547041,0.9843453081169125,0.9865771812080537,0.9735288857091755,8,123,173,10878,11001
Logistic Regression,0.323,0.988907074013457,0.9841643290199982,0.9865300013606059,0.9734394562690037,9,122,175,10876,10998
Logistic Regression,0.324,0.9889050563841397,0.9839833499230839,0.9864380641357101,0.9732605973886603,9,122,177,10874,10996
Logistic Regression,0.325,0.9889040472942247,0.9838928603746268,0.9863920892678945,0.9731711679484887,9,122,178,10873,10995
Logistic Regression,0.326,0.9889020285636314,0.9837118812777125,0.9863001270186899,0.9729923090681453,9,122,180,10871,10993
Logistic Regression,0.327,0.988901018922853,0.9836213917292552,0.9862541396361657,0.9729028796279735,9,122,181,10870,10992
Logistic Regression,0.328,0.9889000090983532,0.9835309021807981,0.9862081480809364,0.9728134501878019,9,122,182,10869,10991
Logistic Regression,0.329,0.9888979888979889,0.9833499230838838,0.9861161524500908,0.9726345913074584,9,122,184,10867,10989
Logistic Regression,0.33,0.9888959679621371,0.9831689439869695,0.9860241401216081,0.972455732427115,9,122,186,10865,10987
Logistic Regression,0.331,0.988893946290396,0.9829879648900552,0.9859321110909421,0.9722768735467716,9,122,188,10863,10985
Logistic Regression,0.332,0.9888929351784413,0.982897475341598,0.985886090310869,0.9721874441065999,9,122,189,10862,10984
Logistic Regression,0.333,0.9888919238823637,0.9828069857931409,0.9858400653535445,0.9720980146664282,9,122,190,10861,10983
Logistic Regression,0.334,0.9888899007376377,0.9826260066962266,0.9857480029048656,0.9719191557860848,9,122,192,10859,10981
Logistic Regression,0.335,0.9888878768558157,0.9824450275993123,0.985655923740354,0.9717402969057414,9,122,194,10857,10979
Logistic Regression,0.336,0.9888868646383676,0.9823545380508552,0.9856098778882383,0.9716508674655696,9,122,195,10856,10978
Logistic Regression,0.337,0.9888848396501457,0.9821735589539409,0.98551777364144,0.9714720085852263,9,122,197,10854,10976
Logistic Regression,0.338,0.9888838268792711,0.9820830694054836,0.9854717152456188,0.9713825791450545,9,122,198,10853,10975
Logistic Regression,0.339,0.9888828139238199,0.9819925798570265,0.9854256526674234,0.9712931497048829,9,122,199,10852,10974
Logistic Regression,0.34,0.9888818007837419,0.9819020903085693,0.985379585906284,0.9712037202647111,9,122,200,10851,10973
Logistic Regression,0.341,0.9888787602552416,0.9816306216631979,0.9852413605195041,0.9709354319441961,9,122,203,10848,10970
Logistic Regression,0.342,0.9888787602552416,0.9816306216631979,0.9852413605195041,0.9709354319441961,9,122,203,10848,10970
Logistic Regression,0.343,0.9888787602552416,0.9816306216631979,0.9852413605195041,0.9709354319441961,9,122,203,10848,10970
Logistic Regression,0.344,0.988877746376151,0.9815401321147408,0.98519527702089,0.9708460025040243,9,122,204,10847,10969
Logistic Regression,0.345,0.988877746376151,0.9815401321147408,0.98519527702089,0.9708460025040243,9,122,204,10847,10969
Logistic Regression,0.346,0.9888767323121809,0.9814496425662836,0.9851491893364821,0.9707565730638527,9,122,205,10846,10968
Logistic Regression,0.347,0.9888747036294,0.9812686634693693,0.9850570014080029,0.9705777141835092,9,122,207,10844,10966
Logistic Regression,0.348,0.9888747036294,0.9812686634693693,0.9850570014080029,0.9705777141835092,9,122,207,10844,10966
Logistic Regression,0.349,0.9888736890104879,0.9811781739209121,0.9850109011627907,0.9704882847433375,9,122,208,10843,10965
Logistic Regression,0.35,0.9888716592173675,0.9809971948239978,0.9849186881075679,0.9703094258629941,9,122,210,10841,10963
Logistic Regression,0.351,0.9888706440430578,0.9809067052755407,0.9848725752964158,0.9702199964228224,9,122,211,10840,10962
Logistic Regression,0.352,0.9888706440430578,0.9809067052755407,0.9848725752964158,0.9702199964228224,9,122,211,10840,10962
Logistic Regression,0.353,0.9888696286835142,0.9808162157270836,0.9848264582954752,0.9701305669826507,9,122,212,10839,10961
Logistic Regression,0.354,0.9888696286835142,0.9808162157270836,0.9848264582954752,0.9701305669826507,9,122,212,10839,10961
Logistic Regression,0.355,0.9888686131386861,0.9807257261786264,0.9847803371041752,0.970041137542479,9,122,213,10838,10960
Logistic Regression,0.356,0.9888686131386861,0.9807257261786264,0.9847803371041752,0.970041137542479,9,122,213,10838,10960
Logistic Regression,0.357,0.9888686131386861,0.9807257261786264,0.9847803371041752,0.970041137542479,9,122,213,10838,10960
Logistic Regression,0.358,0.9888675974085227,0.9806352366301692,0.9847342117219445,0.9699517081023072,9,122,214,10837,10959
Logistic Regression,0.359,0.9888665814929731,0.980544747081712,0.9846880821482121,0.9698622786621356,9,122,215,10836,10958
Logistic Regression,0.36,0.9888655653919869,0.9804542575332549,0.9846419483824064,0.9697728492219638,9,122,216,10835,10957
Logistic Regression,0.361,0.9888645491055129,0.9803637679847977,0.984595810423956,0.9696834197817922,9,122,217,10834,10956
Logistic Regression,0.362,0.9888645491055129,0.9803637679847977,0.984595810423956,0.9696834197817922,9,122,217,10834,10956
Logistic Regression,0.363,0.9888635326335007,0.9802732784363406,0.9845496682722894,0.9695939903416204,9,122,218,10833,10955
Logistic Regression,0.364,0.9888635326335007,0.9802732784363406,0.9845496682722894,0.9695939903416204,9,122,218,10833,10955
Logistic Regression,0.365,0.9888635326335007,0.9802732784363406,0.9845496682722894,0.9695939903416204,9,122,218,10833,10955
Logistic Regression,0.366,0.9888625159758992,0.9801827888878835,0.9845035219268348,0.9695045609014488,9,122,219,10832,10954
Logistic Regression,0.367,0.9888614991326578,0.9800922993394263,0.9844573713870205,0.969415131461277,9,122,220,10831,10953
Logistic Regression,0.368,0.9888614991326578,0.9800922993394263,0.9844573713870205,0.969415131461277,9,122,220,10831,10953
Logistic Regression,0.369,0.9888614991326578,0.9800922993394263,0.9844573713870205,0.969415131461277,9,122,220,10831,10953
Logistic Regression,0.37,0.9888604821037253,0.9800018097909692,0.9844112166522747,0.9693257020211054,9,122,221,10830,10952
Logistic Regression,0.371,0.9888594648890512,0.979911320242512,0.9843650577220253,0.9692362725809336,9,122,222,10829,10951
Logistic Regression,0.372,0.9888574299022742,0.9797303411455976,0.9842727272727273,0.9690574137005903,9,122,224,10827,10949
Logistic Regression,0.373,0.9888574299022742,0.9797303411455976,0.9842727272727273,0.9690574137005903,9,122,224,10827,10949
Logistic Regression,0.374,0.9888564121300695,0.9796398515971405,0.9842265557525343,0.9689679842604185,9,122,225,10826,10948
Logistic Regression,0.375,0.9888564121300695,0.9796398515971405,0.9842265557525343,0.9689679842604185,9,122,225,10826,10948
Logistic Regression,0.376,0.9888553941719193,0.9795493620486834,0.9841803800345486,0.9688785548202469,9,122,226,10825,10947
Logistic Regression,0.377,0.9888553941719193,0.9795493620486834,0.9841803800345486,0.9688785548202469,9,122,226,10825,10947
Logistic Regression,0.378,0.9888553941719193,0.9795493620486834,0.9841803800345486,0.9688785548202469,9,122,226,10825,10947
Logistic Regression,0.379,0.9888553941719193,0.9795493620486834,0.9841803800345486,0.9688785548202469,9,122,226,10825,10947
Logistic Regression,0.38,0.9888543760277727,0.9794588725002262,0.984134200118198,0.9687891253800751,9,122,227,10824,10946
Logistic Regression,0.381,0.9888533576975788,0.9793683829517691,0.9840880160029096,0.9686996959399035,9,122,228,10823,10945
Logistic Regression,0.382,0.9888492825153093,0.9790064247579404,0.983903237540924,0.9683419781792166,9,122,232,10819,10941
Logistic Regression,0.383,0.9888492825153093,0.9790064247579404,0.983903237540924,0.9683419781792166,9,122,232,10819,10941
Logistic Regression,0.384,0.9888482632541133,0.9789159352094833,0.9838570324223546,0.9682525487390449,9,122,233,10818,10940
Logistic Regression,0.385,0.9888482632541133,0.9789159352094833,0.9838570324223546,0.9682525487390449,9,122,233,10818,10940
Logistic Regression,0.386,0.9888482632541133,0.9789159352094833,0.9838570324223546,0.9682525487390449,9,122,233,10818,10940
Logistic Regression,0.387,0.9888472438065636,0.9788254456610261,0.9838108231014098,0.9681631192988732,9,122,234,10817,10939
Logistic Regression,0.388,0.9888472438065636,0.9788254456610261,0.9838108231014098,0.9681631192988732,9,122,234,10817,10939
Logistic Regression,0.389,0.9888472438065636,0.9788254456610261,0.9838108231014098,0.9681631192988732,9,122,234,10817,10939
Logistic Regression,0.39,0.9888462241726093,0.978734956112569,0.983764609577516,0.9680736898587015,9,122,235,10816,10938
Logistic Regression,0.391,0.9888452043521989,0.9786444665641119,0.9837183918501,0.9679842604185298,9,122,236,10815,10937
Logistic Regression,0.392,0.9888441843452817,0.9785539770156547,0.9836721699185883,0.967894830978358,9,122,237,10814,10936
Logistic Regression,0.393,0.9888441843452817,0.9785539770156547,0.9836721699185883,0.967894830978358,9,122,237,10814,10936
Logistic Regression,0.394,0.9888431641518062,0.9784634874671976,0.983625943782407,0.9678054015381864,9,122,238,10813,10935
Logistic Regression,0.395,0.9888431641518062,0.9784634874671976,0.983625943782407,0.9678054015381864,9,122,238,10813,10935
Logistic Regression,0.396,0.9888421437717212,0.9783729979187404,0.9835797134409825,0.9677159720980146,9,122,239,10812,10934
Logistic Regression,0.397,0.9888421437717212,0.9783729979187404,0.9835797134409825,0.9677159720980146,9,122,239,10812,10934
Logistic Regression,0.398,0.9888401024515184,0.978192018821826,0.9834872401401082,0.9675371132176712,9,122,241,10810,10932
Logistic Regression,0.399,0.9888401024515184,0.978192018821826,0.9834872401401082,0.9675371132176712,9,122,241,10810,10932
Logistic Regression,0.4,0.9888380603842635,0.9780110397249118,0.9833947500113734,0.9673582543373278,9,122,243,10808,10930
Logistic Regression,0.401,0.9888380603842635,0.9780110397249118,0.9833947500113734,0.9673582543373278,9,122,243,10808,10930
Logistic Regression,0.402,0.9888380603842635,0.9780110397249118,0.9833947500113734,0.9673582543373278,9,122,243,10808,10930
Logistic Regression,0.403,0.9888370390703632,0.9779205501764546,0.9833484986351229,0.9672688248971562,9,122,244,10807,10929
Logistic Regression,0.404,0.9888370390703632,0.9779205501764546,0.9833484986351229,0.9672688248971562,9,122,244,10807,10929
Logistic Regression,0.405,0.9888370390703632,0.9779205501764546,0.9833484986351229,0.9672688248971562,9,122,244,10807,10929
Logistic Regression,0.406,0.9888339740069559,0.9776490815310832,0.9832097192519452,0.967000536576641,9,122,247,10804,10926
Logistic Regression,0.407,0.9888339740069559,0.9776490815310832,0.9832097192519452,0.967000536576641,9,122,247,10804,10926
Logistic Regression,0.408,0.9888339740069559,0.9776490815310832,0.9832097192519452,0.967000536576641,9,122,247,10804,10926
Logistic Regression,0.409,0.9888329519450801,0.977558591982626,0.9831634510374955,0.9669111071364693,9,122,248,10803,10925
Logistic Regression,0.41,0.988831929696082,0.9774681024341688,0.9831171786120592,0.9668216776962977,9,122,249,10802,10924
Logistic Regression,0.411,0.988831929696082,0.9774681024341688,0.9831171786120592,0.9668216776962977,9,122,249,10802,10924
Logistic Regression,0.412,0.9888309072599103,0.9773776128857117,0.9830709019750614,0.9667322482561259,9,122,250,10801,10923
Logistic Regression,0.413,0.9888288618258402,0.9771966337887974,0.9829783360640816,0.9665533893757825,9,122,252,10799,10921
Logistic Regression,0.414,0.9888288618258402,0.9771966337887974,0.9829783360640816,0.9665533893757825,9,122,252,10799,10921
Logistic Regression,0.415,0.9888288618258402,0.9771966337887974,0.9829783360640816,0.9665533893757825,9,122,252,10799,10921
Logistic Regression,0.416,0.988919413919414,0.9771966337887974,0.9830230758727413,0.9666428188159543,10,121,252,10799,10920
Logistic Regression,0.417,0.9889183991207986,0.9771061442403403,0.9829767865270824,0.9665533893757825,10,121,253,10798,10919
Logistic Regression,0.418,0.9889183991207986,0.9771061442403403,0.9829767865270824,0.9665533893757825,10,121,253,10798,10919
Logistic Regression,0.419,0.9889173841362887,0.9770156546918831,0.9829304929673631,0.9664639599356109,10,121,254,10797,10918
Logistic Regression,0.42,0.9889163689658331,0.976925165143426,0.982884195193008,0.9663745304954391,10,121,255,10796,10917
Logistic Regression,0.421,0.9889153536093808,0.9768346755949687,0.9828378932034415,0.9662851010552674,10,121,256,10795,10916
Logistic Regression,0.422,0.9889143380668804,0.9767441860465116,0.982791586998088,0.9661956716150957,10,121,257,10794,10915
Logistic Regression,0.423,0.9889133223382811,0.9766536964980544,0.9827452765763715,0.966106242174924,10,121,258,10793,10914
Logistic Regression,0.424,0.9889133223382811,0.9766536964980544,0.9827452765763715,0.966106242174924,10,121,258,10793,10914
Logistic Regression,0.425,0.9889133223382811,0.9766536964980544,0.9827452765763715,0.966106242174924,10,121,258,10793,10914
Logistic Regression,0.426,0.9889133223382811,0.9766536964980544,0.9827452765763715,0.966106242174924,10,121,258,10793,10914
Logistic Regression,0.427,0.9889123064235316,0.9765632069495973,0.9826989619377162,0.9660168127347523,10,121,259,10792,10913
Logistic Regression,0.428,0.9889112903225806,0.9764727174011402,0.9826526430815462,0.9659273832945806,10,121,260,10791,10912
Logistic Regression,0.429,0.9889112903225806,0.9764727174011402,0.9826526430815462,0.9659273832945806,10,121,260,10791,10912
Logistic Regression,0.43,0.9889102740353771,0.976382227852683,0.9826063200072853,0.9658379538544088,10,121,261,10790,10911
Logistic Regression,0.431,0.9889102740353771,0.976382227852683,0.9826063200072853,0.9658379538544088,10,121,261,10790,10911
Logistic Regression,0.432,0.9889102740353771,0.976382227852683,0.9826063200072853,0.9658379538544088,10,121,261,10790,10911
Logistic Regression,0.433,0.9889092575618699,0.9762917383042259,0.9825599927143572,0.9657485244142372,10,121,262,10789,10910
Logistic Regression,0.434,0.9889082409020075,0.9762012487557687,0.9825136612021858,0.9656590949740654,10,121,263,10788,10909
Logistic Regression,0.435,0.9889072240557389,0.9761107592073116,0.9824673254701944,0.9655696655338938,10,121,264,10787,10908
Logistic Regression,0.436,0.9889072240557389,0.9761107592073116,0.9824673254701944,0.9655696655338938,10,121,264,10787,10908
Logistic Regression,0.437,0.9889062070230128,0.9760202696588544,0.9824209855178068,0.965480236093722,10,121,265,10786,10907
Logistic Regression,0.438,0.9889062070230128,0.9760202696588544,0.9824209855178068,0.965480236093722,10,121,265,10786,10907
Logistic Regression,0.439,0.9889051898037777,0.9759297801103972,0.982374641344446,0.9653908066535504,10,121,266,10785,10906
Logistic Regression,0.44,0.9889051898037777,0.9759297801103972,0.982374641344446,0.9653908066535504,10,121,266,10785,10906
Logistic Regression,0.441,0.9889041723979826,0.9758392905619401,0.9823282929495354,0.9653013772133786,10,121,267,10784,10905
Logistic Regression,0.442,0.9889031548055759,0.9757488010134829,0.9822819403324983,0.965211947773207,10,121,268,10783,10904
Logistic Regression,0.443,0.9888571691684317,0.9716767713329111,0.9801916932907349,0.9611876229654802,10,121,313,10738,10859
Logistic Regression,0.444,0.9889126991521476,0.9604560673242241,0.9744766801322071,0.9502772312645322,12,119,437,10614,10733
Logistic Regression,0.445,0.9888,0.9506831960908515,0.9693670418896475,0.9406188517259882,12,119,545,10506,10625
Logistic Regression,0.446,0.988809862494073,0.9435345217627364,0.9656417855158362,0.9336433553925952,13,118,624,10427,10545
Logistic Regression,0.447,0.9888846301264852,0.933852140077821,0.9605808163075348,0.9242532641745662,15,116,731,10320,10436
Logistic Regression,0.448,0.9889295340777821,0.9295991313003348,0.9583469378235925,0.9201395099266678,16,115,778,10273,10388
Logistic Regression,0.449,0.9889255877210025,0.9211836032938195,0.9538533614429608,0.911912001430871,17,114,871,10180,10294
Logistic Regression,0.45,0.9889497359671425,0.9151208035471903,0.950603938525168,0.9060096583795385,18,113,938,10113,10226
Logistic Regression,0.451,0.9890196854288258,0.9047145054746177,0.9449905482041588,0.8959041316401359,20,111,1053,9998,10109
Logistic Regression,0.452,0.9890307140007978,0.8974753415980454,0.9410313582238247,0.8888392058665713,21,110,1133,9918,10028
Logistic Regression,0.453,0.9891468194151342,0.8906886254637589,0.9373393010189506,0.8823108567340369,23,108,1208,9843,9951
Logistic Regression,0.454,0.9892147968954742,0.8880644285585015,0.9359145527369827,0.8798068324092291,24,107,1237,9814,9921
Logistic Regression,0.455,0.9891083061889251,0.8792869423581576,0.9309700598802395,0.8711321767125738,24,107,1334,9717,9824
Logistic Regression,0.456,0.9893212855529315,0.871866799384671,0.9268879268879269,0.8640672509390092,27,104,1416,9635,9739
Logistic Regression,0.457,0.9892417502844729,0.8653515518957561,0.9231586060430543,0.8576283312466464,27,104,1488,9563,9667
Logistic Regression,0.458,0.9893727859970827,0.8592887521491268,0.9197539832437406,0.8518154176354856,29,102,1555,9496,9598
Logistic Regression,0.459,0.9893294277644105,0.8557596597592978,0.9177098495875788,0.8483276694687891,29,102,1594,9457,9559
Logistic Regression,0.46,0.9895382014160414,0.8473441317527826,0.9129375060933996,0.8402790198533358,32,99,1687,9364,9463
Logistic Regression,0.461,0.9895744680851064,0.8417337797484391,0.9096865678939905,0.8348238240028617,33,98,1749,9302,9400
Logistic Regression,0.462,0.9894973743435859,0.8354900009048954,0.9059954862133255,0.8286531926310141,33,98,1818,9233,9331
Logistic Regression,0.463,0.9896160086533261,0.8278888788344946,0.9015569570358691,0.8213199785369344,35,96,1902,9149,9245
Logistic Regression,0.464,0.9895379250217959,0.821645099990951,0.8978098581104464,0.8151493471650868,35,96,1971,9080,9176
Logistic Regression,0.465,0.9894319682959049,0.8133200615328929,0.8927737770052148,0.8069218386692899,35,96,2063,8988,9084
Logistic Regression,0.466,0.9894456171536496,0.8058999185594063,0.8882904448434071,0.7996780540153818,36,95,2145,8906,9001
Logistic Regression,0.467,0.9894476874719353,0.7975748801013482,0.8832105816924696,0.7915399749597567,37,94,2237,8814,8908
Logistic Regression,0.468,0.9893048128342246,0.786806623834947,0.8765120967741935,0.7808978715793239,37,94,2356,8695,8789
Logistic Regression,0.469,0.9892534583285698,0.7830060627997466,0.8741286998686736,0.7771418350921123,37,94,2398,8653,8747
Logistic Regression,0.47,0.9891480027707227,0.7753144511808886,0.8692740830923756,0.7695403326775174,37,94,2483,8568,8662
Logistic Regression,0.471,0.9891355140186916,0.7661750067867161,0.8634949773086533,0.760597388660347,38,93,2584,8467,8560
Logistic Regression,0.472,0.9892587346553352,0.758392905619401,0.8585770629513907,0.7530853156859239,40,91,2670,8381,8472
Logistic Regression,0.473,0.9892729439809297,0.7510632521943715,0.853865541895993,0.7459309604721874,41,90,2751,8300,8390
Logistic Regression,0.474,0.9892254279899437,0.7477151389014569,0.8516800659657803,0.7426220711858343,41,90,2788,8263,8353
Logistic Regression,0.475,0.9892316999395039,0.7398425481856845,0.8465520811762269,0.7349311393310678,42,89,2875,8176,8265
Logistic Regression,0.476,0.9891819618329889,0.7364039453443127,0.8442784521215894,0.731532820604543,42,89,2913,8138,8227
Logistic Regression,0.477,0.9892578125,0.7333273006967695,0.8422803097230162,0.7285816490788768,43,88,2947,8104,8192
Logistic Regression,0.478,0.9891798844214927,0.7279884173377975,0.83871976647206,0.7233053121087462,43,88,3006,8045,8133
Logistic Regression,0.479,0.9895035811311435,0.7250927517871686,0.8369105436315212,0.7207118583437667,46,85,3038,8013,8098
Logistic Regression,0.48,0.9894488579940417,0.7212921907519682,0.8343539017114147,0.7169558218565552,46,85,3080,7971,8056
Logistic Regression,0.481,0.9895327102803738,0.7185775042982535,0.8325644789263996,0.7143623680915757,47,84,3110,7941,8025
Logistic Regression,0.482,0.9894459102902374,0.7126051941000815,0.8285113098369279,0.7084600250402433,47,84,3176,7875,7959
Logistic Regression,0.483,0.9894563008130082,0.7048230929327662,0.8232309887438567,0.7008585226256484,48,83,3262,7789,7872
Logistic Regression,0.484,0.9894065092533504,0.7014749796398516,0.8209255533199196,0.6975496333392953,48,83,3299,7752,7835
Logistic Regression,0.485,0.9893288763178195,0.6963170753777939,0.8173562058526741,0.6924521552495081,48,83,3356,7695,7778
Logistic Regression,0.486,0.9894709476147147,0.6888064428558501,0.812206572769953,0.6852083705956,50,81,3439,7612,7693
Logistic Regression,0.487,0.9895984200131666,0.6801194462039635,0.8061782687975974,0.6768020032194598,52,79,3535,7516,7595
Logistic Regression,0.488,0.9894918861399309,0.6731517509727627,0.801227852873068,0.6699159363262386,52,79,3612,7439,7518
Logistic Regression,0.489,0.9895791583166332,0.6702560854221338,0.7992015537332758,0.6671436236809157,53,78,3644,7407,7485
Logistic Regression,0.49,0.9894494792371162,0.6619310469640757,0.7932118846237258,0.658916115185119,53,78,3736,7315,7393
Logistic Regression,0.491,0.9892768765466043,0.6511627906976745,0.7853751705320601,0.6482740118046861,53,78,3855,7196,7274
Logistic Regression,0.492,0.9892653004321762,0.6421138358519591,0.7787532923617209,0.6394204972276873,54,77,3955,7096,7173
Logistic Regression,0.493,0.9891914654688377,0.6376798479775586,0.7754607977991747,0.6350384546592739,54,77,4004,7047,7124
Logistic Regression,0.494,0.9890360244909583,0.6285404035833861,0.7686179041717384,0.6260060812019317,54,77,4105,6946,7023
Logistic Regression,0.495,0.989094081721681,0.6155099086055561,0.7588130298973672,0.6133071006975497,56,75,4249,6802,6877
Logistic Regression,0.496,0.9889831770135478,0.6011220704008687,0.7477487618190004,0.5991772491504204,57,74,4408,6643,6717
Logistic Regression,0.497,0.9886575512740833,0.5757849968328658,0.7277406073082862,0.5742264353425147,58,73,4688,6363,6436
Logistic Regression,0.498,0.9885955319481331,0.5726178626368654,0.725189090075636,0.571096404936505,58,73,4723,6328,6401
Logistic Regression,0.499,0.9886003799873337,0.5650167405664646,0.7190648931882305,0.5636737614022537,59,72,4807,6244,6316
Logistic Regression,0.5,0.9884855269470654,0.559315899013664,0.7144012944983819,0.5580397066714362,59,72,4870,6181,6253
Logistic Regression,0.501,0.9885261797026503,0.5535245679124061,0.7096699344509543,0.5524056519406189,60,71,4934,6117,6188
Logistic Regression,0.502,0.9885358663609565,0.5461949144873767,0.7036195139010316,0.5452512967268824,61,70,5015,6036,6106
Logistic Regression,0.503,0.9887807292525986,0.5423038639037191,0.7004441327723235,0.5415846896798426,63,68,5058,5993,6061
Logistic Regression,0.504,0.9889521258788082,0.5346122522848611,0.6940381791483113,0.5341620461455912,65,66,5143,5908,5974
Logistic Regression,0.505,0.9890091308758877,0.529273368925889,0.6895372826407309,0.5289751386156323,66,65,5202,5849,5914
Logistic Regression,0.506,0.9890354634229913,0.5223961632431454,0.6836807200378967,0.5222679306027544,67,64,5278,5773,5837
Logistic Regression,0.507,0.9889254196227721,0.5171477694326305,0.679144385026738,0.5170810230727956,67,64,5336,5715,5779
Logistic Regression,0.508,0.9890662964248524,0.5156999366573161,0.6779277939689526,0.51573958147022,68,63,5352,5699,5762
Logistic Regression,0.509,0.9893207282913166,0.5113564383313727,0.6742229911113763,0.5116258272223216,70,61,5400,5651,5712
Logistic Regression,0.51,0.9892302259887006,0.5070129400054294,0.6704157941968292,0.5073332140940797,70,61,5448,5603,5664
Logistic Regression,0.511,0.9893067189449296,0.5023074834856575,0.6663065658384347,0.5027723126453228,71,60,5500,5551,5611
Logistic Regression,0.512,0.9894132424188049,0.4989593701927427,0.6633782483156881,0.49955285279914147,72,59,5537,5514,5573
Logistic Regression,0.513,0.9893636199747611,0.49660664193285675,0.6612844921074829,0.49722768735467715,72,59,5563,5488,5547
Logistic Regression,0.514,0.9892551447823712,0.4915392272192562,0.6567525087655665,0.4922196387050617,72,59,5619,5432,5491
Logistic Regression,0.515,0.9893343140860611,0.4868337706994842,0.6525562496209594,0.48765873725630476,73,58,5671,5380,5438
Logistic Regression,0.516,0.9894307435564621,0.4828522305673695,0.6489905132571151,0.4838132713289215,74,57,5715,5336,5393
Logistic Regression,0.517,0.9893038093450929,0.4770608994661117,0.6437118437118438,0.4780897871579324,74,57,5779,5272,5329
Logistic Regression,0.518,0.9892290249433107,0.473712786173197,0.6406412531358991,0.47478089787157934,74,57,5816,5235,5292
Logistic Regression,0.519,0.9890909090909091,0.46764998642656774,0.6350454657163922,0.4687891253800751,74,57,5883,5168,5225
Logistic Regression,0.52,0.9890067502410801,0.4640304044882816,0.6316826804631682,0.46521194777320696,74,57,5923,5128,5185
Logistic Regression,0.521,0.9890753023800234,0.4587820106777667,0.6268158496631019,0.4601144696834198,75,56,5981,5070,5126
Logistic Regression,0.522,0.9891132224861441,0.45217627364039453,0.6206296963298764,0.4536755499910571,76,55,6054,4997,5052
Logistic Regression,0.523,0.9892494525184153,0.4496425662835942,0.6182655219609307,0.45126095510642106,77,54,6082,4969,5023
Logistic Regression,0.524,0.9897528631705846,0.44575151569993665,0.6146743199401048,0.44768377749955285,80,51,6125,4926,4977
Logistic Regression,0.525,0.989646772228989,0.44113654872862185,0.6102522375915378,0.4431228760507959,80,51,6176,4875,4926
Logistic Regression,0.526,0.9897267310458188,0.43588815491810695,0.6052267872848348,0.43802539796100876,81,50,6234,4817,4867
Logistic Regression,0.527,0.9896308585649108,0.43181612523753504,0.6012726012726013,0.43400107315328207,81,50,6279,4772,4822
Logistic Regression,0.528,0.9895746455379483,0.42946339697764907,0.5989777244904398,0.43167590770881775,81,50,6305,4746,4796
Logistic Regression,0.529,0.9894581488509382,0.42466745090942,0.5942763074585286,0.4269361473797174,81,50,6358,4693,4743
Logistic Regression,0.53,0.9895187165775401,0.4186046511627907,0.588325066768409,0.4210338043283849,82,49,6425,4626,4675
Logistic Regression,0.531,0.9894259818731118,0.4148945796760474,0.5846350015938795,0.417367197281345,82,49,6466,4585,4634
Logistic Regression,0.532,0.9893916432128166,0.4135372364491901,0.5832801531589024,0.4160257556787694,82,49,6481,4570,4619
Logistic Regression,0.533,0.9892849333041767,0.40937471722016106,0.5791090629800307,0.41191200143087103,82,49,6527,4524,4573
Logistic Regression,0.534,0.9891544931385569,0.40439779205501764,0.5740895369002506,0.4069933822214273,82,49,6582,4469,4518
Logistic Regression,0.535,0.9892713455520786,0.40050674147136006,0.5701771336553946,0.4032373457342157,83,48,6625,4426,4474
Logistic Regression,0.536,0.9891525423728813,0.39607275359695954,0.565650038769708,0.3988553031658022,83,48,6674,4377,4425
Logistic Regression,0.537,0.9889477319825005,0.388652610623473,0.5580096141353774,0.3915220890717224,83,48,6756,4295,4343
Logistic Regression,0.538,0.989100185528757,0.3859379241697584,0.5552300982880948,0.388928635306743,84,47,6786,4265,4312
Logistic Regression,0.539,0.9890007020828457,0.3824088317799294,0.5515531192900026,0.3854408871400465,84,47,6825,4226,4273
Logistic Regression,0.54,0.9889124793583393,0.3793321871323862,0.5483322432962721,0.38240028617420857,84,47,6859,4192,4239
Logistic Regression,0.541,0.9887854927225006,0.37498868880644287,0.543760661330534,0.3781076730459667,84,47,6907,4144,4191
Logistic Regression,0.542,0.9891172914147521,0.3701022531897566,0.5386540234426446,0.3734573421570381,86,45,6961,4090,4135
Logistic Regression,0.543,0.989310009718173,0.36847344131752785,0.5369552317531483,0.3719370416741191,87,44,6979,4072,4116
Logistic Regression,0.544,0.9892051030421982,0.3648538593792417,0.5330865340120314,0.36835986406725096,87,44,7019,4032,4076
Logistic Regression,0.545,0.9892821535393819,0.35915301782644105,0.5269866560446126,0.36281523877660526,88,43,7082,3969,4012
Logistic Regression,0.546,0.9891551071878941,0.35490000904895486,0.5223761321257325,0.35861205508853516,88,43,7129,3922,3965
Logistic Regression,0.547,0.9890473764645951,0.3513709166591259,0.5185284102290179,0.35512430692183866,88,43,7168,3883,3926
Logistic Regression,0.548,0.9892252437147255,0.34892769885078273,0.5158873503244364,0.35279914147737435,89,42,7195,3856,3898
Logistic Regression,0.549,0.989085239085239,0.34440322142792507,0.5109067722665951,0.3483276694687891,89,42,7245,3806,3848
Logistic Regression,0.55,0.9889560872995004,0.34033119174735316,0.5063955836811633,0.34430334466106244,89,42,7290,3761,3803
Logistic Regression,0.551,0.9888446215139443,0.33689258890598134,0.5025647948164147,0.34090502593453764,89,42,7328,3723,3765
Logistic Regression,0.552,0.98893984353925,0.33173468464392364,0.4968152866242038,0.3358969772849222,90,41,7385,3666,3707
Logistic Regression,0.553,0.9888405008165487,0.3287485295448376,0.493446519524618,0.3329458057592559,90,41,7418,3633,3674
Logistic Regression,0.554,0.9886677722498618,0.323681114831237,0.4876951394096394,0.3279377571096405,90,41,7474,3577,3618
Logistic Regression,0.555,0.9885538805136795,0.3204234910867795,0.48397457800861066,0.32471829726345913,90,41,7510,3541,3582
Logistic Regression,0.556,0.9889923793395428,0.3170753777938648,0.48019734137316705,0.32158826685744946,92,39,7547,3504,3543
Logistic Regression,0.557,0.988860325621251,0.31327481675866437,0.4758108851017042,0.3178322303702379,92,39,7589,3462,3501
Logistic Regression,0.558,0.9887218045112782,0.3093837661750068,0.47129367978496106,0.31398676444285456,92,39,7632,3419,3458
Logistic Regression,0.559,0.988646288209607,0.30730250656049224,0.46886649178517187,0.31192988731890536,92,39,7655,3396,3435
Logistic Regression,0.56,0.9884853852967228,0.3029590082345489,0.4637761462806483,0.30763727419066356,92,39,7703,3348,3387
Logistic Regression,0.561,0.9882600842865743,0.297077187584834,0.45682877617755513,0.3018243605795028,92,39,7768,3283,3322
Logistic Regression,0.562,0.9881278538812786,0.2937290742919193,0.45284598214285715,0.2985154712931497,92,39,7805,3246,3285
Logistic Regression,0.563,0.9879815100154083,0.29010949235363315,0.4485170677112479,0.29493829368628155,92,39,7845,3206,3245
Logistic Regression,0.564,0.9882389353141442,0.28893312822369016,0.4471362554264109,0.29386514040422107,93,38,7858,3193,3231
Logistic Regression,0.565,0.9880163986124251,0.283503755316261,0.4405850091407678,0.2884993739939188,93,38,7918,3133,3171
Logistic Regression,0.566,0.987871050111714,0.28006515247488917,0.4364072194021433,0.28510105526739404,93,38,7956,3095,3133
Logistic Regression,0.567,0.9877577319587629,0.2774409555696317,0.4332038149063935,0.2825076015024146,93,38,7985,3066,3104
Logistic Regression,0.568,0.9881695695037792,0.2721020722106597,0.4267063998864765,0.27741012341262744,95,36,8044,3007,3043
Logistic Regression,0.569,0.9885675857431069,0.2660392724640304,0.4192513368983957,0.2715972098014666,97,34,8111,2940,2974
Logistic Regression,0.57,0.9884940778341793,0.2643199710433445,0.41710695416250176,0.26989805043820425,97,34,8130,2921,2955
Logistic Regression,0.571,0.9886206896551725,0.2594335354266582,0.41100996344348073,0.2651582901091039,98,33,8184,2867,2900
Logistic Regression,0.572,0.9894291754756871,0.25409465206768617,0.40434876520987834,0.26015024145948845,101,30,8243,2808,2838
Logistic Regression,0.573,0.9892627057981389,0.25011311193557145,0.39927771758757674,0.25621534609193347,101,30,8287,2764,2794
Logistic Regression,0.574,0.9890988372093024,0.24631255090037102,0.3944070129681953,0.25245930960472185,101,30,8329,2722,2752
Logistic Regression,0.575,0.9892353377876764,0.24115464663831326,0.3877773735903965,0.24745126095510642,102,29,8386,2665,2694
Logistic Regression,0.576,0.9891345073061072,0.23889240792688443,0.3848396501457726,0.2452155249508138,102,29,8411,2640,2669
Logistic Regression,0.577,0.9889733840304182,0.23536331553705547,0.38023536291206783,0.24172777678411733,102,29,8450,2601,2630
Logistic Regression,0.578,0.9888418622547134,0.23255813953488372,0.37655677655677655,0.23895546413879448,102,29,8481,2570,2599
Logistic Regression,0.579,0.9894283476898982,0.22866708895122614,0.3714810731348769,0.2352888570917546,104,27,8524,2527,2554
Logistic Regression,0.58,0.9892344497607656,0.2245045697221971,0.36595619145954716,0.2311751028438562,104,27,8570,2481,2508
Logistic Regression,0.581,0.9891348088531187,0.22242331010768257,0.36317966903073284,0.229118225719907,104,27,8593,2458,2485
Logistic Regression,0.582,0.9890776699029126,0.22124694597773958,0.36160615248095834,0.22795564299767485,104,27,8606,2445,2472
Logistic Regression,0.583,0.9893834218048183,0.2192561759116822,0.358962962962963,0.22607762475406903,105,26,8628,2423,2449
Logistic Regression,0.584,0.9892561983471074,0.21663197900642475,0.3554301833568406,0.2234841709890896,105,26,8657,2394,2420
Logistic Regression,0.585,0.9903361344537815,0.2132838657135101,0.3509790782518055,0.22044357002325166,108,23,8694,2357,2380
Logistic Regression,0.586,0.9901583226358579,0.2093928151298525,0.34568270092620257,0.21659810409586835,108,23,8737,2314,2337
Logistic Regression,0.587,0.9900043459365493,0.206135191385395,0.34122228879568606,0.213378644249687,108,23,8773,2278,2301
Logistic Regression,0.588,0.9899211218229623,0.20441588996470908,0.33885847146178655,0.2116794848864246,108,23,8792,2259,2282
Logistic Regression,0.589,0.989718372820742,0.20034386028413717,0.33323299217338953,0.20765516007869791,108,23,8837,2214,2237
Logistic Regression,0.59,0.9894881170018281,0.19590987240973667,0.32706397764181583,0.20327311751028437,108,23,8886,2165,2188
Logistic Regression,0.591,0.9896858884200657,0.1910234367930504,0.32023665048543687,0.19853335718118403,109,22,8940,2111,2133
Logistic Regression,0.592,0.989423076923077,0.18622749072482128,0.31345670550605437,0.1937935968520837,109,22,8993,2058,2080
Logistic Regression,0.593,0.9892525647288715,0.18324133562573522,0.3092075125973431,0.19084242532641746,109,22,9026,2025,2047
Logistic Regression,0.594,0.9894631209232313,0.1784453895575061,0.30236123888377797,0.18619209443748883,110,21,9079,1972,1993
Logistic Regression,0.595,0.9893724696356275,0.1769070672337345,0.3001458509250019,0.18467179395456984,110,21,9096,1955,1976
Logistic Regression,0.596,0.9891304347826086,0.17292552710161976,0.2943849649541708,0.18073689858701483,110,21,9140,1911,1932
Logistic Regression,0.597,0.9890052356020942,0.17093475703556238,0.2914898541779184,0.17876945090323734,110,21,9162,1889,1910
Logistic Regression,0.598,0.9892818863879957,0.1670437064519048,0.2858248819385306,0.17501341441602575,111,20,9205,1846,1866
Logistic Regression,0.599,0.9890710382513661,0.1637860827074473,0.2810340812048754,0.1717939545698444,111,20,9241,1810,1830
Logistic Regression,0.6,0.9894268224819143,0.1608904171568184,0.27677459526774595,0.16902164192452154,112,19,9273,1778,1797
Logistic Regression,0.601,0.9891799544419134,0.1571803456700751,0.2712579058327477,0.16535503487748165,112,19,9314,1737,1756
Logistic Regression,0.602,0.9899645808736718,0.1517509727626459,0.263162024323264,0.1601681273475228,114,17,9374,1677,1694
Logistic Regression,0.603,0.9904019196160768,0.14939824450275993,0.2596320176128322,0.1579323913432302,115,16,9400,1651,1667
Logistic Regression,0.604,0.9913473423980222,0.14514523572527374,0.2532165127476517,0.15390806653550348,117,14,9447,1604,1618
Logistic Regression,0.605,0.9911223842739378,0.14143516423853045,0.24754513778904022,0.1502414594884636,117,14,9488,1563,1577
Logistic Regression,0.606,0.9908735332464146,0.13754411365487287,0.24155740961462058,0.1463959935610803,117,14,9531,1520,1534
Logistic Regression,0.607,0.9912926992632284,0.13392453171658675,0.23596938775510204,0.14290824539438382,118,13,9571,1480,1493
Logistic Regression,0.608,0.9917864476386037,0.131119355714415,0.23161764705882354,0.1402253621892327,119,12,9602,1449,1461
Logistic Regression,0.609,0.9915848527349228,0.12795222151841462,0.226657048970105,0.13709533178322303,119,12,9637,1414,1426
Logistic Regression,0.61,0.9920634920634921,0.12442312912858565,0.22111441665996623,0.13369701305669826,120,11,9676,1375,1386
Logistic Regression,0.611,0.9920058139534884,0.12351823364401411,0.2196829484187656,0.13280271865498122,120,11,9686,1365,1376
Logistic Regression,0.612,0.9925925925925926,0.12125599493258529,0.21611160390291106,0.13065641209086032,121,10,9711,1340,1350
Logistic Regression,0.613,0.9923664122137404,0.11763641299429915,0.21033896933905025,0.12707923448399214,121,10,9751,1300,1310
Logistic Regression,0.614,0.9920948616600791,0.11356438331372727,0.20379993504384541,0.12305490967626542,121,10,9796,1255,1265
Logistic Regression,0.615,0.9926829268292683,0.11048773866618405,0.19884374236625682,0.12010373815059917,122,9,9830,1221,1230
Logistic Regression,0.616,0.9925496688741722,0.10849696860012668,0.1956113875520026,0.11813629046682168,122,9,9852,1199,1208
Logistic Regression,0.617,0.9923793395427604,0.10605375079178354,0.19162851536952255,0.11572169558218566,122,9,9879,1172,1181
Logistic Regression,0.618,0.9922547332185886,0.10433444937109763,0.18881519692131335,0.11402253621892328,122,9,9898,1153,1162
Logistic Regression,0.619,0.9921807124239791,0.10333906433806896,0.18718242910998198,0.11303881237703452,122,9,9909,1142,1151
Logistic Regression,0.62,0.9921121822962313,0.10243416885349742,0.18569553805774278,0.11214451797531748,122,9,9919,1132,1141
Logistic Regression,0.621,0.9918478260869565,0.09908605556058275,0.18017276840806254,0.1088356286889644,122,9,9956,1095,1104
Logistic Regression,0.622,0.9916589434661723,0.09682381684915392,0.17642209398186315,0.1065998926846718,122,9,9981,1070,1079
Logistic Regression,0.623,0.9915174363807728,0.09519500497692517,0.1737120211360634,0.10499016276158112,122,9,9999,1052,1061
Logistic Regression,0.624,0.9912023460410557,0.09175640213555335,0.16796422063939043,0.10159184403505635,122,9,10037,1014,1023
Logistic Regression,0.625,0.9909182643794148,0.08886073658492444,0.16309583125726623,0.09873010194956179,122,9,10069,982,991
Logistic Regression,0.626,0.9906928645294726,0.08668898742195276,0.15942752537859878,0.09658379538544089,122,9,10093,958,967
Logistic Regression,0.627,0.9904357066950054,0.08433625916206679,0.15543695797198132,0.09425862994097657,122,9,10119,932,941
Logistic Regression,0.628,0.990185387131952,0.08216450999909511,0.1517379679144385,0.09211232337685567,122,9,10143,908,917
Logistic Regression,0.629,0.9920091324200914,0.07863541760926614,0.1457197954221514,0.08880343409050259,124,7,10182,869,876
Logistic Regression,0.63,0.9917550058892816,0.076192199800923,0.14151260504201682,0.08638883920586657,124,7,10209,842,849
Logistic Regression,0.631,0.9925650557620818,0.07248212831417972,0.13509866756620004,0.08281166159899839,125,6,10250,801,807
Logistic Regression,0.632,0.9924050632911392,0.0709438059904081,0.13242124820538806,0.08129136111607942,125,6,10267,784,790
Logistic Regression,0.633,0.9934123847167325,0.06822911953669351,0.127688399661304,0.07869790735109998,126,5,10297,754,759
Logistic Regression,0.634,0.9931600547195623,0.06569541217989322,0.123238838906807,0.07619388302629225,126,5,10325,726,731
Logistic Regression,0.635,0.9942528735632183,0.06261876753235002,0.11781731505916404,0.073242711500626,127,4,10359,692,696
Logistic Regression,0.636,0.9954407294832827,0.059270654239435346,0.11187975061918183,0.07002325165444465,128,3,10396,655,658
Logistic Regression,0.637,0.9952830188679245,0.057279884173377975,0.1083254898605288,0.06805580397066714,128,3,10418,633,636
Logistic Regression,0.638,0.9950331125827815,0.05438421862274907,0.10313170313170313,0.0651940618851726,128,3,10450,601,604
Logistic Regression,0.639,0.9948096885813149,0.052031490362863086,0.09889070427379826,0.06286889644070828,128,3,10476,575,578
Logistic Regression,0.64,0.9944649446494465,0.048773866618405576,0.09298714741654447,0.05964943659452692,128,3,10512,539,542
Logistic Regression,0.641,0.9942418426103646,0.04687358610080536,0.08952644313861044,0.057771418350921123,128,3,10533,518,521
Logistic Regression,0.642,0.9939393939393939,0.04452085784091937,0.08522432011086091,0.05544625290645681,128,3,10559,492,495
Logistic Regression,0.643,0.9936170212765958,0.04225861912949054,0.08106935161878309,0.05321051690216419,128,3,10584,467,470
Logistic Regression,0.644,0.993421052631579,0.0409917654510904,0.07873468323629096,0.05195850473976033,128,3,10598,453,456
Logistic Regression,0.645,0.9931350114416476,0.03927246403040449,0.07555710306406685,0.05025934537649794,128,3,10617,434,437
Logistic Regression,0.646,0.9928400954653938,0.03764365215817573,0.07253705318221447,0.04864961545340726,128,3,10635,416,419
Logistic Regression,0.647,0.9925,0.03592435073748982,0.06933892236485896,0.04695045609014487,128,3,10654,397,400
Logistic Regression,0.648,0.9921259842519685,0.03420504931680391,0.06613016095171449,0.04525129672688249,128,3,10673,378,381
Logistic Regression,0.649,0.9915730337078652,0.03194281060537508,0.06189182081178224,0.04301556072258988,128,3,10698,353,356
Logistic Regression,0.65,0.990990990990991,0.029861550990860554,0.05797610681658468,0.040958683598640674,128,3,10721,330,333
Logistic Regression,0.651,0.9903536977491961,0.027870780924803187,0.05421580707621897,0.03899123591486317,128,3,10743,308,311
Logistic Regression,0.652,0.9900990099009901,0.02714686453714596,0.05284481240091598,0.03827580039348954,128,3,10751,300,303
Logistic Regression,0.653,0.9889705882352942,0.02434168853497421,0.04751390974123466,0.035503487748166696,128,3,10782,269,272
Logistic Regression,0.654,0.9871794871794872,0.02090308569360239,0.0409392999556934,0.03210516902164193,128,3,10820,231,234
Logistic Regression,0.655,0.9857142857142858,0.01873133653063071,0.036764052926027885,0.029958862457521017,128,3,10844,207,210
Logistic Regression,0.656,0.9847715736040609,0.01755497240068772,0.0344950213371266,0.02879627973528886,128,3,10857,194,197
Logistic Regression,0.657,0.9819277108433735,0.014749796398515971,0.029063029330480522,0.026023967089966016,128,3,10888,163,166
Logistic Regression,0.658,0.9791666666666666,0.0127590263324586,0.025189816882536846,0.02405651940618852,128,3,10910,141,144
Logistic Regression,0.659,0.9769230769230769,0.011492172654058457,0.0227171093819873,0.022804507243784654,128,3,10924,127,130
Logistic Regression,0.66,0.9736842105263158,0.010044339878744006,0.01988356471115092,0.021373636201037383,128,3,10940,111,114
Logistic Regression,0.661,0.9797979797979798,0.00877748620034386,0.017399103139013453,0.020211053478805224,129,2,10954,97,99
Logistic Regression,0.662,0.9772727272727273,0.007782101167315175,0.015441242481371758,0.019227329636916472,129,2,10965,86,88
Logistic Regression,0.663,0.9761904761904762,0.007420142973486562,0.014728334081724293,0.018869611876229656,129,2,10969,82,84
Logistic Regression,0.664,0.9859154929577465,0.006334268392000724,0.012587664089192591,0.017885888034340904,130,1,10981,70,71
Logistic Regression,0.665,0.9848484848484849,0.005881820649714958,0.011693802284789062,0.01743874083348238,130,1,10986,65,66
Logistic Regression,0.666,0.9836065573770492,0.005429372907429192,0.01079913606911447,0.01699159363262386,130,1,10991,60,61
Logistic Regression,0.667,0.9824561403508771,0.005067414713600579,0.010082823190493338,0.016633875871937043,130,1,10995,56,57
Logistic Regression,0.668,0.9807692307692307,0.004614966971314813,0.009186706295595785,0.01618672867107852,130,1,11000,51,52
Logistic Regression,0.669,0.98,0.004433987874400506,0.00882803351049455,0.01600786979073511,130,1,11002,49,50
Logistic Regression,0.67,0.9787234042553191,0.004162519229029047,0.008289781942692377,0.015739581470219997,130,1,11005,46,47
Logistic Regression,0.671,0.9787234042553191,0.004162519229029047,0.008289781942692377,0.015739581470219997,130,1,11005,46,47
Logistic Regression,0.672,0.9787234042553191,0.004162519229029047,0.008289781942692377,0.015739581470219997,130,1,11005,46,47
Logistic Regression,0.673,0.9787234042553191,0.004162519229029047,0.008289781942692377,0.015739581470219997,130,1,11005,46,47
Logistic Regression,0.674,0.9787234042553191,0.004162519229029047,0.008289781942692377,0.015739581470219997,130,1,11005,46,47
Logistic Regression,0.675,0.9787234042553191,0.004162519229029047,0.008289781942692377,0.015739581470219997,130,1,11005,46,47
Logistic Regression,0.676,0.9787234042553191,0.004162519229029047,0.008289781942692377,0.015739581470219997,130,1,11005,46,47
Logistic Regression,0.677,0.9787234042553191,0.004162519229029047,0.008289781942692377,0.015739581470219997,130,1,11005,46,47
Logistic Regression,0.678,0.9787234042553191,0.004162519229029047,0.008289781942692377,0.015739581470219997,130,1,11005,46,47
Logistic Regression,0.679,0.9787234042553191,0.004162519229029047,0.008289781942692377,0.015739581470219997,130,1,11005,46,47
Logistic Regression,0.68,0.9787234042553191,0.004162519229029047,0.008289781942692377,0.015739581470219997,130,1,11005,46,47
Logistic Regression,0.681,0.9787234042553191,0.004162519229029047,0.008289781942692377,0.015739581470219997,130,1,11005,46,47
Logistic Regression,0.682,0.9787234042553191,0.004162519229029047,0.008289781942692377,0.015739581470219997,130,1,11005,46,47
Logistic Regression,0.683,0.9787234042553191,0.004162519229029047,0.008289781942692377,0.015739581470219997,130,1,11005,46,47
Logistic Regression,0.684,0.9787234042553191,0.004162519229029047,0.008289781942692377,0.015739581470219997,130,1,11005,46,47
Logistic Regression,0.685,0.9787234042553191,0.004162519229029047,0.008289781942692377,0.015739581470219997,130,1,11005,46,47
Logistic Regression,0.686,0.9787234042553191,0.004162519229029047,0.008289781942692377,0.015739581470219997,130,1,11005,46,47
Logistic Regression,0.687,0.9787234042553191,0.004162519229029047,0.008289781942692377,0.015739581470219997,130,1,11005,46,47
Logistic Regression,0.688,0.9787234042553191,0.004162519229029047,0.008289781942692377,0.015739581470219997,130,1,11005,46,47
Logistic Regression,0.689,0.9787234042553191,0.004162519229029047,0.008289781942692377,0.015739581470219997,130,1,11005,46,47
Logistic Regression,0.69,0.9787234042553191,0.004162519229029047,0.008289781942692377,0.015739581470219997,130,1,11005,46,47
Logistic Regression,0.691,0.9787234042553191,0.004162519229029047,0.008289781942692377,0.015739581470219997,130,1,11005,46,47
Logistic Regression,0.692,0.9787234042553191,0.004162519229029047,0.008289781942692377,0.015739581470219997,130,1,11005,46,47
Logistic Regression,0.693,0.9787234042553191,0.004162519229029047,0.008289781942692377,0.015739581470219997,130,1,11005,46,47
Logistic Regression,0.694,0.9787234042553191,0.004162519229029047,0.008289781942692377,0.015739581470219997,130,1,11005,46,47
Logistic Regression,0.695,0.9787234042553191,0.004162519229029047,0.008289781942692377,0.015739581470219997,130,1,11005,46,47
Logistic Regression,0.696,0.9787234042553191,0.004162519229029047,0.008289781942692377,0.015739581470219997,130,1,11005,46,47
Logistic Regression,0.697,0.9787234042553191,0.004162519229029047,0.008289781942692377,0.015739581470219997,130,1,11005,46,47
Logistic Regression,0.698,0.9787234042553191,0.004162519229029047,0.008289781942692377,0.015739581470219997,130,1,11005,46,47
Logistic Regression,0.699,0.9787234042553191,0.004162519229029047,0.008289781942692377,0.015739581470219997,130,1,11005,46,47
Logistic Regression,0.7,0.9787234042553191,0.004162519229029047,0.008289781942692377,0.015739581470219997,130,1,11005,46,47
Logistic Regression,0.701,0.9787234042553191,0.004162519229029047,0.008289781942692377,0.015739581470219997,130,1,11005,46,47
Logistic Regression,0.702,0.9787234042553191,0.004162519229029047,0.008289781942692377,0.015739581470219997,130,1,11005,46,47
Logistic Regression,0.703,0.9787234042553191,0.004162519229029047,0.008289781942692377,0.015739581470219997,130,1,11005,46,47
Logistic Regression,0.704,0.9787234042553191,0.004162519229029047,0.008289781942692377,0.015739581470219997,130,1,11005,46,47
Logistic Regression,0.705,0.9787234042553191,0.004162519229029047,0.008289781942692377,0.015739581470219997,130,1,11005,46,47
Logistic Regression,0.706,0.9787234042553191,0.004162519229029047,0.008289781942692377,0.015739581470219997,130,1,11005,46,47
Logistic Regression,0.707,0.9787234042553191,0.004162519229029047,0.008289781942692377,0.015739581470219997,130,1,11005,46,47
Logistic Regression,0.708,0.9787234042553191,0.004162519229029047,0.008289781942692377,0.015739581470219997,130,1,11005,46,47
Logistic Regression,0.709,0.9787234042553191,0.004162519229029047,0.008289781942692377,0.015739581470219997,130,1,11005,46,47
Logistic Regression,0.71,0.9787234042553191,0.004162519229029047,0.008289781942692377,0.015739581470219997,130,1,11005,46,47
Logistic Regression,0.711,0.9767441860465116,0.003800561035200434,0.0075716603569497025,0.015381863709533178,130,1,11009,42,43
Logistic Regression,0.712,0.9714285714285714,0.0030766446475432086,0.006133862529316254,0.014666428188159542,130,1,11017,34,35
Logistic Regression,0.713,0.9545454545454546,0.001900280517600217,0.003793010024383636,0.013503845465927384,130,1,11030,21,22
Logistic Regression,0.714,1.0,9.04895484571532e-05,0.00018096272167933406,0.011804686102664998,131,0,11050,1,1
Logistic Regression,0.715,0.0,0.0,0.0,0.011715256662493293,131,0,11051,0,0
Logistic Regression,0.716,0.0,0.0,0.0,0.011715256662493293,131,0,11051,0,0
Logistic Regression,0.717,0.0,0.0,0.0,0.011715256662493293,131,0,11051,0,0
Logistic Regression,0.718,0.0,0.0,0.0,0.011715256662493293,131,0,11051,0,0
Logistic Regression,0.719,0.0,0.0,0.0,0.011715256662493293,131,0,11051,0,0
Logistic Regression,0.72,0.0,0.0,0.0,0.011715256662493293,131,0,11051,0,0
Logistic Regression,0.721,0.0,0.0,0.0,0.011715256662493293,131,0,11051,0,0
Logistic Regression,0.722,0.0,0.0,0.0,0.011715256662493293,131,0,11051,0,0
Logistic Regression,0.723,0.0,0.0,0.0,0.011715256662493293,131,0,11051,0,0
Logistic Regression,0.724,0.0,0.0,0.0,0.011715256662493293,131,0,11051,0,0
Logistic Regression,0.725,0.0,0.0,0.0,0.011715256662493293,131,0,11051,0,0
Logistic Regression,0.726,0.0,0.0,0.0,0.011715256662493293,131,0,11051,0,0
Logistic Regression,0.727,0.0,0.0,0.0,0.011715256662493293,131,0,11051,0,0
Logistic Regression,0.728,0.0,0.0,0.0,0.011715256662493293,131,0,11051,0,0
Logistic Regression,0.729,0.0,0.0,0.0,0.011715256662493293,131,0,11051,0,0
Logistic Regression,0.73,0.0,0.0,0.0,0.011715256662493293,131,0,11051,0,0
Logistic Regression,0.731,0.0,0.0,0.0,0.011715256662493293,131,0,11051,0,0
Logistic Regression,0.732,0.0,0.0,0.0,0.011715256662493293,131,0,11051,0,0
Logistic Regression,0.733,0.0,0.0,0.0,0.011715256662493293,131,0,11051,0,0
Logistic Regression,0.734,0.0,0.0,0.0,0.011715256662493293,131,0,11051,0,0
Logistic Regression,0.735,0.0,0.0,0.0,0.011715256662493293,131,0,11051,0,0
Logistic Regression,0.736,0.0,0.0,0.0,0.011715256662493293,131,0,11051,0,0
Logistic Regression,0.737,0.0,0.0,0.0,0.011715256662493293,131,0,11051,0,0
Logistic Regression,0.738,0.0,0.0,0.0,0.011715256662493293,131,0,11051,0,0
Logistic Regression,0.739,0.0,0.0,0.0,0.011715256662493293,131,0,11051,0,0
Logistic Regression,0.74,0.0,0.0,0.0,0.011715256662493293,131,0,11051,0,0
Logistic Regression,0.741,0.0,0.0,0.0,0.011715256662493293,131,0,11051,0,0
Logistic Regression,0.742,0.0,0.0,0.0,0.011715256662493293,131,0,11051,0,0
Logistic Regression,0.743,0.0,0.0,0.0,0.011715256662493293,131,0,11051,0,0
Logistic Regression,0.744,0.0,0.0,0.0,0.011715256662493293,131,0,11051,0,0
Logistic Regression,0.745,0.0,0.0,0.0,0.011715256662493293,131,0,11051,0,0
Logistic Regression,0.746,0.0,0.0,0.0,0.011715256662493293,131,0,11051,0,0
Logistic Regression,0.747,0.0,0.0,0.0,0.011715256662493293,131,0,11051,0,0
Logistic Regression,0.748,0.0,0.0,0.0,0.011715256662493293,131,0,11051,0,0
Logistic Regression,0.749,0.0,0.0,0.0,0.011715256662493293,131,0,11051,0,0
Logistic Regression,0.75,0.0,0.0,0.0,0.011715256662493293,131,0,11051,0,0
Logistic Regression,0.751,0.0,0.0,0.0,0.011715256662493293,131,0,11051,0,0
Logistic Regression,0.752,0.0,0.0,0.0,0.011715256662493293,131,0,11051,0,0
Logistic Regression,0.753,0.0,0.0,0.0,0.011715256662493293,131,0,11051,0,0
Logistic Regression,0.754,0.0,0.0,0.0,0.011715256662493293,131,0,11051,0,0
Logistic Regression,0.755,0.0,0.0,0.0,0.011715256662493293,131,0,11051,0,0
Logistic Regression,0.756,0.0,0.0,0.0,0.011715256662493293,131,0,11051,0,0
Logistic Regression,0.757,0.0,0.0,0.0,0.011715256662493293,131,0,11051,0,0
Logistic Regression,0.758,0.0,0.0,0.0,0.011715256662493293,131,0,11051,0,0
Logistic Regression,0.759,0.0,0.0,0.0,0.011715256662493293,131,0,11051,0,0
Logistic Regression,0.76,0.0,0.0,0.0,0.011715256662493293,131,0,11051,0,0
Logistic Regression,0.761,0.0,0.0,0.0,0.011715256662493293,131,0,11051,0,0
Logistic Regression,0.762,0.0,0.0,0.0,0.011715256662493293,131,0,11051,0,0
Logistic Regression,0.763,0.0,0.0,0.0,0.011715256662493293,131,0,11051,0,0
Logistic Regression,0.764,0.0,0.0,0.0,0.011715256662493293,131,0,11051,0,0
Logistic Regression,0.765,0.0,0.0,0.0,0.011715256662493293,131,0,11051,0,0
Logistic Regression,0.766,0.0,0.0,0.0,0.011715256662493293,131,0,11051,0,0
Logistic Regression,0.767,0.0,0.0,0.0,0.011715256662493293,131,0,11051,0,0
Logistic Regression,0.768,0.0,0.0,0.0,0.011715256662493293,131,0,11051,0,0
Logistic Regression,0.769,0.0,0.0,0.0,0.011715256662493293,131,0,11051,0,0
Logistic Regression,0.77,0.0,0.0,0.0,0.011715256662493293,131,0,11051,0,0
Logistic Regression,0.771,0.0,0.0,0.0,0.011715256662493293,131,0,11051,0,0
Logistic Regression,0.772,0.0,0.0,0.0,0.011715256662493293,131,0,11051,0,0
Logistic Regression,0.773,0.0,0.0,0.0,0.011715256662493293,131,0,11051,0,0
Logistic Regression,0.774,0.0,0.0,0.0,0.011715256662493293,131,0,11051,0,0
Logistic Regression,0.775,0.0,0.0,0.0,0.011715256662493293,131,0,11051,0,0
Logistic Regression,0.776,0.0,0.0,0.0,0.011715256662493293,131,0,11051,0,0
Logistic Regression,0.777,0.0,0.0,0.0,0.011715256662493293,131,0,11051,0,0
Logistic Regression,0.778,0.0,0.0,0.0,0.011715256662493293,131,0,11051,0,0
Logistic Regression,0.779,0.0,0.0,0.0,0.011715256662493293,131,0,11051,0,0
Logistic Regression,0.78,0.0,0.0,0.0,0.011715256662493293,131,0,11051,0,0
Logistic Regression,0.781,0.0,0.0,0.0,0.011715256662493293,131,0,11051,0,0
Logistic Regression,0.782,0.0,0.0,0.0,0.011715256662493293,131,0,11051,0,0
Logistic Regression,0.783,0.0,0.0,0.0,0.011715256662493293,131,0,11051,0,0
Logistic Regression,0.784,0.0,0.0,0.0,0.011715256662493293,131,0,11051,0,0
Logistic Regression,0.785,0.0,0.0,0.0,0.011715256662493293,131,0,11051,0,0
Logistic Regression,0.786,0.0,0.0,0.0,0.011715256662493293,131,0,11051,0,0
Logistic Regression,0.787,0.0,0.0,0.0,0.011715256662493293,131,0,11051,0,0
Logistic Regression,0.788,0.0,0.0,0.0,0.011715256662493293,131,0,11051,0,0
Logistic Regression,0.789,0.0,0.0,0.0,0.011715256662493293,131,0,11051,0,0
Logistic Regression,0.79,0.0,0.0,0.0,0.011715256662493293,131,0,11051,0,0
Logistic Regression,0.791,0.0,0.0,0.0,0.011715256662493293,131,0,11051,0,0
Logistic Regression,0.792,0.0,0.0,0.0,0.011715256662493293,131,0,11051,0,0
Logistic Regression,0.793,0.0,0.0,0.0,0.011715256662493293,131,0,11051,0,0
Logistic Regression,0.794,0.0,0.0,0.0,0.011715256662493293,131,0,11051,0,0
Logistic Regression,0.795,0.0,0.0,0.0,0.011715256662493293,131,0,11051,0,0
Logistic Regression,0.796,0.0,0.0,0.0,0.011715256662493293,131,0,11051,0,0
Logistic Regression,0.797,0.0,0.0,0.0,0.011715256662493293,131,0,11051,0,0
Logistic Regression,0.798,0.0,0.0,0.0,0.011715256662493293,131,0,11051,0,0
Logistic Regression,0.799,0.0,0.0,0.0,0.011715256662493293,131,0,11051,0,0
Logistic Regression,0.8,0.0,0.0,0.0,0.011715256662493293,131,0,11051,0,0
Logistic Regression,0.801,0.0,0.0,0.0,0.011715256662493293,131,0,11051,0,0
Logistic Regression,0.802,0.0,0.0,0.0,0.011715256662493293,131,0,11051,0,0
Logistic Regression,0.803,0.0,0.0,0.0,0.011715256662493293,131,0,11051,0,0
Logistic Regression,0.804,0.0,0.0,0.0,0.011715256662493293,131,0,11051,0,0
Logistic Regression,0.805,0.0,0.0,0.0,0.011715256662493293,131,0,11051,0,0
Logistic Regression,0.806,0.0,0.0,0.0,0.011715256662493293,131,0,11051,0,0
Logistic Regression,0.807,0.0,0.0,0.0,0.011715256662493293,131,0,11051,0,0
Logistic Regression,0.808,0.0,0.0,0.0,0.011715256662493293,131,0,11051,0,0
Logistic Regression,0.809,0.0,0.0,0.0,0.011715256662493293,131,0,11051,0,0
Logistic Regression,0.81,0.0,0.0,0.0,0.011715256662493293,131,0,11051,0,0
Logistic Regression,0.811,0.0,0.0,0.0,0.011715256662493293,131,0,11051,0,0
Logistic Regression,0.812,0.0,0.0,0.0,0.011715256662493293,131,0,11051,0,0
Logistic Regression,0.813,0.0,0.0,0.0,0.011715256662493293,131,0,11051,0,0
Logistic Regression,0.814,0.0,0.0,0.0,0.011715256662493293,131,0,11051,0,0
Logistic Regression,0.815,0.0,0.0,0.0,0.011715256662493293,131,0,11051,0,0
Logistic Regression,0.816,0.0,0.0,0.0,0.011715256662493293,131,0,11051,0,0
Logistic Regression,0.817,0.0,0.0,0.0,0.011715256662493293,131,0,11051,0,0
Logistic Regression,0.818,0.0,0.0,0.0,0.011715256662493293,131,0,11051,0,0
Logistic Regression,0.819,0.0,0.0,0.0,0.011715256662493293,131,0,11051,0,0
Logistic Regression,0.82,0.0,0.0,0.0,0.011715256662493293,131,0,11051,0,0
Logistic Regression,0.821,0.0,0.0,0.0,0.011715256662493293,131,0,11051,0,0
Logistic Regression,0.822,0.0,0.0,0.0,0.011715256662493293,131,0,11051,0,0
Logistic Regression,0.823,0.0,0.0,0.0,0.011715256662493293,131,0,11051,0,0
Logistic Regression,0.824,0.0,0.0,0.0,0.011715256662493293,131,0,11051,0,0
Logistic Regression,0.825,0.0,0.0,0.0,0.011715256662493293,131,0,11051,0,0
Logistic Regression,0.826,0.0,0.0,0.0,0.011715256662493293,131,0,11051,0,0
Logistic Regression,0.827,0.0,0.0,0.0,0.011715256662493293,131,0,11051,0,0
Logistic Regression,0.828,0.0,0.0,0.0,0.011715256662493293,131,0,11051,0,0
Logistic Regression,0.829,0.0,0.0,0.0,0.011715256662493293,131,0,11051,0,0
Logistic Regression,0.83,0.0,0.0,0.0,0.011715256662493293,131,0,11051,0,0
Logistic Regression,0.831,0.0,0.0,0.0,0.011715256662493293,131,0,11051,0,0
Logistic Regression,0.832,0.0,0.0,0.0,0.011715256662493293,131,0,11051,0,0
Logistic Regression,0.833,0.0,0.0,0.0,0.011715256662493293,131,0,11051,0,0
Logistic Regression,0.834,0.0,0.0,0.0,0.011715256662493293,131,0,11051,0,0
Logistic Regression,0.835,0.0,0.0,0.0,0.011715256662493293,131,0,11051,0,0
Logistic Regression,0.836,0.0,0.0,0.0,0.011715256662493293,131,0,11051,0,0
Logistic Regression,0.837,0.0,0.0,0.0,0.011715256662493293,131,0,11051,0,0
Logistic Regression,0.838,0.0,0.0,0.0,0.011715256662493293,131,0,11051,0,0
Logistic Regression,0.839,0.0,0.0,0.0,0.011715256662493293,131,0,11051,0,0
Logistic Regression,0.84,0.0,0.0,0.0,0.011715256662493293,131,0,11051,0,0
Logistic Regression,0.841,0.0,0.0,0.0,0.011715256662493293,131,0,11051,0,0
Logistic Regression,0.842,0.0,0.0,0.0,0.011715256662493293,131,0,11051,0,0
Logistic Regression,0.843,0.0,0.0,0.0,0.011715256662493293,131,0,11051,0,0
Logistic Regression,0.844,0.0,0.0,0.0,0.011715256662493293,131,0,11051,0,0
Logistic Regression,0.845,0.0,0.0,0.0,0.011715256662493293,131,0,11051,0,0
Logistic Regression,0.846,0.0,0.0,0.0,0.011715256662493293,131,0,11051,0,0
Logistic Regression,0.847,0.0,0.0,0.0,0.011715256662493293,131,0,11051,0,0
Logistic Regression,0.848,0.0,0.0,0.0,0.011715256662493293,131,0,11051,0,0
Logistic Regression,0.849,0.0,0.0,0.0,0.011715256662493293,131,0,11051,0,0
Logistic Regression,0.85,0.0,0.0,0.0,0.011715256662493293,131,0,11051,0,0
Logistic Regression,0.851,0.0,0.0,0.0,0.011715256662493293,131,0,11051,0,0
Logistic Regression,0.852,0.0,0.0,0.0,0.011715256662493293,131,0,11051,0,0
Logistic Regression,0.853,0.0,0.0,0.0,0.011715256662493293,131,0,11051,0,0
Logistic Regression,0.854,0.0,0.0,0.0,0.011715256662493293,131,0,11051,0,0
Logistic Regression,0.855,0.0,0.0,0.0,0.011715256662493293,131,0,11051,0,0
Logistic Regression,0.856,0.0,0.0,0.0,0.011715256662493293,131,0,11051,0,0
Logistic Regression,0.857,0.0,0.0,0.0,0.011715256662493293,131,0,11051,0,0
Logistic Regression,0.858,0.0,0.0,0.0,0.011715256662493293,131,0,11051,0,0
Logistic Regression,0.859,0.0,0.0,0.0,0.011715256662493293,131,0,11051,0,0
Logistic Regression,0.86,0.0,0.0,0.0,0.011715256662493293,131,0,11051,0,0
Logistic Regression,0.861,0.0,0.0,0.0,0.011715256662493293,131,0,11051,0,0
Logistic Regression,0.862,0.0,0.0,0.0,0.011715256662493293,131,0,11051,0,0
Logistic Regression,0.863,0.0,0.0,0.0,0.011715256662493293,131,0,11051,0,0
Logistic Regression,0.864,0.0,0.0,0.0,0.011715256662493293,131,0,11051,0,0
Logistic Regression,0.865,0.0,0.0,0.0,0.011715256662493293,131,0,11051,0,0
Logistic Regression,0.866,0.0,0.0,0.0,0.011715256662493293,131,0,11051,0,0
Logistic Regression,0.867,0.0,0.0,0.0,0.011715256662493293,131,0,11051,0,0
Logistic Regression,0.868,0.0,0.0,0.0,0.011715256662493293,131,0,11051,0,0
Logistic Regression,0.869,0.0,0.0,0.0,0.011715256662493293,131,0,11051,0,0
Logistic Regression,0.87,0.0,0.0,0.0,0.011715256662493293,131,0,11051,0,0
Logistic Regression,0.871,0.0,0.0,0.0,0.011715256662493293,131,0,11051,0,0
Logistic Regression,0.872,0.0,0.0,0.0,0.011715256662493293,131,0,11051,0,0
Logistic Regression,0.873,0.0,0.0,0.0,0.011715256662493293,131,0,11051,0,0
Logistic Regression,0.874,0.0,0.0,0.0,0.011715256662493293,131,0,11051,0,0
Logistic Regression,0.875,0.0,0.0,0.0,0.011715256662493293,131,0,11051,0,0
Logistic Regression,0.876,0.0,0.0,0.0,0.011715256662493293,131,0,11051,0,0
Logistic Regression,0.877,0.0,0.0,0.0,0.011715256662493293,131,0,11051,0,0
Logistic Regression,0.878,0.0,0.0,0.0,0.011715256662493293,131,0,11051,0,0
Logistic Regression,0.879,0.0,0.0,0.0,0.011715256662493293,131,0,11051,0,0
Logistic Regression,0.88,0.0,0.0,0.0,0.011715256662493293,131,0,11051,0,0
Logistic Regression,0.881,0.0,0.0,0.0,0.011715256662493293,131,0,11051,0,0
Logistic Regression,0.882,0.0,0.0,0.0,0.011715256662493293,131,0,11051,0,0
Logistic Regression,0.883,0.0,0.0,0.0,0.011715256662493293,131,0,11051,0,0
Logistic Regression,0.884,0.0,0.0,0.0,0.011715256662493293,131,0,11051,0,0
Logistic Regression,0.885,0.0,0.0,0.0,0.011715256662493293,131,0,11051,0,0
Logistic Regression,0.886,0.0,0.0,0.0,0.011715256662493293,131,0,11051,0,0
Logistic Regression,0.887,0.0,0.0,0.0,0.011715256662493293,131,0,11051,0,0
Logistic Regression,0.888,0.0,0.0,0.0,0.011715256662493293,131,0,11051,0,0
Logistic Regression,0.889,0.0,0.0,0.0,0.011715256662493293,131,0,11051,0,0
Logistic Regression,0.89,0.0,0.0,0.0,0.011715256662493293,131,0,11051,0,0
Logistic Regression,0.891,0.0,0.0,0.0,0.011715256662493293,131,0,11051,0,0
Logistic Regression,0.892,0.0,0.0,0.0,0.011715256662493293,131,0,11051,0,0
Logistic Regression,0.893,0.0,0.0,0.0,0.011715256662493293,131,0,11051,0,0
Logistic Regression,0.894,0.0,0.0,0.0,0.011715256662493293,131,0,11051,0,0
Logistic Regression,0.895,0.0,0.0,0.0,0.011715256662493293,131,0,11051,0,0
Logistic Regression,0.896,0.0,0.0,0.0,0.011715256662493293,131,0,11051,0,0
Logistic Regression,0.897,0.0,0.0,0.0,0.011715256662493293,131,0,11051,0,0
Logistic Regression,0.898,0.0,0.0,0.0,0.011715256662493293,131,0,11051,0,0
Logistic Regression,0.899,0.0,0.0,0.0,0.011715256662493293,131,0,11051,0,0
Logistic Regression,0.9,0.0,0.0,0.0,0.011715256662493293,131,0,11051,0,0
Logistic Regression,0.901,0.0,0.0,0.0,0.011715256662493293,131,0,11051,0,0
Logistic Regression,0.902,0.0,0.0,0.0,0.011715256662493293,131,0,11051,0,0
Logistic Regression,0.903,0.0,0.0,0.0,0.011715256662493293,131,0,11051,0,0
Logistic Regression,0.904,0.0,0.0,0.0,0.011715256662493293,131,0,11051,0,0
Logistic Regression,0.905,0.0,0.0,0.0,0.011715256662493293,131,0,11051,0,0
Logistic Regression,0.906,0.0,0.0,0.0,0.011715256662493293,131,0,11051,0,0
Logistic Regression,0.907,0.0,0.0,0.0,0.011715256662493293,131,0,11051,0,0
Logistic Regression,0.908,0.0,0.0,0.0,0.011715256662493293,131,0,11051,0,0
Logistic Regression,0.909,0.0,0.0,0.0,0.011715256662493293,131,0,11051,0,0
Logistic Regression,0.91,0.0,0.0,0.0,0.011715256662493293,131,0,11051,0,0
Logistic Regression,0.911,0.0,0.0,0.0,0.011715256662493293,131,0,11051,0,0
Logistic Regression,0.912,0.0,0.0,0.0,0.011715256662493293,131,0,11051,0,0
Logistic Regression,0.913,0.0,0.0,0.0,0.011715256662493293,131,0,11051,0,0
Logistic Regression,0.914,0.0,0.0,0.0,0.011715256662493293,131,0,11051,0,0
Logistic Regression,0.915,0.0,0.0,0.0,0.011715256662493293,131,0,11051,0,0
Logistic Regression,0.916,0.0,0.0,0.0,0.011715256662493293,131,0,11051,0,0
Logistic Regression,0.917,0.0,0.0,0.0,0.011715256662493293,131,0,11051,0,0
Logistic Regression,0.918,0.0,0.0,0.0,0.011715256662493293,131,0,11051,0,0
Logistic Regression,0.919,0.0,0.0,0.0,0.011715256662493293,131,0,11051,0,0
Logistic Regression,0.92,0.0,0.0,0.0,0.011715256662493293,131,0,11051,0,0
Logistic Regression,0.921,0.0,0.0,0.0,0.011715256662493293,131,0,11051,0,0
Logistic Regression,0.922,0.0,0.0,0.0,0.011715256662493293,131,0,11051,0,0
Logistic Regression,0.923,0.0,0.0,0.0,0.011715256662493293,131,0,11051,0,0
Logistic Regression,0.924,0.0,0.0,0.0,0.011715256662493293,131,0,11051,0,0
Logistic Regression,0.925,0.0,0.0,0.0,0.011715256662493293,131,0,11051,0,0
Logistic Regression,0.926,0.0,0.0,0.0,0.011715256662493293,131,0,11051,0,0
Logistic Regression,0.927,0.0,0.0,0.0,0.011715256662493293,131,0,11051,0,0
Logistic Regression,0.928,0.0,0.0,0.0,0.011715256662493293,131,0,11051,0,0
Logistic Regression,0.929,0.0,0.0,0.0,0.011715256662493293,131,0,11051,0,0
Logistic Regression,0.93,0.0,0.0,0.0,0.011715256662493293,131,0,11051,0,0
Logistic Regression,0.931,0.0,0.0,0.0,0.011715256662493293,131,0,11051,0,0
Logistic Regression,0.932,0.0,0.0,0.0,0.011715256662493293,131,0,11051,0,0
Logistic Regression,0.933,0.0,0.0,0.0,0.011715256662493293,131,0,11051,0,0
Logistic Regression,0.934,0.0,0.0,0.0,0.011715256662493293,131,0,11051,0,0
Logistic Regression,0.935,0.0,0.0,0.0,0.011715256662493293,131,0,11051,0,0
Logistic Regression,0.936,0.0,0.0,0.0,0.011715256662493293,131,0,11051,0,0
Logistic Regression,0.937,0.0,0.0,0.0,0.011715256662493293,131,0,11051,0,0
Logistic Regression,0.938,0.0,0.0,0.0,0.011715256662493293,131,0,11051,0,0
Logistic Regression,0.939,0.0,0.0,0.0,0.011715256662493293,131,0,11051,0,0
Logistic Regression,0.94,0.0,0.0,0.0,0.011715256662493293,131,0,11051,0,0
Logistic Regression,0.941,0.0,0.0,0.0,0.011715256662493293,131,0,11051,0,0
Logistic Regression,0.942,0.0,0.0,0.0,0.011715256662493293,131,0,11051,0,0
Logistic Regression,0.943,0.0,0.0,0.0,0.011715256662493293,131,0,11051,0,0
Logistic Regression,0.944,0.0,0.0,0.0,0.011715256662493293,131,0,11051,0,0
Logistic Regression,0.945,0.0,0.0,0.0,0.011715256662493293,131,0,11051,0,0
Logistic Regression,0.946,0.0,0.0,0.0,0.011715256662493293,131,0,11051,0,0
Logistic Regression,0.947,0.0,0.0,0.0,0.011715256662493293,131,0,11051,0,0
Logistic Regression,0.948,0.0,0.0,0.0,0.011715256662493293,131,0,11051,0,0
Logistic Regression,0.949,0.0,0.0,0.0,0.011715256662493293,131,0,11051,0,0
Logistic Regression,0.95,0.0,0.0,0.0,0.011715256662493293,131,0,11051,0,0
Logistic Regression,0.951,0.0,0.0,0.0,0.011715256662493293,131,0,11051,0,0
Logistic Regression,0.952,0.0,0.0,0.0,0.011715256662493293,131,0,11051,0,0
Logistic Regression,0.953,0.0,0.0,0.0,0.011715256662493293,131,0,11051,0,0
Logistic Regression,0.954,0.0,0.0,0.0,0.011715256662493293,131,0,11051,0,0
Logistic Regression,0.955,0.0,0.0,0.0,0.011715256662493293,131,0,11051,0,0
Logistic Regression,0.956,0.0,0.0,0.0,0.011715256662493293,131,0,11051,0,0
Logistic Regression,0.957,0.0,0.0,0.0,0.011715256662493293,131,0,11051,0,0
Logistic Regression,0.958,0.0,0.0,0.0,0.011715256662493293,131,0,11051,0,0
Logistic Regression,0.959,0.0,0.0,0.0,0.011715256662493293,131,0,11051,0,0
Logistic Regression,0.96,0.0,0.0,0.0,0.011715256662493293,131,0,11051,0,0
Logistic Regression,0.961,0.0,0.0,0.0,0.011715256662493293,131,0,11051,0,0
Logistic Regression,0.962,0.0,0.0,0.0,0.011715256662493293,131,0,11051,0,0
Logistic Regression,0.963,0.0,0.0,0.0,0.011715256662493293,131,0,11051,0,0
Logistic Regression,0.964,0.0,0.0,0.0,0.011715256662493293,131,0,11051,0,0
Logistic Regression,0.965,0.0,0.0,0.0,0.011715256662493293,131,0,11051,0,0
Logistic Regression,0.966,0.0,0.0,0.0,0.011715256662493293,131,0,11051,0,0
Logistic Regression,0.967,0.0,0.0,0.0,0.011715256662493293,131,0,11051,0,0
Logistic Regression,0.968,0.0,0.0,0.0,0.011715256662493293,131,0,11051,0,0
Logistic Regression,0.969,0.0,0.0,0.0,0.011715256662493293,131,0,11051,0,0
Logistic Regression,0.97,0.0,0.0,0.0,0.011715256662493293,131,0,11051,0,0
Logistic Regression,0.971,0.0,0.0,0.0,0.011715256662493293,131,0,11051,0,0
Logistic Regression,0.972,0.0,0.0,0.0,0.011715256662493293,131,0,11051,0,0
Logistic Regression,0.973,0.0,0.0,0.0,0.011715256662493293,131,0,11051,0,0
Logistic Regression,0.974,0.0,0.0,0.0,0.011715256662493293,131,0,11051,0,0
Logistic Regression,0.975,0.0,0.0,0.0,0.011715256662493293,131,0,11051,0,0
Logistic Regression,0.976,0.0,0.0,0.0,0.011715256662493293,131,0,11051,0,0
Logistic Regression,0.977,0.0,0.0,0.0,0.011715256662493293,131,0,11051,0,0
Logistic Regression,0.978,0.0,0.0,0.0,0.011715256662493293,131,0,11051,0,0
Logistic Regression,0.979,0.0,0.0,0.0,0.011715256662493293,131,0,11051,0,0
Logistic Regression,0.98,0.0,0.0,0.0,0.011715256662493293,131,0,11051,0,0
Logistic Regression,0.981,0.0,0.0,0.0,0.011715256662493293,131,0,11051,0,0
Logistic Regression,0.982,0.0,0.0,0.0,0.011715256662493293,131,0,11051,0,0
Logistic Regression,0.983,0.0,0.0,0.0,0.011715256662493293,131,0,11051,0,0
Logistic Regression,0.984,0.0,0.0,0.0,0.011715256662493293,131,0,11051,0,0
Logistic Regression,0.985,0.0,0.0,0.0,0.011715256662493293,131,0,11051,0,0
Logistic Regression,0.986,0.0,0.0,0.0,0.011715256662493293,131,0,11051,0,0
Logistic Regression,0.987,0.0,0.0,0.0,0.011715256662493293,131,0,11051,0,0
Logistic Regression,0.988,0.0,0.0,0.0,0.011715256662493293,131,0,11051,0,0
Logistic Regression,0.989,0.0,0.0,0.0,0.011715256662493293,131,0,11051,0,0
Logistic Regression,0.99,0.0,0.0,0.0,0.011715256662493293,131,0,11051,0,0
Logistic Regression,0.991,0.0,0.0,0.0,0.011715256662493293,131,0,11051,0,0
Logistic Regression,0.992,0.0,0.0,0.0,0.011715256662493293,131,0,11051,0,0
Logistic Regression,0.993,0.0,0.0,0.0,0.011715256662493293,131,0,11051,0,0
Logistic Regression,0.994,0.0,0.0,0.0,0.011715256662493293,131,0,11051,0,0
Logistic Regression,0.995,0.0,0.0,0.0,0.011715256662493293,131,0,11051,0,0
Logistic Regression,0.996,0.0,0.0,0.0,0.011715256662493293,131,0,11051,0,0
Logistic Regression,0.997,0.0,0.0,0.0,0.011715256662493293,131,0,11051,0,0
Logistic Regression,0.998,0.0,0.0,0.0,0.011715256662493293,131,0,11051,0,0
Logistic Regression,0.999,0.0,0.0,0.0,0.011715256662493293,131,0,11051,0,0
Random Forest,0.001,0.9882847433375067,1.0,0.9941078576890209,0.9882847433375067,0,131,0,11051,11182
Random Forest,0.002,0.9882847433375067,1.0,0.9941078576890209,0.9882847433375067,0,131,0,11051,11182
Random Forest,0.003,0.9882847433375067,1.0,0.9941078576890209,0.9882847433375067,0,131,0,11051,11182
Random Forest,0.004,0.9882847433375067,1.0,0.9941078576890209,0.9882847433375067,0,131,0,11051,11182
Random Forest,0.005,0.9882847433375067,1.0,0.9941078576890209,0.9882847433375067,0,131,0,11051,11182
Random Forest,0.006,0.9882847433375067,1.0,0.9941078576890209,0.9882847433375067,0,131,0,11051,11182
Random Forest,0.007,0.9882847433375067,1.0,0.9941078576890209,0.9882847433375067,0,131,0,11051,11182
Random Forest,0.008,0.9882847433375067,1.0,0.9941078576890209,0.9882847433375067,0,131,0,11051,11182
Random Forest,0.009,0.9882847433375067,1.0,0.9941078576890209,0.9882847433375067,0,131,0,11051,11182
Random Forest,0.01,0.9882847433375067,1.0,0.9941078576890209,0.9882847433375067,0,131,0,11051,11182
Random Forest,0.011,0.9882847433375067,1.0,0.9941078576890209,0.9882847433375067,0,131,0,11051,11182
Random Forest,0.012,0.9882847433375067,1.0,0.9941078576890209,0.9882847433375067,0,131,0,11051,11182
Random Forest,0.013,0.9882847433375067,1.0,0.9941078576890209,0.9882847433375067,0,131,0,11051,11182
Random Forest,0.014,0.9882847433375067,1.0,0.9941078576890209,0.9882847433375067,0,131,0,11051,11182
Random Forest,0.015,0.9882847433375067,1.0,0.9941078576890209,0.9882847433375067,0,131,0,11051,11182
Random Forest,0.016,0.9882847433375067,1.0,0.9941078576890209,0.9882847433375067,0,131,0,11051,11182
Random Forest,0.017,0.9882847433375067,1.0,0.9941078576890209,0.9882847433375067,0,131,0,11051,11182
Random Forest,0.018,0.9882847433375067,1.0,0.9941078576890209,0.9882847433375067,0,131,0,11051,11182
Random Forest,0.019,0.9882847433375067,1.0,0.9941078576890209,0.9882847433375067,0,131,0,11051,11182
Random Forest,0.02,0.9882847433375067,1.0,0.9941078576890209,0.9882847433375067,0,131,0,11051,11182
Random Forest,0.021,0.9882847433375067,1.0,0.9941078576890209,0.9882847433375067,0,131,0,11051,11182
Random Forest,0.022,0.9882847433375067,1.0,0.9941078576890209,0.9882847433375067,0,131,0,11051,11182
Random Forest,0.023,0.9882847433375067,1.0,0.9941078576890209,0.9882847433375067,0,131,0,11051,11182
Random Forest,0.024,0.9882847433375067,1.0,0.9941078576890209,0.9882847433375067,0,131,0,11051,11182
Random Forest,0.025,0.9882847433375067,1.0,0.9941078576890209,0.9882847433375067,0,131,0,11051,11182
Random Forest,0.026,0.9882847433375067,1.0,0.9941078576890209,0.9882847433375067,0,131,0,11051,11182
Random Forest,0.027,0.9882847433375067,1.0,0.9941078576890209,0.9882847433375067,0,131,0,11051,11182
Random Forest,0.028,0.9882847433375067,1.0,0.9941078576890209,0.9882847433375067,0,131,0,11051,11182
Random Forest,0.029,0.9882847433375067,1.0,0.9941078576890209,0.9882847433375067,0,131,0,11051,11182
Random Forest,0.03,0.9882847433375067,1.0,0.9941078576890209,0.9882847433375067,0,131,0,11051,11182
Random Forest,0.031,0.9882847433375067,1.0,0.9941078576890209,0.9882847433375067,0,131,0,11051,11182
Random Forest,0.032,0.9882847433375067,1.0,0.9941078576890209,0.9882847433375067,0,131,0,11051,11182
Random Forest,0.033,0.9882847433375067,1.0,0.9941078576890209,0.9882847433375067,0,131,0,11051,11182
Random Forest,0.034,0.9882847433375067,1.0,0.9941078576890209,0.9882847433375067,0,131,0,11051,11182
Random Forest,0.035,0.9882847433375067,1.0,0.9941078576890209,0.9882847433375067,0,131,0,11051,11182
Random Forest,0.036,0.9882847433375067,1.0,0.9941078576890209,0.9882847433375067,0,131,0,11051,11182
Random Forest,0.037,0.9882847433375067,1.0,0.9941078576890209,0.9882847433375067,0,131,0,11051,11182
Random Forest,0.038,0.9882847433375067,1.0,0.9941078576890209,0.9882847433375067,0,131,0,11051,11182
Random Forest,0.039,0.9882847433375067,1.0,0.9941078576890209,0.9882847433375067,0,131,0,11051,11182
Random Forest,0.04,0.9882847433375067,1.0,0.9941078576890209,0.9882847433375067,0,131,0,11051,11182
Random Forest,0.041,0.9882847433375067,1.0,0.9941078576890209,0.9882847433375067,0,131,0,11051,11182
Random Forest,0.042,0.9882847433375067,1.0,0.9941078576890209,0.9882847433375067,0,131,0,11051,11182
Random Forest,0.043,0.9882847433375067,1.0,0.9941078576890209,0.9882847433375067,0,131,0,11051,11182
Random Forest,0.044,0.9882847433375067,1.0,0.9941078576890209,0.9882847433375067,0,131,0,11051,11182
Random Forest,0.045,0.9882847433375067,1.0,0.9941078576890209,0.9882847433375067,0,131,0,11051,11182
Random Forest,0.046,0.9882847433375067,1.0,0.9941078576890209,0.9882847433375067,0,131,0,11051,11182
Random Forest,0.047,0.9882847433375067,1.0,0.9941078576890209,0.9882847433375067,0,131,0,11051,11182
Random Forest,0.048,0.9882847433375067,1.0,0.9941078576890209,0.9882847433375067,0,131,0,11051,11182
Random Forest,0.049,0.9882847433375067,1.0,0.9941078576890209,0.9882847433375067,0,131,0,11051,11182
Random Forest,0.05,0.9882847433375067,1.0,0.9941078576890209,0.9882847433375067,0,131,0,11051,11182
Random Forest,0.051,0.9882847433375067,1.0,0.9941078576890209,0.9882847433375067,0,131,0,11051,11182
Random Forest,0.052,0.9882847433375067,1.0,0.9941078576890209,0.9882847433375067,0,131,0,11051,11182
Random Forest,0.053,0.9882847433375067,1.0,0.9941078576890209,0.9882847433375067,0,131,0,11051,11182
Random Forest,0.054,0.9882847433375067,1.0,0.9941078576890209,0.9882847433375067,0,131,0,11051,11182
Random Forest,0.055,0.9882847433375067,1.0,0.9941078576890209,0.9882847433375067,0,131,0,11051,11182
Random Forest,0.056,0.9882847433375067,1.0,0.9941078576890209,0.9882847433375067,0,131,0,11051,11182
Random Forest,0.057,0.9882847433375067,1.0,0.9941078576890209,0.9882847433375067,0,131,0,11051,11182
Random Forest,0.058,0.9882847433375067,1.0,0.9941078576890209,0.9882847433375067,0,131,0,11051,11182
Random Forest,0.059,0.9882847433375067,1.0,0.9941078576890209,0.9882847433375067,0,131,0,11051,11182
Random Forest,0.06,0.9882847433375067,1.0,0.9941078576890209,0.9882847433375067,0,131,0,11051,11182
Random Forest,0.061,0.9882847433375067,1.0,0.9941078576890209,0.9882847433375067,0,131,0,11051,11182
Random Forest,0.062,0.9882847433375067,1.0,0.9941078576890209,0.9882847433375067,0,131,0,11051,11182
Random Forest,0.063,0.9882847433375067,1.0,0.9941078576890209,0.9882847433375067,0,131,0,11051,11182
Random Forest,0.064,0.9882847433375067,1.0,0.9941078576890209,0.9882847433375067,0,131,0,11051,11182
Random Forest,0.065,0.9882847433375067,1.0,0.9941078576890209,0.9882847433375067,0,131,0,11051,11182
Random Forest,0.066,0.9882847433375067,1.0,0.9941078576890209,0.9882847433375067,0,131,0,11051,11182
Random Forest,0.067,0.9882847433375067,1.0,0.9941078576890209,0.9882847433375067,0,131,0,11051,11182
Random Forest,0.068,0.9882847433375067,1.0,0.9941078576890209,0.9882847433375067,0,131,0,11051,11182
Random Forest,0.069,0.9882847433375067,1.0,0.9941078576890209,0.9882847433375067,0,131,0,11051,11182
Random Forest,0.07,0.9882847433375067,1.0,0.9941078576890209,0.9882847433375067,0,131,0,11051,11182
Random Forest,0.071,0.9882847433375067,1.0,0.9941078576890209,0.9882847433375067,0,131,0,11051,11182
Random Forest,0.072,0.9882847433375067,1.0,0.9941078576890209,0.9882847433375067,0,131,0,11051,11182
Random Forest,0.073,0.9882847433375067,1.0,0.9941078576890209,0.9882847433375067,0,131,0,11051,11182
Random Forest,0.074,0.9882847433375067,1.0,0.9941078576890209,0.9882847433375067,0,131,0,11051,11182
Random Forest,0.075,0.9882847433375067,1.0,0.9941078576890209,0.9882847433375067,0,131,0,11051,11182
Random Forest,0.076,0.9882847433375067,1.0,0.9941078576890209,0.9882847433375067,0,131,0,11051,11182
Random Forest,0.077,0.9882847433375067,1.0,0.9941078576890209,0.9882847433375067,0,131,0,11051,11182
Random Forest,0.078,0.9882847433375067,1.0,0.9941078576890209,0.9882847433375067,0,131,0,11051,11182
Random Forest,0.079,0.9882847433375067,1.0,0.9941078576890209,0.9882847433375067,0,131,0,11051,11182
Random Forest,0.08,0.9882847433375067,1.0,0.9941078576890209,0.9882847433375067,0,131,0,11051,11182
Random Forest,0.081,0.9882847433375067,1.0,0.9941078576890209,0.9882847433375067,0,131,0,11051,11182
Random Forest,0.082,0.9882847433375067,1.0,0.9941078576890209,0.9882847433375067,0,131,0,11051,11182
Random Forest,0.083,0.9882847433375067,1.0,0.9941078576890209,0.9882847433375067,0,131,0,11051,11182
Random Forest,0.084,0.9882847433375067,1.0,0.9941078576890209,0.9882847433375067,0,131,0,11051,11182
Random Forest,0.085,0.9882847433375067,1.0,0.9941078576890209,0.9882847433375067,0,131,0,11051,11182
Random Forest,0.086,0.9882847433375067,1.0,0.9941078576890209,0.9882847433375067,0,131,0,11051,11182
Random Forest,0.087,0.9882847433375067,1.0,0.9941078576890209,0.9882847433375067,0,131,0,11051,11182
Random Forest,0.088,0.9882847433375067,1.0,0.9941078576890209,0.9882847433375067,0,131,0,11051,11182
Random Forest,0.089,0.9882847433375067,1.0,0.9941078576890209,0.9882847433375067,0,131,0,11051,11182
Random Forest,0.09,0.9882847433375067,1.0,0.9941078576890209,0.9882847433375067,0,131,0,11051,11182
Random Forest,0.091,0.9882847433375067,1.0,0.9941078576890209,0.9882847433375067,0,131,0,11051,11182
Random Forest,0.092,0.9882847433375067,1.0,0.9941078576890209,0.9882847433375067,0,131,0,11051,11182
Random Forest,0.093,0.9882847433375067,1.0,0.9941078576890209,0.9882847433375067,0,131,0,11051,11182
Random Forest,0.094,0.9882847433375067,1.0,0.9941078576890209,0.9882847433375067,0,131,0,11051,11182
Random Forest,0.095,0.9882847433375067,1.0,0.9941078576890209,0.9882847433375067,0,131,0,11051,11182
Random Forest,0.096,0.9882847433375067,1.0,0.9941078576890209,0.9882847433375067,0,131,0,11051,11182
Random Forest,0.097,0.9882847433375067,1.0,0.9941078576890209,0.9882847433375067,0,131,0,11051,11182
Random Forest,0.098,0.9882847433375067,1.0,0.9941078576890209,0.9882847433375067,0,131,0,11051,11182
Random Forest,0.099,0.9882847433375067,1.0,0.9941078576890209,0.9882847433375067,0,131,0,11051,11182
Random Forest,0.1,0.9882847433375067,1.0,0.9941078576890209,0.9882847433375067,0,131,0,11051,11182
Random Forest,0.101,0.9882847433375067,1.0,0.9941078576890209,0.9882847433375067,0,131,0,11051,11182
Random Forest,0.102,0.9882847433375067,1.0,0.9941078576890209,0.9882847433375067,0,131,0,11051,11182
Random Forest,0.103,0.9882847433375067,1.0,0.9941078576890209,0.9882847433375067,0,131,0,11051,11182
Random Forest,0.104,0.9882847433375067,1.0,0.9941078576890209,0.9882847433375067,0,131,0,11051,11182
Random Forest,0.105,0.9882847433375067,1.0,0.9941078576890209,0.9882847433375067,0,131,0,11051,11182
Random Forest,0.106,0.9882847433375067,1.0,0.9941078576890209,0.9882847433375067,0,131,0,11051,11182
Random Forest,0.107,0.9882847433375067,1.0,0.9941078576890209,0.9882847433375067,0,131,0,11051,11182
Random Forest,0.108,0.9882847433375067,1.0,0.9941078576890209,0.9882847433375067,0,131,0,11051,11182
Random Forest,0.109,0.9882847433375067,1.0,0.9941078576890209,0.9882847433375067,0,131,0,11051,11182
Random Forest,0.11,0.9882847433375067,1.0,0.9941078576890209,0.9882847433375067,0,131,0,11051,11182
Random Forest,0.111,0.9882847433375067,1.0,0.9941078576890209,0.9882847433375067,0,131,0,11051,11182
Random Forest,0.112,0.9882836955549593,0.9999095104515429,0.9940626124505217,0.988195313897335,0,131,1,11050,11181
Random Forest,0.113,0.9882836955549593,0.9999095104515429,0.9940626124505217,0.988195313897335,0,131,1,11050,11181
Random Forest,0.114,0.9882836955549593,0.9999095104515429,0.9940626124505217,0.988195313897335,0,131,1,11050,11181
Random Forest,0.115,0.9882836955549593,0.9999095104515429,0.9940626124505217,0.988195313897335,0,131,1,11050,11181
Random Forest,0.116,0.9882836955549593,0.9999095104515429,0.9940626124505217,0.988195313897335,0,131,1,11050,11181
Random Forest,0.117,0.9882836955549593,0.9999095104515429,0.9940626124505217,0.988195313897335,0,131,1,11050,11181
Random Forest,0.118,0.9882836955549593,0.9999095104515429,0.9940626124505217,0.988195313897335,0,131,1,11050,11181
Random Forest,0.119,0.9882836955549593,0.9999095104515429,0.9940626124505217,0.988195313897335,0,131,1,11050,11181
Random Forest,0.12,0.9882836955549593,0.9999095104515429,0.9940626124505217,0.988195313897335,0,131,1,11050,11181
Random Forest,0.121,0.9882836955549593,0.9999095104515429,0.9940626124505217,0.988195313897335,0,131,1,11050,11181
Random Forest,0.122,0.9882836955549593,0.9999095104515429,0.9940626124505217,0.988195313897335,0,131,1,11050,11181
Random Forest,0.123,0.9882836955549593,0.9999095104515429,0.9940626124505217,0.988195313897335,0,131,1,11050,11181
Random Forest,0.124,0.9882836955549593,0.9999095104515429,0.9940626124505217,0.988195313897335,0,131,1,11050,11181
Random Forest,0.125,0.9882836955549593,0.9999095104515429,0.9940626124505217,0.988195313897335,0,131,1,11050,11181
Random Forest,0.126,0.9882836955549593,0.9999095104515429,0.9940626124505217,0.988195313897335,0,131,1,11050,11181
Random Forest,0.127,0.9882836955549593,0.9999095104515429,0.9940626124505217,0.988195313897335,0,131,1,11050,11181
Random Forest,0.128,0.9882836955549593,0.9999095104515429,0.9940626124505217,0.988195313897335,0,131,1,11050,11181
Random Forest,0.129,0.9882836955549593,0.9999095104515429,0.9940626124505217,0.988195313897335,0,131,1,11050,11181
Random Forest,0.13,0.9882836955549593,0.9999095104515429,0.9940626124505217,0.988195313897335,0,131,1,11050,11181
Random Forest,0.131,0.9882836955549593,0.9999095104515429,0.9940626124505217,0.988195313897335,0,131,1,11050,11181
Random Forest,0.132,0.9882836955549593,0.9999095104515429,0.9940626124505217,0.988195313897335,0,131,1,11050,11181
Random Forest,0.133,0.9882836955549593,0.9999095104515429,0.9940626124505217,0.988195313897335,0,131,1,11050,11181
Random Forest,0.134,0.9882836955549593,0.9999095104515429,0.9940626124505217,0.988195313897335,0,131,1,11050,11181
Random Forest,0.135,0.9882836955549593,0.9999095104515429,0.9940626124505217,0.988195313897335,0,131,1,11050,11181
Random Forest,0.136,0.9882836955549593,0.9999095104515429,0.9940626124505217,0.988195313897335,0,131,1,11050,11181
Random Forest,0.137,0.9882836955549593,0.9999095104515429,0.9940626124505217,0.988195313897335,0,131,1,11050,11181
Random Forest,0.138,0.9882836955549593,0.9999095104515429,0.9940626124505217,0.988195313897335,0,131,1,11050,11181
Random Forest,0.139,0.9882836955549593,0.9999095104515429,0.9940626124505217,0.988195313897335,0,131,1,11050,11181
Random Forest,0.14,0.9882836955549593,0.9999095104515429,0.9940626124505217,0.988195313897335,0,131,1,11050,11181
Random Forest,0.141,0.9882836955549593,0.9999095104515429,0.9940626124505217,0.988195313897335,0,131,1,11050,11181
Random Forest,0.142,0.9882836955549593,0.9999095104515429,0.9940626124505217,0.988195313897335,0,131,1,11050,11181
Random Forest,0.143,0.9882836955549593,0.9999095104515429,0.9940626124505217,0.988195313897335,0,131,1,11050,11181
Random Forest,0.144,0.9882836955549593,0.9999095104515429,0.9940626124505217,0.988195313897335,0,131,1,11050,11181
Random Forest,0.145,0.9882836955549593,0.9999095104515429,0.9940626124505217,0.988195313897335,0,131,1,11050,11181
Random Forest,0.146,0.9882836955549593,0.9999095104515429,0.9940626124505217,0.988195313897335,0,131,1,11050,11181
Random Forest,0.147,0.9882836955549593,0.9999095104515429,0.9940626124505217,0.988195313897335,0,131,1,11050,11181
Random Forest,0.148,0.9882836955549593,0.9999095104515429,0.9940626124505217,0.988195313897335,0,131,1,11050,11181
Random Forest,0.149,0.9882836955549593,0.9999095104515429,0.9940626124505217,0.988195313897335,0,131,1,11050,11181
Random Forest,0.15,0.9882836955549593,0.9999095104515429,0.9940626124505217,0.988195313897335,0,131,1,11050,11181
Random Forest,0.151,0.9882836955549593,0.9999095104515429,0.9940626124505217,0.988195313897335,0,131,1,11050,11181
Random Forest,0.152,0.9882836955549593,0.9999095104515429,0.9940626124505217,0.988195313897335,0,131,1,11050,11181
Random Forest,0.153,0.9882836955549593,0.9999095104515429,0.9940626124505217,0.988195313897335,0,131,1,11050,11181
Random Forest,0.154,0.9882836955549593,0.9999095104515429,0.9940626124505217,0.988195313897335,0,131,1,11050,11181
Random Forest,0.155,0.9882836955549593,0.9999095104515429,0.9940626124505217,0.988195313897335,0,131,1,11050,11181
Random Forest,0.156,0.9882836955549593,0.9999095104515429,0.9940626124505217,0.988195313897335,0,131,1,11050,11181
Random Forest,0.157,0.9882836955549593,0.9999095104515429,0.9940626124505217,0.988195313897335,0,131,1,11050,11181
Random Forest,0.158,0.9882836955549593,0.9999095104515429,0.9940626124505217,0.988195313897335,0,131,1,11050,11181
Random Forest,0.159,0.9882836955549593,0.9999095104515429,0.9940626124505217,0.988195313897335,0,131,1,11050,11181
Random Forest,0.16,0.9882836955549593,0.9999095104515429,0.9940626124505217,0.988195313897335,0,131,1,11050,11181
Random Forest,0.161,0.9882836955549593,0.9999095104515429,0.9940626124505217,0.988195313897335,0,131,1,11050,11181
Random Forest,0.162,0.9882836955549593,0.9999095104515429,0.9940626124505217,0.988195313897335,0,131,1,11050,11181
Random Forest,0.163,0.9882836955549593,0.9999095104515429,0.9940626124505217,0.988195313897335,0,131,1,11050,11181
Random Forest,0.164,0.9882836955549593,0.9999095104515429,0.9940626124505217,0.988195313897335,0,131,1,11050,11181
Random Forest,0.165,0.9882836955549593,0.9999095104515429,0.9940626124505217,0.988195313897335,0,131,1,11050,11181
Random Forest,0.166,0.9882836955549593,0.9999095104515429,0.9940626124505217,0.988195313897335,0,131,1,11050,11181
Random Forest,0.167,0.9882836955549593,0.9999095104515429,0.9940626124505217,0.988195313897335,0,131,1,11050,11181
Random Forest,0.168,0.9882836955549593,0.9999095104515429,0.9940626124505217,0.988195313897335,0,131,1,11050,11181
Random Forest,0.169,0.9882836955549593,0.9999095104515429,0.9940626124505217,0.988195313897335,0,131,1,11050,11181
Random Forest,0.17,0.9882836955549593,0.9999095104515429,0.9940626124505217,0.988195313897335,0,131,1,11050,11181
Random Forest,0.171,0.9882836955549593,0.9999095104515429,0.9940626124505217,0.988195313897335,0,131,1,11050,11181
Random Forest,0.172,0.9882836955549593,0.9999095104515429,0.9940626124505217,0.988195313897335,0,131,1,11050,11181
Random Forest,0.173,0.9882836955549593,0.9999095104515429,0.9940626124505217,0.988195313897335,0,131,1,11050,11181
Random Forest,0.174,0.9882836955549593,0.9999095104515429,0.9940626124505217,0.988195313897335,0,131,1,11050,11181
Random Forest,0.175,0.9882836955549593,0.9999095104515429,0.9940626124505217,0.988195313897335,0,131,1,11050,11181
Random Forest,0.176,0.9882836955549593,0.9999095104515429,0.9940626124505217,0.988195313897335,0,131,1,11050,11181
Random Forest,0.177,0.9882836955549593,0.9999095104515429,0.9940626124505217,0.988195313897335,0,131,1,11050,11181
Random Forest,0.178,0.9882836955549593,0.9999095104515429,0.9940626124505217,0.988195313897335,0,131,1,11050,11181
Random Forest,0.179,0.9882836955549593,0.9999095104515429,0.9940626124505217,0.988195313897335,0,131,1,11050,11181
Random Forest,0.18,0.9882836955549593,0.9999095104515429,0.9940626124505217,0.988195313897335,0,131,1,11050,11181
Random Forest,0.181,0.9882836955549593,0.9999095104515429,0.9940626124505217,0.988195313897335,0,131,1,11050,11181
Random Forest,0.182,0.9882836955549593,0.9999095104515429,0.9940626124505217,0.988195313897335,0,131,1,11050,11181
Random Forest,0.183,0.9882826475849732,0.9998190209030857,0.9940173631415591,0.9881058844571633,0,131,2,11049,11180
Random Forest,0.184,0.9882826475849732,0.9998190209030857,0.9940173631415591,0.9881058844571633,0,131,2,11049,11180
Random Forest,0.185,0.9882826475849732,0.9998190209030857,0.9940173631415591,0.9881058844571633,0,131,2,11049,11180
Random Forest,0.186,0.9882826475849732,0.9998190209030857,0.9940173631415591,0.9881058844571633,0,131,2,11049,11180
Random Forest,0.187,0.9882826475849732,0.9998190209030857,0.9940173631415591,0.9881058844571633,0,131,2,11049,11180
Random Forest,0.188,0.9882826475849732,0.9998190209030857,0.9940173631415591,0.9881058844571633,0,131,2,11049,11180
Random Forest,0.189,0.9882826475849732,0.9998190209030857,0.9940173631415591,0.9881058844571633,0,131,2,11049,11180
Random Forest,0.19,0.9882826475849732,0.9998190209030857,0.9940173631415591,0.9881058844571633,0,131,2,11049,11180
Random Forest,0.191,0.9882826475849732,0.9998190209030857,0.9940173631415591,0.9881058844571633,0,131,2,11049,11180
Random Forest,0.192,0.9882826475849732,0.9998190209030857,0.9940173631415591,0.9881058844571633,0,131,2,11049,11180
Random Forest,0.193,0.9882826475849732,0.9998190209030857,0.9940173631415591,0.9881058844571633,0,131,2,11049,11180
Random Forest,0.194,0.9882826475849732,0.9998190209030857,0.9940173631415591,0.9881058844571633,0,131,2,11049,11180
Random Forest,0.195,0.9882826475849732,0.9998190209030857,0.9940173631415591,0.9881058844571633,0,131,2,11049,11180
Random Forest,0.196,0.9882826475849732,0.9998190209030857,0.9940173631415591,0.9881058844571633,0,131,2,11049,11180
Random Forest,0.197,0.9882826475849732,0.9998190209030857,0.9940173631415591,0.9881058844571633,0,131,2,11049,11180
Random Forest,0.198,0.9882826475849732,0.9998190209030857,0.9940173631415591,0.9881058844571633,0,131,2,11049,11180
Random Forest,0.199,0.9882826475849732,0.9998190209030857,0.9940173631415591,0.9881058844571633,0,131,2,11049,11180
Random Forest,0.2,0.9882826475849732,0.9998190209030857,0.9940173631415591,0.9881058844571633,0,131,2,11049,11180
Random Forest,0.201,0.9882826475849732,0.9998190209030857,0.9940173631415591,0.9881058844571633,0,131,2,11049,11180
Random Forest,0.202,0.9882826475849732,0.9998190209030857,0.9940173631415591,0.9881058844571633,0,131,2,11049,11180
Random Forest,0.203,0.9882826475849732,0.9998190209030857,0.9940173631415591,0.9881058844571633,0,131,2,11049,11180
Random Forest,0.204,0.9882826475849732,0.9998190209030857,0.9940173631415591,0.9881058844571633,0,131,2,11049,11180
Random Forest,0.205,0.9882826475849732,0.9998190209030857,0.9940173631415591,0.9881058844571633,0,131,2,11049,11180
Random Forest,0.206,0.9882826475849732,0.9998190209030857,0.9940173631415591,0.9881058844571633,0,131,2,11049,11180
Random Forest,0.207,0.9882826475849732,0.9998190209030857,0.9940173631415591,0.9881058844571633,0,131,2,11049,11180
Random Forest,0.208,0.9882826475849732,0.9998190209030857,0.9940173631415591,0.9881058844571633,0,131,2,11049,11180
Random Forest,0.209,0.9882826475849732,0.9998190209030857,0.9940173631415591,0.9881058844571633,0,131,2,11049,11180
Random Forest,0.21,0.9883710528669827,0.9998190209030857,0.9940620782726046,0.988195313897335,1,130,2,11049,11179
Random Forest,0.211,0.9883710528669827,0.9998190209030857,0.9940620782726046,0.988195313897335,1,130,2,11049,11179
Random Forest,0.212,0.9883710528669827,0.9998190209030857,0.9940620782726046,0.988195313897335,1,130,2,11049,11179
Random Forest,0.213,0.9883710528669827,0.9998190209030857,0.9940620782726046,0.988195313897335,1,130,2,11049,11179
Random Forest,0.214,0.9883710528669827,0.9998190209030857,0.9940620782726046,0.988195313897335,1,130,2,11049,11179
Random Forest,0.215,0.9883710528669827,0.9998190209030857,0.9940620782726046,0.988195313897335,1,130,2,11049,11179
Random Forest,0.216,0.9883710528669827,0.9998190209030857,0.9940620782726046,0.988195313897335,1,130,2,11049,11179
Random Forest,0.217,0.9883710528669827,0.9998190209030857,0.9940620782726046,0.988195313897335,1,130,2,11049,11179
Random Forest,0.218,0.9883710528669827,0.9998190209030857,0.9940620782726046,0.988195313897335,1,130,2,11049,11179
Random Forest,0.219,0.9883710528669827,0.9998190209030857,0.9940620782726046,0.988195313897335,1,130,2,11049,11179
Random Forest,0.22,0.9883710528669827,0.9998190209030857,0.9940620782726046,0.988195313897335,1,130,2,11049,11179
Random Forest,0.221,0.9883710528669827,0.9998190209030857,0.9940620782726046,0.988195313897335,1,130,2,11049,11179
Random Forest,0.222,0.9883710528669827,0.9998190209030857,0.9940620782726046,0.988195313897335,1,130,2,11049,11179
Random Forest,0.223,0.9883710528669827,0.9998190209030857,0.9940620782726046,0.988195313897335,1,130,2,11049,11179
Random Forest,0.224,0.9883710528669827,0.9998190209030857,0.9940620782726046,0.988195313897335,1,130,2,11049,11179
Random Forest,0.225,0.9883710528669827,0.9998190209030857,0.9940620782726046,0.988195313897335,1,130,2,11049,11179
Random Forest,0.226,0.9883710528669827,0.9998190209030857,0.9940620782726046,0.988195313897335,1,130,2,11049,11179
Random Forest,0.227,0.9883710528669827,0.9998190209030857,0.9940620782726046,0.988195313897335,1,130,2,11049,11179
Random Forest,0.228,0.9883710528669827,0.9998190209030857,0.9940620782726046,0.988195313897335,1,130,2,11049,11179
Random Forest,0.229,0.9883710528669827,0.9998190209030857,0.9940620782726046,0.988195313897335,1,130,2,11049,11179
Random Forest,0.23,0.9883710528669827,0.9998190209030857,0.9940620782726046,0.988195313897335,1,130,2,11049,11179
Random Forest,0.231,0.9883710528669827,0.9998190209030857,0.9940620782726046,0.988195313897335,1,130,2,11049,11179
Random Forest,0.232,0.9883710528669827,0.9998190209030857,0.9940620782726046,0.988195313897335,1,130,2,11049,11179
Random Forest,0.233,0.9883710528669827,0.9998190209030857,0.9940620782726046,0.988195313897335,1,130,2,11049,11179
Random Forest,0.234,0.9883710528669827,0.9998190209030857,0.9940620782726046,0.988195313897335,1,130,2,11049,11179
Random Forest,0.235,0.9883710528669827,0.9998190209030857,0.9940620782726046,0.988195313897335,1,130,2,11049,11179
Random Forest,0.236,0.9883710528669827,0.9998190209030857,0.9940620782726046,0.988195313897335,1,130,2,11049,11179
Random Forest,0.237,0.9883710528669827,0.9998190209030857,0.9940620782726046,0.988195313897335,1,130,2,11049,11179
Random Forest,0.238,0.9883710528669827,0.9998190209030857,0.9940620782726046,0.988195313897335,1,130,2,11049,11179
Random Forest,0.239,0.9883710528669827,0.9998190209030857,0.9940620782726046,0.988195313897335,1,130,2,11049,11179
Random Forest,0.24,0.9883710528669827,0.9998190209030857,0.9940620782726046,0.988195313897335,1,130,2,11049,11179
Random Forest,0.241,0.9883710528669827,0.9998190209030857,0.9940620782726046,0.988195313897335,1,130,2,11049,11179
Random Forest,0.242,0.9883710528669827,0.9998190209030857,0.9940620782726046,0.988195313897335,1,130,2,11049,11179
Random Forest,0.243,0.9883710528669827,0.9998190209030857,0.9940620782726046,0.988195313897335,1,130,2,11049,11179
Random Forest,0.244,0.9883710528669827,0.9998190209030857,0.9940620782726046,0.988195313897335,1,130,2,11049,11179
Random Forest,0.245,0.9883710528669827,0.9998190209030857,0.9940620782726046,0.988195313897335,1,130,2,11049,11179
Random Forest,0.246,0.9883710528669827,0.9998190209030857,0.9940620782726046,0.988195313897335,1,130,2,11049,11179
Random Forest,0.247,0.9883710528669827,0.9998190209030857,0.9940620782726046,0.988195313897335,1,130,2,11049,11179
Random Forest,0.248,0.9883710528669827,0.9998190209030857,0.9940620782726046,0.988195313897335,1,130,2,11049,11179
Random Forest,0.249,0.9883710528669827,0.9998190209030857,0.9940620782726046,0.988195313897335,1,130,2,11049,11179
Random Forest,0.25,0.9883710528669827,0.9998190209030857,0.9940620782726046,0.988195313897335,1,130,2,11049,11179
Random Forest,0.251,0.9883710528669827,0.9998190209030857,0.9940620782726046,0.988195313897335,1,130,2,11049,11179
Random Forest,0.252,0.9883710528669827,0.9998190209030857,0.9940620782726046,0.988195313897335,1,130,2,11049,11179
Random Forest,0.253,0.9883710528669827,0.9998190209030857,0.9940620782726046,0.988195313897335,1,130,2,11049,11179
Random Forest,0.254,0.9883710528669827,0.9998190209030857,0.9940620782726046,0.988195313897335,1,130,2,11049,11179
Random Forest,0.255,0.9883710528669827,0.9998190209030857,0.9940620782726046,0.988195313897335,1,130,2,11049,11179
Random Forest,0.256,0.9883710528669827,0.9998190209030857,0.9940620782726046,0.988195313897335,1,130,2,11049,11179
Random Forest,0.257,0.9883710528669827,0.9998190209030857,0.9940620782726046,0.988195313897335,1,130,2,11049,11179
Random Forest,0.258,0.9883710528669827,0.9998190209030857,0.9940620782726046,0.988195313897335,1,130,2,11049,11179
Random Forest,0.259,0.9883710528669827,0.9998190209030857,0.9940620782726046,0.988195313897335,1,130,2,11049,11179
Random Forest,0.26,0.9883710528669827,0.9998190209030857,0.9940620782726046,0.988195313897335,1,130,2,11049,11179
Random Forest,0.261,0.9883710528669827,0.9998190209030857,0.9940620782726046,0.988195313897335,1,130,2,11049,11179
Random Forest,0.262,0.9883710528669827,0.9998190209030857,0.9940620782726046,0.988195313897335,1,130,2,11049,11179
Random Forest,0.263,0.9883710528669827,0.9998190209030857,0.9940620782726046,0.988195313897335,1,130,2,11049,11179
Random Forest,0.264,0.9883710528669827,0.9998190209030857,0.9940620782726046,0.988195313897335,1,130,2,11049,11179
Random Forest,0.265,0.9883710528669827,0.9998190209030857,0.9940620782726046,0.988195313897335,1,130,2,11049,11179
Random Forest,0.266,0.9883710528669827,0.9998190209030857,0.9940620782726046,0.988195313897335,1,130,2,11049,11179
Random Forest,0.267,0.9883710528669827,0.9998190209030857,0.9940620782726046,0.988195313897335,1,130,2,11049,11179
Random Forest,0.268,0.9883710528669827,0.9998190209030857,0.9940620782726046,0.988195313897335,1,130,2,11049,11179
Random Forest,0.269,0.9883710528669827,0.9998190209030857,0.9940620782726046,0.988195313897335,1,130,2,11049,11179
Random Forest,0.27,0.9883710528669827,0.9998190209030857,0.9940620782726046,0.988195313897335,1,130,2,11049,11179
Random Forest,0.271,0.9883710528669827,0.9998190209030857,0.9940620782726046,0.988195313897335,1,130,2,11049,11179
Random Forest,0.272,0.9883710528669827,0.9998190209030857,0.9940620782726046,0.988195313897335,1,130,2,11049,11179
Random Forest,0.273,0.9883710528669827,0.9998190209030857,0.9940620782726046,0.988195313897335,1,130,2,11049,11179
Random Forest,0.274,0.9883710528669827,0.9998190209030857,0.9940620782726046,0.988195313897335,1,130,2,11049,11179
Random Forest,0.275,0.9883710528669827,0.9998190209030857,0.9940620782726046,0.988195313897335,1,130,2,11049,11179
Random Forest,0.276,0.9883710528669827,0.9998190209030857,0.9940620782726046,0.988195313897335,1,130,2,11049,11179
Random Forest,0.277,0.9883710528669827,0.9998190209030857,0.9940620782726046,0.988195313897335,1,130,2,11049,11179
Random Forest,0.278,0.9883710528669827,0.9998190209030857,0.9940620782726046,0.988195313897335,1,130,2,11049,11179
Random Forest,0.279,0.9883710528669827,0.9998190209030857,0.9940620782726046,0.988195313897335,1,130,2,11049,11179
Random Forest,0.28,0.9883710528669827,0.9998190209030857,0.9940620782726046,0.988195313897335,1,130,2,11049,11179
Random Forest,0.281,0.9883710528669827,0.9998190209030857,0.9940620782726046,0.988195313897335,1,130,2,11049,11179
Random Forest,0.282,0.9883710528669827,0.9998190209030857,0.9940620782726046,0.988195313897335,1,130,2,11049,11179
Random Forest,0.283,0.9883710528669827,0.9998190209030857,0.9940620782726046,0.988195313897335,1,130,2,11049,11179
Random Forest,0.284,0.9883700125246019,0.9997285313546286,0.9940168248684151,0.9881058844571633,1,130,3,11048,11178
Random Forest,0.285,0.9883700125246019,0.9997285313546286,0.9940168248684151,0.9881058844571633,1,130,3,11048,11178
Random Forest,0.286,0.9883700125246019,0.9997285313546286,0.9940168248684151,0.9881058844571633,1,130,3,11048,11178
Random Forest,0.287,0.9883700125246019,0.9997285313546286,0.9940168248684151,0.9881058844571633,1,130,3,11048,11178
Random Forest,0.288,0.9883700125246019,0.9997285313546286,0.9940168248684151,0.9881058844571633,1,130,3,11048,11178
Random Forest,0.289,0.9883689719960633,0.9996380418061714,0.9939715673924779,0.9880164550169916,1,130,4,11047,11177
Random Forest,0.29,0.9883689719960633,0.9996380418061714,0.9939715673924779,0.9880164550169916,1,130,4,11047,11177
Random Forest,0.291,0.9883689719960633,0.9996380418061714,0.9939715673924779,0.9880164550169916,1,130,4,11047,11177
Random Forest,0.292,0.9883689719960633,0.9996380418061714,0.9939715673924779,0.9880164550169916,1,130,4,11047,11177
Random Forest,0.293,0.9883689719960633,0.9996380418061714,0.9939715673924779,0.9880164550169916,1,130,4,11047,11177
Random Forest,0.294,0.9883689719960633,0.9996380418061714,0.9939715673924779,0.9880164550169916,1,130,4,11047,11177
Random Forest,0.295,0.9883689719960633,0.9996380418061714,0.9939715673924779,0.9880164550169916,1,130,4,11047,11177
Random Forest,0.296,0.9883689719960633,0.9996380418061714,0.9939715673924779,0.9880164550169916,1,130,4,11047,11177
Random Forest,0.297,0.9883689719960633,0.9996380418061714,0.9939715673924779,0.9880164550169916,1,130,4,11047,11177
Random Forest,0.298,0.9883689719960633,0.9996380418061714,0.9939715673924779,0.9880164550169916,1,130,4,11047,11177
Random Forest,0.299,0.9883689719960633,0.9996380418061714,0.9939715673924779,0.9880164550169916,1,130,4,11047,11177
Random Forest,0.3,0.9883689719960633,0.9996380418061714,0.9939715673924779,0.9880164550169916,1,130,4,11047,11177
Random Forest,0.301,0.9883689719960633,0.9996380418061714,0.9939715673924779,0.9880164550169916,1,130,4,11047,11177
Random Forest,0.302,0.9883689719960633,0.9996380418061714,0.9939715673924779,0.9880164550169916,1,130,4,11047,11177
Random Forest,0.303,0.9883689719960633,0.9996380418061714,0.9939715673924779,0.9880164550169916,1,130,4,11047,11177
Random Forest,0.304,0.9883689719960633,0.9996380418061714,0.9939715673924779,0.9880164550169916,1,130,4,11047,11177
Random Forest,0.305,0.9883689719960633,0.9996380418061714,0.9939715673924779,0.9880164550169916,1,130,4,11047,11177
Random Forest,0.306,0.9883689719960633,0.9996380418061714,0.9939715673924779,0.9880164550169916,1,130,4,11047,11177
Random Forest,0.307,0.9883689719960633,0.9996380418061714,0.9939715673924779,0.9880164550169916,1,130,4,11047,11177
Random Forest,0.308,0.9883689719960633,0.9996380418061714,0.9939715673924779,0.9880164550169916,1,130,4,11047,11177
Random Forest,0.309,0.9883689719960633,0.9996380418061714,0.9939715673924779,0.9880164550169916,1,130,4,11047,11177
Random Forest,0.31,0.9883689719960633,0.9996380418061714,0.9939715673924779,0.9880164550169916,1,130,4,11047,11177
Random Forest,0.311,0.9883689719960633,0.9996380418061714,0.9939715673924779,0.9880164550169916,1,130,4,11047,11177
Random Forest,0.312,0.9883689719960633,0.9996380418061714,0.9939715673924779,0.9880164550169916,1,130,4,11047,11177
Random Forest,0.313,0.9883689719960633,0.9996380418061714,0.9939715673924779,0.9880164550169916,1,130,4,11047,11177
Random Forest,0.314,0.9883689719960633,0.9996380418061714,0.9939715673924779,0.9880164550169916,1,130,4,11047,11177
Random Forest,0.315,0.9883689719960633,0.9996380418061714,0.9939715673924779,0.9880164550169916,1,130,4,11047,11177
Random Forest,0.316,0.9883679312813171,0.9995475522577142,0.9939263058442435,0.9879270255768199,1,130,5,11046,11176
Random Forest,0.317,0.9883679312813171,0.9995475522577142,0.9939263058442435,0.9879270255768199,1,130,5,11046,11176
Random Forest,0.318,0.9883679312813171,0.9995475522577142,0.9939263058442435,0.9879270255768199,1,130,5,11046,11176
Random Forest,0.319,0.9883679312813171,0.9995475522577142,0.9939263058442435,0.9879270255768199,1,130,5,11046,11176
Random Forest,0.32,0.9883679312813171,0.9995475522577142,0.9939263058442435,0.9879270255768199,1,130,5,11046,11176
Random Forest,0.321,0.9883679312813171,0.9995475522577142,0.9939263058442435,0.9879270255768199,1,130,5,11046,11176
Random Forest,0.322,0.9883679312813171,0.9995475522577142,0.9939263058442435,0.9879270255768199,1,130,5,11046,11176
Random Forest,0.323,0.9883679312813171,0.9995475522577142,0.9939263058442435,0.9879270255768199,1,130,5,11046,11176
Random Forest,0.324,0.9883679312813171,0.9995475522577142,0.9939263058442435,0.9879270255768199,1,130,5,11046,11176
Random Forest,0.325,0.9883679312813171,0.9995475522577142,0.9939263058442435,0.9879270255768199,1,130,5,11046,11176
Random Forest,0.326,0.9883679312813171,0.9995475522577142,0.9939263058442435,0.9879270255768199,1,130,5,11046,11176
Random Forest,0.327,0.9883679312813171,0.9995475522577142,0.9939263058442435,0.9879270255768199,1,130,5,11046,11176
Random Forest,0.328,0.9883679312813171,0.9995475522577142,0.9939263058442435,0.9879270255768199,1,130,5,11046,11176
Random Forest,0.329,0.9883679312813171,0.9995475522577142,0.9939263058442435,0.9879270255768199,1,130,5,11046,11176
Random Forest,0.33,0.9883679312813171,0.9995475522577142,0.9939263058442435,0.9879270255768199,1,130,5,11046,11176
Random Forest,0.331,0.9883104037406708,0.9945706270925708,0.9914306332311023,0.9830084063673762,1,130,60,10991,11121
Random Forest,0.332,0.9883104037406708,0.9945706270925708,0.9914306332311023,0.9830084063673762,1,130,60,10991,11121
Random Forest,0.333,0.9883104037406708,0.9945706270925708,0.9914306332311023,0.9830084063673762,1,130,60,10991,11121
Random Forest,0.334,0.9883104037406708,0.9945706270925708,0.9914306332311023,0.9830084063673762,1,130,60,10991,11121
Random Forest,0.335,0.9883078038611438,0.9866980363767984,0.9875022640825938,0.9753174745126095,2,129,147,10904,11033
Random Forest,0.336,0.9883078038611438,0.9866980363767984,0.9875022640825938,0.9753174745126095,2,129,147,10904,11033
Random Forest,0.337,0.9883078038611438,0.9866980363767984,0.9875022640825938,0.9753174745126095,2,129,147,10904,11033
Random Forest,0.338,0.9883078038611438,0.9866980363767984,0.9875022640825938,0.9753174745126095,2,129,147,10904,11033
Random Forest,0.339,0.9883078038611438,0.9866980363767984,0.9875022640825938,0.9753174745126095,2,129,147,10904,11033
Random Forest,0.34,0.9883078038611438,0.9866980363767984,0.9875022640825938,0.9753174745126095,2,129,147,10904,11033
Random Forest,0.341,0.9883078038611438,0.9866980363767984,0.9875022640825938,0.9753174745126095,2,129,147,10904,11033
Random Forest,0.342,0.9883067440174039,0.9866075468283413,0.9874564144364443,0.9752280450724379,2,129,148,10903,11032
Random Forest,0.343,0.9883067440174039,0.9866075468283413,0.9874564144364443,0.9752280450724379,2,129,148,10903,11032
Random Forest,0.344,0.9883067440174039,0.9866075468283413,0.9874564144364443,0.9752280450724379,2,129,148,10903,11032
Random Forest,0.345,0.9883952855847689,0.9865170572798841,0.9874552782935555,0.9752280450724379,3,128,149,10902,11030
Random Forest,0.346,0.9883952855847689,0.9865170572798841,0.9874552782935555,0.9752280450724379,3,128,149,10902,11030
Random Forest,0.347,0.9883952855847689,0.9865170572798841,0.9874552782935555,0.9752280450724379,3,128,149,10902,11030
Random Forest,0.348,0.9883952855847689,0.9865170572798841,0.9874552782935555,0.9752280450724379,3,128,149,10902,11030
Random Forest,0.349,0.9883952855847689,0.9865170572798841,0.9874552782935555,0.9752280450724379,3,128,149,10902,11030
Random Forest,0.35,0.9884198048691529,0.9809067052755407,0.9846489236079571,0.9697728492219638,4,127,211,10840,10967
Random Forest,0.351,0.9884198048691529,0.9809067052755407,0.9846489236079571,0.9697728492219638,4,127,211,10840,10967
Random Forest,0.352,0.988418748860113,0.9808162157270836,0.9846028069219239,0.9696834197817922,4,127,212,10839,10966
Random Forest,0.353,0.988418748860113,0.9808162157270836,0.9846028069219239,0.9696834197817922,4,127,212,10839,10966
Random Forest,0.354,0.988418748860113,0.9808162157270836,0.9846028069219239,0.9696834197817922,4,127,212,10839,10966
Random Forest,0.355,0.988418748860113,0.9808162157270836,0.9846028069219239,0.9696834197817922,4,127,212,10839,10966
Random Forest,0.356,0.988418748860113,0.9808162157270836,0.9846028069219239,0.9696834197817922,4,127,212,10839,10966
Random Forest,0.357,0.9885415711797598,0.9758392905619401,0.9821493624772313,0.9649436594526918,6,125,267,10784,10909
Random Forest,0.358,0.9885415711797598,0.9758392905619401,0.9821493624772313,0.9649436594526918,6,125,267,10784,10909
Random Forest,0.359,0.9885415711797598,0.9758392905619401,0.9821493624772313,0.9649436594526918,6,125,267,10784,10909
Random Forest,0.36,0.9885415711797598,0.9758392905619401,0.9821493624772313,0.9649436594526918,6,125,267,10784,10909
Random Forest,0.361,0.9885415711797598,0.9758392905619401,0.9821493624772313,0.9649436594526918,6,125,267,10784,10909
Random Forest,0.362,0.9885415711797598,0.9758392905619401,0.9821493624772313,0.9649436594526918,6,125,267,10784,10909
Random Forest,0.363,0.9885415711797598,0.9758392905619401,0.9821493624772313,0.9649436594526918,6,125,267,10784,10909
Random Forest,0.364,0.9885415711797598,0.9758392905619401,0.9821493624772313,0.9649436594526918,6,125,267,10784,10909
Random Forest,0.365,0.9885405207187385,0.9757488010134829,0.9821030101552894,0.9648542300125201,6,125,268,10783,10908
Random Forest,0.366,0.9885394700650958,0.9756583114650258,0.98205665361144,0.9647648005723484,6,125,269,10782,10907
Random Forest,0.367,0.9885194709772226,0.9739390100443399,0.981175076348056,0.963065641209086,6,125,288,10763,10888
Random Forest,0.368,0.9885194709772226,0.9739390100443399,0.981175076348056,0.963065641209086,6,125,288,10763,10888
Random Forest,0.369,0.9885194709772226,0.9739390100443399,0.981175076348056,0.963065641209086,6,125,288,10763,10888
Random Forest,0.37,0.9885194709772226,0.9739390100443399,0.981175076348056,0.963065641209086,6,125,288,10763,10888
Random Forest,0.371,0.9885194709772226,0.9739390100443399,0.981175076348056,0.963065641209086,6,125,288,10763,10888
Random Forest,0.372,0.9885194709772226,0.9739390100443399,0.981175076348056,0.963065641209086,6,125,288,10763,10888
Random Forest,0.373,0.9885194709772226,0.9739390100443399,0.981175076348056,0.963065641209086,6,125,288,10763,10888
Random Forest,0.374,0.9885724817989126,0.9706813862998823,0.9795452470094055,0.9599356108030763,7,124,324,10727,10851
Random Forest,0.375,0.9885724817989126,0.9706813862998823,0.9795452470094055,0.9599356108030763,7,124,324,10727,10851
Random Forest,0.376,0.9885714285714285,0.9705908967514252,0.979498653029542,0.9598461813629047,7,124,325,10726,10850
Random Forest,0.377,0.9885714285714285,0.9705908967514252,0.979498653029542,0.9598461813629047,7,124,325,10726,10850
Random Forest,0.378,0.9885714285714285,0.9705908967514252,0.979498653029542,0.9598461813629047,7,124,325,10726,10850
Random Forest,0.379,0.9886132197741159,0.966337887973939,0.9773486477829131,0.9557324271150063,8,123,372,10679,10802
Random Forest,0.38,0.9886132197741159,0.966337887973939,0.9773486477829131,0.9557324271150063,8,123,372,10679,10802
Random Forest,0.381,0.9885740826753368,0.9629897746810243,0.9756142280894756,0.9524235378286532,8,123,409,10642,10765
Random Forest,0.382,0.9885740826753368,0.9629897746810243,0.9756142280894756,0.9524235378286532,8,123,409,10642,10765
Random Forest,0.383,0.9885740826753368,0.9629897746810243,0.9756142280894756,0.9524235378286532,8,123,409,10642,10765
Random Forest,0.384,0.9885740826753368,0.9629897746810243,0.9756142280894756,0.9524235378286532,8,123,409,10642,10765
Random Forest,0.385,0.9885740826753368,0.9629897746810243,0.9756142280894756,0.9524235378286532,8,123,409,10642,10765
Random Forest,0.386,0.9885740826753368,0.9629897746810243,0.9756142280894756,0.9524235378286532,8,123,409,10642,10765
Random Forest,0.387,0.9885740826753368,0.9629897746810243,0.9756142280894756,0.9524235378286532,8,123,409,10642,10765
Random Forest,0.388,0.9885740826753368,0.9629897746810243,0.9756142280894756,0.9524235378286532,8,123,409,10642,10765
Random Forest,0.389,0.9885740826753368,0.9629897746810243,0.9756142280894756,0.9524235378286532,8,123,409,10642,10765
Random Forest,0.39,0.9885740826753368,0.9629897746810243,0.9756142280894756,0.9524235378286532,8,123,409,10642,10765
Random Forest,0.391,0.9884906896229063,0.9559315899013664,0.9719385408041218,0.9454480414952603,8,123,487,10564,10687
Random Forest,0.392,0.9884906896229063,0.9559315899013664,0.9719385408041218,0.9454480414952603,8,123,487,10564,10687
Random Forest,0.393,0.9884906896229063,0.9559315899013664,0.9719385408041218,0.9454480414952603,8,123,487,10564,10687
Random Forest,0.394,0.9884387630416392,0.951588091575423,0.9696634393729829,0.9411554283670184,8,123,535,10516,10639
Random Forest,0.395,0.9884387630416392,0.951588091575423,0.9696634393729829,0.9411554283670184,8,123,535,10516,10639
Random Forest,0.396,0.9884376762549352,0.9514976020269659,0.9696159343445987,0.9410659989268467,8,123,536,10515,10638
Random Forest,0.397,0.9884376762549352,0.9514976020269659,0.9696159343445987,0.9410659989268467,8,123,536,10515,10638
Random Forest,0.398,0.9884376762549352,0.9514976020269659,0.9696159343445987,0.9410659989268467,8,123,536,10515,10638
Random Forest,0.399,0.9883885584820165,0.947425572346394,0.9674736647569765,0.93704167411912,8,123,581,10470,10593
Random Forest,0.4,0.9884349227414921,0.9435345217627364,0.965462962962963,0.9332856376319084,9,122,624,10427,10549
Random Forest,0.401,0.9884431709646609,0.9364763369830784,0.9617582826076855,0.9263995707386872,10,121,702,10349,10470
Random Forest,0.402,0.9884493213976321,0.9292371731065062,0.9579291044776119,0.9193346449651225,11,120,782,10269,10389
Random Forest,0.403,0.9884493213976321,0.9292371731065062,0.9579291044776119,0.9193346449651225,11,120,782,10269,10389
Random Forest,0.404,0.9884493213976321,0.9292371731065062,0.9579291044776119,0.9193346449651225,11,120,782,10269,10389
Random Forest,0.405,0.9884493213976321,0.9292371731065062,0.9579291044776119,0.9193346449651225,11,120,782,10269,10389
Random Forest,0.406,0.9884493213976321,0.9292371731065062,0.9579291044776119,0.9193346449651225,11,120,782,10269,10389
Random Forest,0.407,0.9884493213976321,0.9292371731065062,0.9579291044776119,0.9193346449651225,11,120,782,10269,10389
Random Forest,0.408,0.9884147518826029,0.9264319971043344,0.9564201971133636,0.9165623323197997,11,120,813,10238,10358
Random Forest,0.409,0.988490182802979,0.9248031852321057,0.9555867227676484,0.9150420318368807,12,119,831,10220,10339
Random Forest,0.41,0.988490182802979,0.9248031852321057,0.9555867227676484,0.9150420318368807,12,119,831,10220,10339
Random Forest,0.411,0.988490182802979,0.9248031852321057,0.9555867227676484,0.9150420318368807,12,119,831,10220,10339
Random Forest,0.412,0.988490182802979,0.9248031852321057,0.9555867227676484,0.9150420318368807,12,119,831,10220,10339
Random Forest,0.413,0.988490182802979,0.9248031852321057,0.9555867227676484,0.9150420318368807,12,119,831,10220,10339
Random Forest,0.414,0.988458927359131,0.9222694778753054,0.9542177698717349,0.9125380075120729,12,119,859,10192,10311
Random Forest,0.415,0.988458927359131,0.9222694778753054,0.9542177698717349,0.9125380075120729,12,119,859,10192,10311
Random Forest,0.416,0.9885146972941405,0.9190118541308478,0.9524970691676437,0.9094079771060634,13,118,895,10156,10274
Random Forest,0.417,0.9885146972941405,0.9190118541308478,0.9524970691676437,0.9094079771060634,13,118,895,10156,10274
Random Forest,0.418,0.9885146972941405,0.9190118541308478,0.9524970691676437,0.9094079771060634,13,118,895,10156,10274
Random Forest,0.419,0.9884855581576893,0.9166591258709619,0.9512183670594864,0.907082811661599,13,118,921,10130,10248
Random Forest,0.42,0.988484434468625,0.9165686363225047,0.9511691238613954,0.9069933822214273,13,118,922,10129,10247
Random Forest,0.421,0.988484434468625,0.9165686363225047,0.9511691238613954,0.9069933822214273,13,118,922,10129,10247
Random Forest,0.422,0.988484434468625,0.9165686363225047,0.9511691238613954,0.9069933822214273,13,118,922,10129,10247
Random Forest,0.423,0.988484434468625,0.9165686363225047,0.9511691238613954,0.9069933822214273,13,118,922,10129,10247
Random Forest,0.424,0.9884438350798159,0.9133110125780473,0.9493932837926817,0.9037739223752459,13,118,958,10093,10211
Random Forest,0.425,0.9884819846426461,0.9086055560582753,0.946862181149512,0.899213020926489,14,117,1010,10041,10158
Random Forest,0.426,0.9884819846426461,0.9086055560582753,0.946862181149512,0.899213020926489,14,117,1010,10041,10158
Random Forest,0.427,0.9884819846426461,0.9086055560582753,0.946862181149512,0.899213020926489,14,117,1010,10041,10158
Random Forest,0.428,0.9884819846426461,0.9086055560582753,0.946862181149512,0.899213020926489,14,117,1010,10041,10158
Random Forest,0.429,0.9884819846426461,0.9086055560582753,0.946862181149512,0.899213020926489,14,117,1010,10041,10158
Random Forest,0.43,0.9885793049128679,0.9086055560582753,0.9469068276122218,0.8993024503666607,15,116,1010,10041,10157
Random Forest,0.431,0.9885793049128679,0.9086055560582753,0.9469068276122218,0.8993024503666607,15,116,1010,10041,10157
Random Forest,0.432,0.9885793049128679,0.9086055560582753,0.9469068276122218,0.8993024503666607,15,116,1010,10041,10157
Random Forest,0.433,0.9885364166419607,0.9051669532169034,0.9450165328294756,0.8959041316401359,15,116,1048,10003,10119
Random Forest,0.434,0.9885364166419607,0.9051669532169034,0.9450165328294756,0.8959041316401359,15,116,1048,10003,10119
Random Forest,0.435,0.9885364166419607,0.9051669532169034,0.9450165328294756,0.8959041316401359,15,116,1048,10003,10119
Random Forest,0.436,0.9885364166419607,0.9051669532169034,0.9450165328294756,0.8959041316401359,15,116,1048,10003,10119
Random Forest,0.437,0.9885364166419607,0.9051669532169034,0.9450165328294756,0.8959041316401359,15,116,1048,10003,10119
Random Forest,0.438,0.9885364166419607,0.9051669532169034,0.9450165328294756,0.8959041316401359,15,116,1048,10003,10119
Random Forest,0.439,0.988457711442786,0.8989231743733599,0.9415667503909767,0.8897335002682883,15,116,1117,9934,10050
Random Forest,0.44,0.988457711442786,0.8989231743733599,0.9415667503909767,0.8897335002682883,15,116,1117,9934,10050
Random Forest,0.441,0.988457711442786,0.8989231743733599,0.9415667503909767,0.8897335002682883,15,116,1117,9934,10050
Random Forest,0.442,0.9885080443689418,0.8951226133381595,0.9395004273910152,0.8860668932212484,16,115,1159,9892,10007
Random Forest,0.443,0.9885080443689418,0.8951226133381595,0.9395004273910152,0.8860668932212484,16,115,1159,9892,10007
Random Forest,0.444,0.9885080443689418,0.8951226133381595,0.9395004273910152,0.8860668932212484,16,115,1159,9892,10007
Random Forest,0.445,0.9885080443689418,0.8951226133381595,0.9395004273910152,0.8860668932212484,16,115,1159,9892,10007
Random Forest,0.446,0.9885288790501107,0.888969324043073,0.9361093906331888,0.8800751207297443,17,114,1227,9824,9938
Random Forest,0.447,0.9885288790501107,0.888969324043073,0.9361093906331888,0.8800751207297443,17,114,1227,9824,9938
Random Forest,0.448,0.9885265700483091,0.8887883449461588,0.9360080049554486,0.8798962618494008,17,114,1229,9822,9936
Random Forest,0.449,0.9885265700483091,0.8887883449461588,0.9360080049554486,0.8798962618494008,17,114,1229,9822,9936
Random Forest,0.45,0.9885265700483091,0.8887883449461588,0.9360080049554486,0.8798962618494008,17,114,1229,9822,9936
Random Forest,0.451,0.9884941461445297,0.8862546375893584,0.9345865737869173,0.877392237524593,17,114,1257,9794,9908
Random Forest,0.452,0.9884205180294566,0.8805537960365578,0.9313744257274119,0.8717581827937757,17,114,1320,9731,9845
Random Forest,0.453,0.9884205180294566,0.8805537960365578,0.9313744257274119,0.8717581827937757,17,114,1320,9731,9845
Random Forest,0.454,0.9885457148701166,0.8746719753868428,0.9281290508425752,0.8661241280629584,19,112,1385,9666,9778
Random Forest,0.455,0.9885990139687757,0.8709619039000995,0.9260595564535526,0.8625469504560902,20,111,1426,9625,9736
Random Forest,0.456,0.9885990139687757,0.8709619039000995,0.9260595564535526,0.8625469504560902,20,111,1426,9625,9736
Random Forest,0.457,0.988656285449108,0.8675233010587278,0.9241372662425295,0.8592380611697371,21,110,1464,9587,9697
Random Forest,0.458,0.988656285449108,0.8675233010587278,0.9241372662425295,0.8592380611697371,21,110,1464,9587,9697
Random Forest,0.459,0.988656285449108,0.8675233010587278,0.9241372662425295,0.8592380611697371,21,110,1464,9587,9697
Random Forest,0.46,0.9887081736247798,0.8636322504750701,0.9219474497681608,0.8554820246825254,22,109,1507,9544,9653
Random Forest,0.461,0.9887546855476884,0.8592887521491268,0.9194868070685064,0.8512788409944554,23,108,1555,9496,9604
Random Forest,0.462,0.9887605042016807,0.8517781196271831,0.9151718438578581,0.8439456269003756,24,107,1638,9413,9520
Random Forest,0.463,0.9886939983093829,0.8467107049135825,0.9122105776261272,0.8389375782507601,24,107,1694,9357,9464
Random Forest,0.464,0.988692803550671,0.8466202153651253,0.9121575509408208,0.8388481488105884,24,107,1695,9356,9463
Random Forest,0.465,0.988692803550671,0.8466202153651253,0.9121575509408208,0.8388481488105884,24,107,1695,9356,9463
Random Forest,0.466,0.988692803550671,0.8466202153651253,0.9121575509408208,0.8388481488105884,24,107,1695,9356,9463
Random Forest,0.467,0.988692803550671,0.8466202153651253,0.9121575509408208,0.8388481488105884,24,107,1695,9356,9463
Random Forest,0.468,0.9886916085394208,0.8465297258166682,0.912104519085458,0.8387587193704168,24,107,1696,9355,9462
Random Forest,0.469,0.9886218630370055,0.8412813320061533,0.9090197995600098,0.8335718118404579,24,107,1754,9297,9404
Random Forest,0.47,0.9886012570576329,0.8397430096823817,0.908112339759272,0.8320515113575389,24,107,1771,9280,9387
Random Forest,0.471,0.9886012570576329,0.8397430096823817,0.908112339759272,0.8320515113575389,24,107,1771,9280,9387
Random Forest,0.472,0.9886012570576329,0.8397430096823817,0.908112339759272,0.8320515113575389,24,107,1771,9280,9387
Random Forest,0.473,0.9886012570576329,0.8397430096823817,0.908112339759272,0.8320515113575389,24,107,1771,9280,9387
Random Forest,0.474,0.9886012570576329,0.8397430096823817,0.908112339759272,0.8320515113575389,24,107,1771,9280,9387
Random Forest,0.475,0.9885573735429366,0.8364853859379242,0.9061856680717577,0.8288320515113575,24,107,1807,9244,9351
Random Forest,0.476,0.9885516794470245,0.8282508370283233,0.9013293943870014,0.8207834018959042,25,106,1898,9153,9259
Random Forest,0.477,0.9885516794470245,0.8282508370283233,0.9013293943870014,0.8207834018959042,25,106,1898,9153,9259
Random Forest,0.478,0.9885516794470245,0.8282508370283233,0.9013293943870014,0.8207834018959042,25,106,1898,9153,9259
Random Forest,0.479,0.9885516794470245,0.8282508370283233,0.9013293943870014,0.8207834018959042,25,106,1898,9153,9259
Random Forest,0.48,0.9885516794470245,0.8282508370283233,0.9013293943870014,0.8207834018959042,25,106,1898,9153,9259
Random Forest,0.481,0.9885919165580183,0.8233644014116369,0.8984448284374229,0.8160436415668038,26,105,1952,9099,9204
Random Forest,0.482,0.9885906769531675,0.8232739118631798,0.8983904413942925,0.8159542121266321,26,105,1953,9098,9203
Random Forest,0.483,0.9885195713973322,0.818116007601122,0.8952814774471456,0.8108567340368449,26,105,2010,9041,9146
Random Forest,0.484,0.9885183160196829,0.8180255180526649,0.8952267775797188,0.8107673045966732,26,105,2011,9040,9145
Random Forest,0.485,0.9886949840851718,0.8151298525020361,0.8935621466124393,0.808084421391522,28,103,2043,9008,9111
Random Forest,0.486,0.9887504135877357,0.8112388019183784,0.8912416741226762,0.8043283849043105,29,102,2086,8965,9067
Random Forest,0.487,0.9887827632163483,0.8056284499140349,0.88785838942907,0.7988731890538365,30,101,2148,8903,9004
Random Forest,0.488,0.9887815172720205,0.8055379603655778,0.8878029320833749,0.7987837596136648,30,101,2149,8902,9003
Random Forest,0.489,0.9887802710508776,0.8054474708171206,0.8877474692066025,0.7986943301734931,30,101,2150,8901,9002
Random Forest,0.49,0.9887790245528275,0.8053569812686635,0.8876920007979254,0.7986049007333214,30,101,2151,8900,9001
Random Forest,0.491,0.9887415003901461,0.8026422948149489,0.8860253720907002,0.7959220175281703,30,101,2181,8870,8971
Random Forest,0.492,0.9887415003901461,0.8026422948149489,0.8860253720907002,0.7959220175281703,30,101,2181,8870,8971
Random Forest,0.493,0.9887087758524316,0.8002895665550629,0.8845769153830766,0.793596852083706,30,101,2207,8844,8945
Random Forest,0.494,0.9887087758524316,0.8002895665550629,0.8845769153830766,0.793596852083706,30,101,2207,8844,8945
Random Forest,0.495,0.9888661667802772,0.7876210297710614,0.876844809348713,0.7813450187801825,33,98,2347,8704,8802
Random Forest,0.496,0.9888649017157142,0.7875305402226043,0.876788232923635,0.7812555893400107,33,98,2348,8703,8801
Random Forest,0.497,0.9888649017157142,0.7875305402226043,0.876788232923635,0.7812555893400107,33,98,2348,8703,8801
Random Forest,0.498,0.9888649017157142,0.7875305402226043,0.876788232923635,0.7812555893400107,33,98,2348,8703,8801
Random Forest,0.499,0.9888191671420422,0.7842729164781468,0.8747476786435204,0.7780361294938294,33,98,2384,8667,8765
Random Forest,0.5,0.9888178913738019,0.7841824269296896,0.8746908907393389,0.7779467000536576,33,98,2385,8666,8764
Random Forest,0.501,0.9888178913738019,0.7841824269296896,0.8746908907393389,0.7779467000536576,33,98,2385,8666,8764
Random Forest,0.502,0.9887935963407661,0.7824631255090038,0.8736108304708022,0.7762475406903953,33,98,2404,8647,8745
Random Forest,0.503,0.9889883000688231,0.7802008867975749,0.8722747736354899,0.7741906635664461,35,96,2429,8622,8718
Random Forest,0.504,0.9889375432127219,0.7765813048592888,0.8699883420345684,0.7706134859595779,35,96,2469,8582,8678
Random Forest,0.505,0.9889375432127219,0.7765813048592888,0.8699883420345684,0.7706134859595779,35,96,2469,8582,8678
Random Forest,0.506,0.9889375432127219,0.7765813048592888,0.8699883420345684,0.7706134859595779,35,96,2469,8582,8678
Random Forest,0.507,0.9889235029421946,0.77558591982626,0.8693579470534537,0.7696297621176892,35,96,2480,8571,8667
Random Forest,0.508,0.9889235029421946,0.77558591982626,0.8693579470534537,0.7696297621176892,35,96,2480,8571,8667
Random Forest,0.509,0.9889209463358338,0.7754049407293457,0.8692432542097789,0.7694509032373458,35,96,2482,8569,8665
Random Forest,0.51,0.9892236384704519,0.7725092751787168,0.8675372186372644,0.7668574494723663,38,93,2514,8537,8630
Random Forest,0.511,0.989165890027959,0.7683467559496878,0.8648841354723708,0.7627436952244679,38,93,2560,8491,8584
Random Forest,0.512,0.989165890027959,0.7683467559496878,0.8648841354723708,0.7627436952244679,38,93,2560,8491,8584
Random Forest,0.513,0.9891062434110344,0.7640937471722016,0.8621605064325097,0.7585405115363978,38,93,2607,8444,8537
Random Forest,0.514,0.9891458235016517,0.7586643742647724,0.8587084549597993,0.7532641745662673,39,92,2667,8384,8476
Random Forest,0.515,0.9891458235016517,0.7586643742647724,0.8587084549597993,0.7532641745662673,39,92,2667,8384,8476
Random Forest,0.516,0.9890891840607211,0.7546828341326577,0.8561309859877843,0.7493292791987122,39,92,2711,8340,8432
Random Forest,0.517,0.9890913450011988,0.746629264319971,0.8509255917083484,0.7414594884636022,40,91,2800,8251,8342
Random Forest,0.518,0.9890913450011988,0.746629264319971,0.8509255917083484,0.7414594884636022,40,91,2800,8251,8342
Random Forest,0.519,0.9890913450011988,0.746629264319971,0.8509255917083484,0.7414594884636022,40,91,2800,8251,8342
Random Forest,0.52,0.9891027969487831,0.7392091213464845,0.846090108751942,0.7342157038096941,41,90,2882,8169,8259
Random Forest,0.521,0.9890776699029126,0.7374898199257985,0.8449536053081748,0.7325165444464318,41,90,2901,8150,8240
Random Forest,0.522,0.9890776699029126,0.7374898199257985,0.8449536053081748,0.7325165444464318,41,90,2901,8150,8240
Random Forest,0.523,0.9890776699029126,0.7374898199257985,0.8449536053081748,0.7325165444464318,41,90,2901,8150,8240
Random Forest,0.524,0.9891625615763546,0.7268120532078545,0.8379322935684106,0.722142729386514,43,88,3019,8032,8120
Random Forest,0.525,0.989260585112949,0.7251832413356257,0.8368838763575606,0.7206224289035951,44,87,3037,8014,8101
Random Forest,0.526,0.9893287008313687,0.7214731698488824,0.8344322344322345,0.7170452512967269,45,86,3078,7973,8059
Random Forest,0.527,0.9892526868282929,0.7163152655868247,0.830945257964625,0.7119477732069397,45,86,3135,7916,8002
Random Forest,0.528,0.9892526868282929,0.7163152655868247,0.830945257964625,0.7119477732069397,45,86,3135,7916,8002
Random Forest,0.529,0.9893390191897654,0.7137815582300244,0.8292682926829268,0.7095331783223037,46,85,3163,7888,7973
Random Forest,0.53,0.9892364188932506,0.7069043525472808,0.824572514249525,0.7027365408692542,46,85,3239,7812,7897
Random Forest,0.531,0.9893753200204813,0.6993937200253371,0.8194878863383344,0.6954927562153461,48,83,3322,7729,7812
Random Forest,0.532,0.9895348837209302,0.6930594516333364,0.8151774785801713,0.6894115542836702,50,81,3392,7659,7740
Random Forest,0.533,0.9895205658894419,0.6835580490453352,0.8085630184640086,0.6801108925058129,51,80,3497,7554,7634
Random Forest,0.534,0.9894861348403207,0.6812958103339064,0.8069667738478028,0.6778751565015203,51,80,3522,7529,7609
Random Forest,0.535,0.9893969516235918,0.6755044792326487,0.802860830286083,0.6721516723305312,51,80,3586,7465,7545
Random Forest,0.536,0.9894300240834895,0.6691702108406479,0.7983805668016194,0.6659810409586836,52,79,3656,7395,7474
Random Forest,0.537,0.9893602693602693,0.6647362229662473,0.795193764884174,0.66159899839027,52,79,3705,7346,7425
Random Forest,0.538,0.989280868385346,0.659759297801104,0.7915965474187069,0.6566803791808263,52,79,3760,7291,7370
Random Forest,0.539,0.989247311827957,0.6576780381865894,0.7900858788998805,0.6546235020568771,52,79,3783,7268,7347
Random Forest,0.54,0.9893602321403897,0.6479051669532169,0.7830271216097988,0.6451439813986765,54,77,3891,7160,7237
Random Forest,0.541,0.9896038212981174,0.6374083793321871,0.7753866475865485,0.6350384546592739,57,74,4007,7044,7118
Random Forest,0.542,0.9895124716553289,0.6317980273278436,0.7711934610923952,0.6294938293686282,57,74,4069,6982,7056
Random Forest,0.543,0.9895550150236085,0.6258257171296715,0.766740576496674,0.6236809157574673,58,73,4135,6916,6989
Random Forest,0.544,0.9897487727403985,0.6203058546737852,0.7626411525838571,0.6184045787873368,60,71,4196,6855,6926
Random Forest,0.545,0.99003663003663,0.6114378789249841,0.7559856791228463,0.6099087819710248,63,68,4294,6757,6825
Random Forest,0.546,0.989871909442955,0.6013935390462402,0.7482127779341402,0.5999821141119657,63,68,4405,6646,6714
Random Forest,0.547,0.9897280966767371,0.5928875214912678,0.7415539584630185,0.5915757467358255,63,68,4499,6552,6620
Random Forest,0.548,0.9895992658305293,0.5854673785177812,0.7356870771504918,0.5842425326417456,63,68,4581,6470,6538
Random Forest,0.549,0.9895304080061585,0.5815763279341236,0.7325886241878491,0.5803970667143624,63,68,4624,6427,6495
Random Forest,0.55,0.9897730904442313,0.5604922631436069,0.7156970362239298,0.559917724915042,67,64,4857,6194,6258
Random Forest,0.551,0.98999343832021,0.5461044249389195,0.7039132209715986,0.5459667322482561,70,61,5016,6035,6096
Random Forest,0.552,0.9901830282861896,0.5385033028685187,0.6976144422952933,0.5386335181541764,72,59,5100,5951,6010
Random Forest,0.553,0.9902340461357131,0.532169034476518,0.6922895821071219,0.5324628867823288,73,58,5170,5881,5939
Random Forest,0.554,0.9900650907845152,0.5230295900823455,0.6844691811238084,0.5234305133249866,73,58,5271,5780,5838
Random Forest,0.555,0.9899948249094359,0.5193195185956022,0.6812678062678063,0.5197639062779467,73,58,5312,5739,5797
Random Forest,0.556,0.9899948249094359,0.5193195185956022,0.6812678062678063,0.5197639062779467,73,58,5312,5739,5797
Random Forest,0.557,0.9902585901523202,0.5059270654239435,0.6697011439180691,0.5067966374530496,76,55,5460,5591,5646
Random Forest,0.558,0.9902667627974044,0.49714957922359965,0.6619675884089403,0.4982114111965659,77,54,5557,5494,5548
Random Forest,0.559,0.9901657257330176,0.49199167496154195,0.6573570305888042,0.49311393310677876,77,54,5614,5437,5491
Random Forest,0.56,0.9899870202113852,0.48312369921274095,0.649355387983459,0.48434984796995173,77,54,5712,5339,5393
Random Forest,0.561,0.9899046550757151,0.4791421590806262,0.6457317073170732,0.4804149526023967,77,54,5756,5295,5349
Random Forest,0.562,0.9899046550757151,0.4791421590806262,0.6457317073170732,0.4804149526023967,77,54,5756,5295,5349
Random Forest,0.563,0.9897862682050312,0.4735318070762827,0.6405924837801444,0.47487032731175105,77,54,5818,5233,5287
Random Forest,0.564,0.9899182042990299,0.4709076101710252,0.6382143733137111,0.4723663029869433,78,53,5847,5204,5257
Random Forest,0.565,0.9899162861491628,0.4708171206225681,0.6381308640461152,0.4722768735467716,78,53,5848,5203,5256
Random Forest,0.566,0.9898233486943164,0.46647362229662476,0.6341103388892306,0.4679842604185298,78,53,5896,5155,5208
Random Forest,0.567,0.9897027394598795,0.4609537598407384,0.6289665390788987,0.4625290645680558,78,53,5957,5094,5147
Random Forest,0.568,0.9894945490584738,0.4517238258981088,0.6202783300198808,0.45340726167054196,78,53,6059,4992,5045
Random Forest,0.569,0.9894401275154413,0.4493710976382228,0.6180460485376478,0.45108209622607764,78,53,6085,4966,5019
Random Forest,0.57,0.989433042064621,0.44059361143787895,0.6096919609316304,0.442496869969594,79,52,6182,4869,4921
Random Forest,0.571,0.9895620139173148,0.4375169667903357,0.606764133776746,0.43954569844392777,80,51,6216,4835,4886
Random Forest,0.572,0.9900476881608957,0.4320875938829065,0.6016127000125993,0.4344482203541406,83,48,6276,4775,4823
Random Forest,0.573,0.9901426174496645,0.42720115826622024,0.5968771730197864,0.42970846002504026,84,47,6330,4721,4768
Random Forest,0.574,0.9899551186150887,0.4191475884535336,0.5889383343928798,0.42174923984975854,84,47,6419,4632,4679
Random Forest,0.575,0.9899551186150887,0.4191475884535336,0.5889383343928798,0.42174923984975854,84,47,6419,4632,4679
Random Forest,0.576,0.9902386117136659,0.41308478870690435,0.5829768214034864,0.4159363262385977,86,45,6486,4565,4610
Random Forest,0.577,0.9902386117136659,0.41308478870690435,0.5829768214034864,0.4159363262385977,86,45,6486,4565,4610
Random Forest,0.578,0.9901811040802968,0.41064157089856124,0.5805296149417936,0.4135217313539617,86,45,6513,4538,4583
Random Forest,0.579,0.9900574458683163,0.4054836666365035,0.5753354304423188,0.4084242532641746,86,45,6570,4481,4526
Random Forest,0.58,0.9901301031852848,0.3994208668898742,0.5692178734928106,0.40252191021284206,87,44,6637,4414,4458
Random Forest,0.581,0.9900497512437811,0.3961632431454167,0.5658889678795321,0.3993024503666607,87,44,6673,4378,4422
Random Forest,0.582,0.9900068135362253,0.3944439417247308,0.5641257926750356,0.3976032910033983,87,44,6692,4359,4403
Random Forest,0.583,0.9898804047838087,0.3894670165595874,0.5589973374894474,0.39268467179395455,87,44,6747,4304,4348
Random Forest,0.584,0.9899976738776459,0.385123518233644,0.554527687296417,0.38848148810588445,88,43,6795,4256,4299
Random Forest,0.585,0.9899976738776459,0.385123518233644,0.554527687296417,0.38848148810588445,88,43,6795,4256,4299
Random Forest,0.586,0.9899509231128768,0.38331372726450097,0.5526418786692759,0.3866928993024504,88,43,6815,4236,4279
Random Forest,0.587,0.9898104265402844,0.37797484390552893,0.547049963984022,0.3814165623323198,88,43,6874,4177,4220
Random Forest,0.588,0.9897619047619047,0.37616505293638586,0.5451445806832339,0.3796279735288857,88,43,6894,4157,4200
Random Forest,0.589,0.9897619047619047,0.37616505293638586,0.5451445806832339,0.3796279735288857,88,43,6894,4157,4200
Random Forest,0.59,0.9898206495395055,0.36955931589901364,0.5381827765698096,0.373189053836523,89,42,6967,4084,4126
Random Forest,0.591,0.9898206495395055,0.36955931589901364,0.5381827765698096,0.373189053836523,89,42,6967,4084,4126
Random Forest,0.592,0.9898206495395055,0.36955931589901364,0.5381827765698096,0.373189053836523,89,42,6967,4084,4126
Random Forest,0.593,0.9898206495395055,0.36955931589901364,0.5381827765698096,0.373189053836523,89,42,6967,4084,4126
Random Forest,0.594,0.9898181818181818,0.3694688263505565,0.5380864522930944,0.3730996243963513,89,42,6968,4083,4125
Random Forest,0.595,0.9897285399853265,0.366211202606099,0.5346103038309115,0.3698801645501699,89,42,7004,4047,4089
Random Forest,0.596,0.9897235135796427,0.3660302235091847,0.5344166996961289,0.3697013056698265,89,42,7006,4045,4087
Random Forest,0.597,0.9897209985315712,0.36593973396072754,0.5343198784435489,0.3696118762296548,89,42,7007,4044,4086
Random Forest,0.598,0.9898263027295285,0.3609628087955841,0.529010012598634,0.36478268646038275,90,41,7062,3989,4030
Random Forest,0.599,0.9897730107258668,0.3590625282779839,0.5269588313413015,0.36290466821677697,90,41,7083,3968,4009
Random Forest,0.6,0.9897730107258668,0.3590625282779839,0.5269588313413015,0.36290466821677697,90,41,7083,3968,4009
Random Forest,0.601,0.9898913318170331,0.3544475613066691,0.5219882729211087,0.35843319620819175,91,40,7134,3917,3957
Random Forest,0.602,0.9898862199747156,0.35426658220975477,0.5217912834866053,0.35825433732784834,91,40,7136,3915,3955
Random Forest,0.603,0.9898348157560356,0.3524567912406117,0.5198184972641132,0.35646574852441426,91,40,7156,3895,3935
Random Forest,0.604,0.9897092873681502,0.34811329291466836,0.5150622573302985,0.3521731353961724,91,40,7204,3847,3887
Random Forest,0.605,0.9897092873681502,0.34811329291466836,0.5150622573302985,0.3521731353961724,91,40,7204,3847,3887
Random Forest,0.606,0.9897092873681502,0.34811329291466836,0.5150622573302985,0.3521731353961724,91,40,7204,3847,3887
Random Forest,0.607,0.9897066392177046,0.3480228033662112,0.5149628439445672,0.3520837059560007,91,40,7205,3846,3886
Random Forest,0.608,0.989841104454285,0.34386028413718217,0.5104096709200806,0.348059381148274,92,39,7251,3800,3839
Random Forest,0.609,0.989841104454285,0.34386028413718217,0.5104096709200806,0.348059381148274,92,39,7251,3800,3839
Random Forest,0.61,0.989841104454285,0.34386028413718217,0.5104096709200806,0.348059381148274,92,39,7251,3800,3839
Random Forest,0.611,0.989841104454285,0.34386028413718217,0.5104096709200806,0.348059381148274,92,39,7251,3800,3839
Random Forest,0.612,0.9895498392282959,0.33417790245226675,0.4996279510248258,0.3384904310499016,92,39,7358,3693,3732
Random Forest,0.613,0.9897491232802805,0.3320061532892951,0.49722184577856077,0.3364335539259524,93,38,7382,3669,3707
Random Forest,0.614,0.9897463572584997,0.3319156637408379,0.4971200108423121,0.3363441244857807,93,38,7383,3668,3706
Random Forest,0.615,0.9897463572584997,0.3319156637408379,0.4971200108423121,0.3363441244857807,93,38,7383,3668,3706
Random Forest,0.616,0.9897435897435898,0.3318251741923808,0.4970181621035511,0.336254695045609,93,38,7384,3667,3705
Random Forest,0.617,0.9897435897435898,0.3318251741923808,0.4970181621035511,0.336254695045609,93,38,7384,3667,3705
Random Forest,0.618,0.9897435897435898,0.3318251741923808,0.4970181621035511,0.336254695045609,93,38,7384,3667,3705
Random Forest,0.619,0.9897435897435898,0.3318251741923808,0.4970181621035511,0.336254695045609,93,38,7384,3667,3705
Random Forest,0.62,0.9900826446280991,0.3252194371550086,0.48961242422178325,0.329905204793418,95,36,7457,3594,3630
Random Forest,0.621,0.9902561247216035,0.32187132386209394,0.4858294065423752,0.3266857449472366,96,35,7494,3557,3592
Random Forest,0.622,0.9902561247216035,0.32187132386209394,0.4858294065423752,0.3266857449472366,96,35,7494,3557,3592
Random Forest,0.623,0.9902561247216035,0.32187132386209394,0.4858294065423752,0.3266857449472366,96,35,7494,3557,3592
Random Forest,0.624,0.9902561247216035,0.32187132386209394,0.4858294065423752,0.3266857449472366,96,35,7494,3557,3592
Random Forest,0.625,0.9901878329128119,0.3196090851506651,0.48323984129155834,0.324450008942944,96,35,7519,3532,3567
Random Forest,0.626,0.9901850813236119,0.31951859560220797,0.48313607443387835,0.3243605795027723,96,35,7520,3531,3566
Random Forest,0.627,0.9901850813236119,0.31951859560220797,0.48313607443387835,0.3243605795027723,96,35,7520,3531,3566
Random Forest,0.628,0.9903436523714854,0.3155370554700932,0.4785890749382377,0.32051511357538903,97,34,7564,3487,3521
Random Forest,0.629,0.9903409090909091,0.31544656592163606,0.47848466131356804,0.3204256841352173,97,34,7565,3486,3520
Random Forest,0.63,0.9903409090909091,0.31544656592163606,0.47848466131356804,0.3204256841352173,97,34,7565,3486,3520
Random Forest,0.631,0.9902439024390244,0.3122794317256357,0.474821133736929,0.31729565372920765,97,34,7600,3451,3485
Random Forest,0.632,0.9902439024390244,0.3122794317256357,0.474821133736929,0.31729565372920765,97,34,7600,3451,3485
Random Forest,0.633,0.990193250648976,0.3106506198534069,0.4729301556688249,0.315685923806117,97,34,7618,3433,3467
Random Forest,0.634,0.9901734104046243,0.3100171930142069,0.4721935083729584,0.31505991772491504,97,34,7625,3426,3460
Random Forest,0.635,0.9901734104046243,0.3100171930142069,0.4721935083729584,0.31505991772491504,97,34,7625,3426,3460
Random Forest,0.636,0.9901734104046243,0.3100171930142069,0.4721935083729584,0.31505991772491504,97,34,7625,3426,3460
Random Forest,0.637,0.99009612583746,0.3075739752058637,0.46934548467274234,0.312645322840279,97,34,7652,3399,3433
Random Forest,0.638,0.990002940311673,0.30467830965523485,0.4659562690285082,0.30978358075478446,97,34,7684,3367,3401
Random Forest,0.639,0.990002940311673,0.30467830965523485,0.4659562690285082,0.30978358075478446,97,34,7684,3367,3401
Random Forest,0.64,0.9900841346153846,0.29816306216631977,0.45830725363377145,0.30343409050259346,98,33,7756,3295,3328
Random Forest,0.641,0.9900841346153846,0.29816306216631977,0.45830725363377145,0.30343409050259346,98,33,7756,3295,3328
Random Forest,0.642,0.9900841346153846,0.29816306216631977,0.45830725363377145,0.30343409050259346,98,33,7756,3295,3328
Random Forest,0.643,0.9900841346153846,0.29816306216631977,0.45830725363377145,0.30343409050259346,98,33,7756,3295,3328
Random Forest,0.644,0.9900841346153846,0.29816306216631977,0.45830725363377145,0.30343409050259346,98,33,7756,3295,3328
Random Forest,0.645,0.9900482509047045,0.297077187584834,0.4570195587109348,0.302360937220533,98,33,7768,3283,3316
Random Forest,0.646,0.9899787427877316,0.2949959279703194,0.45454545454545453,0.3003040600965838,98,33,7791,3260,3293
Random Forest,0.647,0.9899787427877316,0.2949959279703194,0.45454545454545453,0.3003040600965838,98,33,7791,3260,3293
Random Forest,0.648,0.9899787427877316,0.2949959279703194,0.45454545454545453,0.3003040600965838,98,33,7791,3260,3293
Random Forest,0.649,0.989883507050889,0.2921907519681477,0.4511982114161951,0.29753174745126093,98,33,7822,3229,3262
Random Forest,0.65,0.989883507050889,0.2921907519681477,0.4511982114161951,0.29753174745126093,98,33,7822,3229,3262
Random Forest,0.651,0.9898804047838087,0.2921002624196905,0.4510899944102851,0.2974423180110892,98,33,7823,3228,3261
Random Forest,0.652,0.9898804047838087,0.2921002624196905,0.4510899944102851,0.2974423180110892,98,33,7823,3228,3261
Random Forest,0.653,0.9898804047838087,0.2921002624196905,0.4510899944102851,0.2974423180110892,98,33,7823,3228,3261
Random Forest,0.654,0.9898804047838087,0.2921002624196905,0.4510899944102851,0.2974423180110892,98,33,7823,3228,3261
Random Forest,0.655,0.9898804047838087,0.2921002624196905,0.4510899944102851,0.2974423180110892,98,33,7823,3228,3261
Random Forest,0.656,0.9901112484548825,0.28992851325671887,0.44851963323300903,0.29538544088714,99,32,7847,3204,3236
Random Forest,0.657,0.9903003754693367,0.28639942086688985,0.4443040640134765,0.2919871221606153,100,31,7886,3165,3196
Random Forest,0.658,0.9901179470832006,0.2810605375079178,0.4378347899633493,0.2867107851904847,100,31,7945,3106,3137
Random Forest,0.659,0.9901179470832006,0.2810605375079178,0.4378347899633493,0.2867107851904847,100,31,7945,3106,3137
Random Forest,0.66,0.990070467648943,0.27970319428106055,0.4361814718126014,0.28536934358790916,100,31,7960,3091,3122
Random Forest,0.661,0.990344383649823,0.27843634060266037,0.43466591326458537,0.284206760865677,101,30,7974,3077,3107
Random Forest,0.662,0.9902248289345064,0.27499773776128855,0.43045325779036825,0.2808084421391522,101,30,8012,3039,3069
Random Forest,0.663,0.9902248289345064,0.27499773776128855,0.43045325779036825,0.2808084421391522,101,30,8012,3039,3069
Random Forest,0.664,0.9902248289345064,0.27499773776128855,0.43045325779036825,0.2808084421391522,101,30,8012,3039,3069
Random Forest,0.665,0.9902248289345064,0.27499773776128855,0.43045325779036825,0.2808084421391522,101,30,8012,3039,3069
Random Forest,0.666,0.9902248289345064,0.27499773776128855,0.43045325779036825,0.2808084421391522,101,30,8012,3039,3069
Random Forest,0.667,0.9902248289345064,0.27499773776128855,0.43045325779036825,0.2808084421391522,101,30,8012,3039,3069
Random Forest,0.668,0.990170380078637,0.27345941543751695,0.4285612990143941,0.2792881416562332,101,30,8029,3022,3052
Random Forest,0.669,0.9903686482896048,0.26983983349923085,0.4241217465509885,0.2758003934895368,102,29,8069,2982,3011
Random Forest,0.67,0.99039780521262,0.2613338159442584,0.4135462160807618,0.26748345555356823,103,28,8163,2888,2916
Random Forest,0.671,0.9903548053737513,0.26015745181431543,0.41206822416511396,0.2663208728313361,103,28,8176,2875,2903
Random Forest,0.672,0.9903514817367333,0.2600669622658583,0.41195441840464414,0.2662314433911644,103,28,8177,2874,2902
Random Forest,0.673,0.9903514817367333,0.2600669622658583,0.41195441840464414,0.2662314433911644,103,28,8177,2874,2902
Random Forest,0.674,0.9903514817367333,0.2600669622658583,0.41195441840464414,0.2662314433911644,103,28,8177,2874,2902
Random Forest,0.675,0.9903481558083419,0.25997647271740115,0.41184059633027525,0.2661420139509927,103,28,8178,2873,2901
Random Forest,0.676,0.9902029391182645,0.2560854221337436,0.4069307642533611,0.26229654802360935,103,28,8221,2830,2858
Random Forest,0.677,0.9902029391182645,0.2560854221337436,0.4069307642533611,0.26229654802360935,103,28,8221,2830,2858
Random Forest,0.678,0.9901207464324918,0.24486471812505656,0.3926291352292513,0.2512967268824897,104,27,8345,2706,2733
Random Forest,0.679,0.9900881057268722,0.2440503121889422,0.391578947368421,0.25049186192094436,104,27,8354,2697,2724
Random Forest,0.68,0.9899628252788104,0.24097366754139896,0.38759915581107635,0.24745126095510642,104,27,8388,2663,2690
Random Forest,0.681,0.989891426432048,0.23925436612071305,0.38536656464072294,0.24575210159184405,104,27,8407,2644,2671
Random Forest,0.682,0.9898876404494382,0.2391638765722559,0.3852488885649734,0.24566267215167234,104,27,8408,2643,2670
Random Forest,0.683,0.9898876404494382,0.2391638765722559,0.3852488885649734,0.24566267215167234,104,27,8408,2643,2670
Random Forest,0.684,0.9898686679174484,0.23871142882997015,0.3846602508019831,0.2452155249508138,104,27,8413,2638,2665
Random Forest,0.685,0.9897997733282962,0.23708261695774138,0.38253759672944954,0.24360579502772312,104,27,8431,2620,2647
Random Forest,0.686,0.9897997733282962,0.23708261695774138,0.38253759672944954,0.24360579502772312,104,27,8431,2620,2647
Random Forest,0.687,0.9897959183673469,0.23699212740928421,0.38241950792144264,0.2435163655875514,104,27,8432,2619,2646
Random Forest,0.688,0.9894407508799374,0.2289385575965976,0.3718400940623163,0.23555714541226971,104,27,8521,2530,2557
Random Forest,0.689,0.9894324853228963,0.22875757849968328,0.3716007643686609,0.2353782865319263,104,27,8523,2528,2555
Random Forest,0.69,0.9896538002387585,0.22504750701294002,0.36670598643468005,0.23180110892505812,105,26,8564,2487,2513
Random Forest,0.691,0.9896124650419497,0.22414261152836848,0.36550095912645714,0.23090681452334108,105,26,8574,2477,2503
Random Forest,0.692,0.9896041583366654,0.22396163243145417,0.3652597402597403,0.23072795564299767,105,26,8576,2475,2501
Random Forest,0.693,0.9895916733386709,0.2236901637860827,0.36489777843383275,0.23045966732248255,105,26,8579,2472,2498
Random Forest,0.694,0.9895330112721417,0.22242331010768257,0.36320650166235685,0.2292076551600787,105,26,8593,2458,2484
Random Forest,0.695,0.9895287958115183,0.2223328205592254,0.36308556228757205,0.229118225719907,105,26,8594,2457,2483
Random Forest,0.696,0.9895245769540693,0.22224233101076826,0.362964605039533,0.2290287962797353,105,26,8595,2456,2482
Random Forest,0.697,0.9895118999596612,0.2219708623653968,0.36260162601626017,0.22876050795922018,105,26,8598,2453,2479
Random Forest,0.698,0.9893355209187858,0.21826079087865352,0.3576247312625102,0.2250939009121803,105,26,8639,2412,2438
Random Forest,0.699,0.9893311448502257,0.21817030133019635,0.357502965599051,0.22500447147200858,105,26,8640,2411,2437
Random Forest,0.7,0.9892517569243489,0.2165414894579676,0.35530809205642166,0.2233947415489179,105,26,8658,2393,2419
Random Forest,0.701,0.9890341628005062,0.21219799113202426,0.3494263150052153,0.21910212842067608,105,26,8706,2345,2371
Random Forest,0.702,0.9889737065309584,0.21102162700208127,0.34782608695652173,0.21793954569844393,105,26,8719,2332,2358
Random Forest,0.703,0.9889737065309584,0.21102162700208127,0.34782608695652173,0.21793954569844393,105,26,8719,2332,2358
Random Forest,0.704,0.988912579957356,0.20984526287213826,0.3462227530606151,0.21677696297621177,105,26,8732,2319,2345
Random Forest,0.705,0.9889078498293515,0.20975477332368112,0.34609929078014184,0.21668753353604006,105,26,8733,2318,2344
Random Forest,0.706,0.9896103896103896,0.20685910777305222,0.34218995584162865,0.21400465033088892,107,24,8765,2286,2310
Random Forest,0.707,0.9896103896103896,0.20685910777305222,0.34218995584162865,0.21400465033088892,107,24,8765,2286,2310
Random Forest,0.708,0.9896814715118888,0.19961994389647997,0.3322289156626506,0.20693972455732426,108,23,8845,2206,2229
Random Forest,0.709,0.9896722047597665,0.19943896479956566,0.3319777074860672,0.20676086567698085,108,23,8847,2204,2227
Random Forest,0.71,0.9895880488909009,0.1978101529273369,0.3297134238310709,0.20515113575389018,108,23,8865,2186,2209
Random Forest,0.711,0.9895833333333334,0.19771966337887975,0.3295874500339392,0.20506170631371848,108,23,8866,2185,2208
Random Forest,0.712,0.9895833333333334,0.19771966337887975,0.3295874500339392,0.20506170631371848,108,23,8866,2185,2208
Random Forest,0.713,0.9895738893925657,0.19753868428196544,0.32933544542505844,0.20488284743337506,108,23,8868,2183,2206
Random Forest,0.714,0.9892723880597015,0.19192833227762193,0.32148541114058354,0.1993382221427294,108,23,8930,2121,2144
Random Forest,0.715,0.9892673821745217,0.1918378427291648,0.321358193118084,0.1992487927025577,108,23,8931,2120,2143
Random Forest,0.716,0.9892623716153128,0.19174735318070762,0.3212309558098992,0.19915936326238598,108,23,8932,2119,2142
Random Forest,0.717,0.9892623716153128,0.19174735318070762,0.3212309558098992,0.19915936326238598,108,23,8932,2119,2142
Random Forest,0.718,0.9892573563755255,0.19165686363225048,0.32110369921164345,0.19906993382221427,108,23,8933,2118,2141
Random Forest,0.719,0.989120151371807,0.18921364582390734,0.3176604633497911,0.19665533893757825,108,23,8960,2091,2114
Random Forest,0.72,0.9891150023663038,0.18912315627545018,0.3175326648435126,0.19656590949740654,108,23,8961,2090,2113
Random Forest,0.721,0.9891150023663038,0.18912315627545018,0.3175326648435126,0.19656590949740654,108,23,8961,2090,2113
Random Forest,0.722,0.9895783988630981,0.18903266672699304,0.3174289621638049,0.19656590949740654,109,22,8962,2089,2111
Random Forest,0.723,0.9895783988630981,0.18903266672699304,0.3174289621638049,0.19656590949740654,109,22,8962,2089,2111
Random Forest,0.724,0.9895734597156398,0.18894217717853587,0.317301116936403,0.19647648005723484,109,22,8963,2088,2110
Random Forest,0.725,0.9894534995206136,0.1867704280155642,0.3142269924640329,0.19433017349311393,109,22,8987,2064,2086
Random Forest,0.726,0.9893203883495145,0.18441769975567823,0.3108839905422927,0.19200500804864962,109,22,9013,2038,2060
Random Forest,0.727,0.9893203883495145,0.18441769975567823,0.3108839905422927,0.19200500804864962,109,22,9013,2038,2060
Random Forest,0.728,0.9897383273473577,0.17455433897384853,0.2967692307692308,0.18243605795027723,111,20,9122,1929,1949
Random Forest,0.729,0.9901758014477766,0.17328748529544838,0.2949557181363111,0.18127347522804507,112,19,9136,1915,1934
Random Forest,0.73,0.9901144640998959,0.17220161071396253,0.2933785554613428,0.18020032194598462,112,19,9148,1903,1922
Random Forest,0.731,0.9902439024390244,0.1653244050312189,0.28334367245657566,0.1734931139331068,113,18,9224,1827,1845
Random Forest,0.732,0.9902333152468801,0.1651434259343046,0.283077400341244,0.17331425505276338,113,18,9226,1825,1843
Random Forest,0.733,0.990228013029316,0.16505293638584742,0.28294423330489415,0.17322482561259167,113,18,9227,1824,1842
Random Forest,0.734,0.990228013029316,0.16505293638584742,0.28294423330489415,0.17322482561259167,113,18,9227,1824,1842
Random Forest,0.735,0.990228013029316,0.16505293638584742,0.28294423330489415,0.17322482561259167,113,18,9227,1824,1842
Random Forest,0.736,0.9904974846282839,0.16034747986607548,0.27601246105919003,0.16866392416383474,114,17,9279,1772,1789
Random Forest,0.737,0.9906759906759907,0.15383223237716043,0.2663115845539281,0.1623144339116437,115,16,9351,1700,1716
Random Forest,0.738,0.99067055393586,0.1537417428287033,0.2661757794140686,0.162225004471472,115,16,9352,1699,1715
Random Forest,0.739,0.9905771495877503,0.15220342050493169,0.26386383245744766,0.16070470398855302,115,16,9369,1682,1698
Random Forest,0.74,0.9904931669637552,0.1508460772780744,0.261818752944872,0.15936326238597745,115,16,9384,1667,1683
Random Forest,0.741,0.9904931669637552,0.1508460772780744,0.261818752944872,0.15936326238597745,115,16,9384,1667,1683
Random Forest,0.742,0.9908759124087592,0.14740747443670257,0.2566364710515951,0.1560543730996244,116,15,9422,1629,1644
Random Forest,0.743,0.9908759124087592,0.14740747443670257,0.2566364710515951,0.1560543730996244,116,15,9422,1629,1644
Random Forest,0.744,0.9905897114178168,0.1428829970138449,0.24974298141557927,0.15158290109103917,116,15,9472,1579,1594
Random Forest,0.745,0.9905897114178168,0.1428829970138449,0.24974298141557927,0.15158290109103917,116,15,9472,1579,1594
Random Forest,0.746,0.9905897114178168,0.1428829970138449,0.24974298141557927,0.15158290109103917,116,15,9472,1579,1594
Random Forest,0.747,0.9905897114178168,0.1428829970138449,0.24974298141557927,0.15158290109103917,116,15,9472,1579,1594
Random Forest,0.748,0.9905897114178168,0.1428829970138449,0.24974298141557927,0.15158290109103917,116,15,9472,1579,1594
Random Forest,0.749,0.9903969270166453,0.13998733146321599,0.24530246570998177,0.1487211590055446,116,15,9504,1547,1562
Random Forest,0.75,0.9903969270166453,0.13998733146321599,0.24530246570998177,0.1487211590055446,116,15,9504,1547,1562
Random Forest,0.751,0.9917808219178083,0.13102886616595782,0.23147630085524737,0.140135932749061,119,12,9603,1448,1460
Random Forest,0.752,0.9917808219178083,0.13102886616595782,0.23147630085524737,0.140135932749061,119,12,9603,1448,1460
Random Forest,0.753,0.9917808219178083,0.13102886616595782,0.23147630085524737,0.140135932749061,119,12,9603,1448,1460
Random Forest,0.754,0.9917582417582418,0.1306669079721292,0.23091069001359238,0.13977821498837417,119,12,9607,1444,1456
Random Forest,0.755,0.9917582417582418,0.1306669079721292,0.23091069001359238,0.13977821498837417,119,12,9607,1444,1456
Random Forest,0.756,0.9914346895074947,0.1256899828069858,0.22309669129457116,0.13485959577893042,119,12,9662,1389,1401
Random Forest,0.757,0.9912087912087912,0.12243235906252828,0.21794458762886598,0.13164013593274906,119,12,9698,1353,1365
Random Forest,0.758,0.9912023460410557,0.12234186951407112,0.21780104712041884,0.13155070649257736,119,12,9699,1352,1364
Random Forest,0.759,0.9912023460410557,0.12234186951407112,0.21780104712041884,0.13155070649257736,119,12,9699,1352,1364
Random Forest,0.76,0.9912023460410557,0.12234186951407112,0.21780104712041884,0.13155070649257736,119,12,9699,1352,1364
Random Forest,0.761,0.9912023460410557,0.12234186951407112,0.21780104712041884,0.13155070649257736,119,12,9699,1352,1364
Random Forest,0.762,0.9911958914159942,0.12225137996561397,0.21765748348638633,0.13146127705240565,119,12,9700,1351,1363
Random Forest,0.763,0.9911958914159942,0.12225137996561397,0.21765748348638633,0.13146127705240565,119,12,9700,1351,1363
Random Forest,0.764,0.9917910447761195,0.1202606098995566,0.21451053183762409,0.12958325880879987,120,11,9722,1329,1340
Random Forest,0.765,0.9917910447761195,0.1202606098995566,0.21451053183762409,0.12958325880879987,120,11,9722,1329,1340
Random Forest,0.766,0.9917910447761195,0.1202606098995566,0.21451053183762409,0.12958325880879987,120,11,9722,1329,1340
Random Forest,0.767,0.9915708812260536,0.11709347570355624,0.20945289737779216,0.1264532284027902,120,11,9757,1294,1305
Random Forest,0.768,0.9915708812260536,0.11709347570355624,0.20945289737779216,0.1264532284027902,120,11,9757,1294,1305
Random Forest,0.769,0.9915708812260536,0.11709347570355624,0.20945289737779216,0.1264532284027902,120,11,9757,1294,1305
Random Forest,0.77,0.9915644171779141,0.11700298615509909,0.209307972480777,0.12636379896261848,120,11,9758,1293,1304
Random Forest,0.771,0.9915579432079816,0.11691249660664194,0.20916302412174195,0.12627436952244678,120,11,9759,1292,1303
Random Forest,0.772,0.9915579432079816,0.11691249660664194,0.20916302412174195,0.12627436952244678,120,11,9759,1292,1303
Random Forest,0.773,0.9915579432079816,0.11691249660664194,0.20916302412174195,0.12627436952244678,120,11,9759,1292,1303
Random Forest,0.774,0.9915579432079816,0.11691249660664194,0.20916302412174195,0.12627436952244678,120,11,9759,1292,1303
Random Forest,0.775,0.9915514592933948,0.11682200705818478,0.20901805229498907,0.12618494008227507,120,11,9760,1291,1302
Random Forest,0.776,0.9903930131004367,0.10261514795041173,0.18596261069203018,0.11214451797531748,120,11,9917,1134,1145
Random Forest,0.777,0.9903846153846154,0.10252465840195457,0.1858138581385814,0.11205508853514577,120,11,9918,1133,1144
Random Forest,0.778,0.9903846153846154,0.10252465840195457,0.1858138581385814,0.11205508853514577,120,11,9918,1133,1144
Random Forest,0.779,0.9903846153846154,0.10252465840195457,0.1858138581385814,0.11205508853514577,120,11,9918,1133,1144
Random Forest,0.78,0.9903846153846154,0.10252465840195457,0.1858138581385814,0.11205508853514577,120,11,9918,1133,1144
Random Forest,0.781,0.9903846153846154,0.10252465840195457,0.1858138581385814,0.11205508853514577,120,11,9918,1133,1144
Random Forest,0.782,0.9903762029746281,0.10243416885349742,0.18566508118746924,0.11196565909497407,120,11,9919,1132,1143
Random Forest,0.783,0.9903762029746281,0.10243416885349742,0.18566508118746924,0.11196565909497407,120,11,9919,1132,1143
Random Forest,0.784,0.9903762029746281,0.10243416885349742,0.18566508118746924,0.11196565909497407,120,11,9919,1132,1143
Random Forest,0.785,0.9903762029746281,0.10243416885349742,0.18566508118746924,0.11196565909497407,120,11,9919,1132,1143
Random Forest,0.786,0.9915333960489181,0.09537598407383947,0.1740135380551428,0.10516902164192451,122,9,9997,1054,1063
Random Forest,0.787,0.9915333960489181,0.09537598407383947,0.1740135380551428,0.10516902164192451,122,9,9997,1054,1063
Random Forest,0.788,0.9910802775024777,0.0904895484571532,0.16583747927031509,0.10033983187265248,122,9,10051,1000,1009
Random Forest,0.789,0.9910802775024777,0.0904895484571532,0.16583747927031509,0.10033983187265248,122,9,10051,1000,1009
Random Forest,0.79,0.9910802775024777,0.0904895484571532,0.16583747927031509,0.10033983187265248,122,9,10051,1000,1009
Random Forest,0.791,0.9910802775024777,0.0904895484571532,0.16583747927031509,0.10033983187265248,122,9,10051,1000,1009
Random Forest,0.792,0.9910802775024777,0.0904895484571532,0.16583747927031509,0.10033983187265248,122,9,10051,1000,1009
Random Forest,0.793,0.9910802775024777,0.0904895484571532,0.16583747927031509,0.10033983187265248,122,9,10051,1000,1009
Random Forest,0.794,0.9910802775024777,0.0904895484571532,0.16583747927031509,0.10033983187265248,122,9,10051,1000,1009
Random Forest,0.795,0.9910802775024777,0.0904895484571532,0.16583747927031509,0.10033983187265248,122,9,10051,1000,1009
Random Forest,0.796,0.9910714285714286,0.09039905890869604,0.16568538021394807,0.10025040243248078,122,9,10052,999,1008
Random Forest,0.797,0.9910714285714286,0.09039905890869604,0.16568538021394807,0.10025040243248078,122,9,10052,999,1008
Random Forest,0.798,0.9906152241918665,0.08596507103429554,0.1582014987510408,0.09586835986406725,122,9,10101,950,959
Random Forest,0.799,0.9910213243546577,0.07990227128766628,0.14788142689666722,0.08996601681273475,123,8,10168,883,891
Random Forest,0.8,0.9910213243546577,0.07990227128766628,0.14788142689666722,0.08996601681273475,123,8,10168,883,891
Random Forest,0.801,0.9910213243546577,0.07990227128766628,0.14788142689666722,0.08996601681273475,123,8,10168,883,891
Random Forest,0.802,0.9910213243546577,0.07990227128766628,0.14788142689666722,0.08996601681273475,123,8,10168,883,891
Random Forest,0.803,0.9910213243546577,0.07990227128766628,0.14788142689666722,0.08996601681273475,123,8,10168,883,891
Random Forest,0.804,0.9910213243546577,0.07990227128766628,0.14788142689666722,0.08996601681273475,123,8,10168,883,891
Random Forest,0.805,0.9908779931584949,0.07863541760926614,0.14570757880617036,0.08871400465033089,123,8,10182,869,877
Random Forest,0.806,0.9908779931584949,0.07863541760926614,0.14570757880617036,0.08871400465033089,123,8,10182,869,877
Random Forest,0.807,0.9908675799086758,0.07854492806080898,0.14555210866102122,0.08862457521015918,123,8,10183,868,876
Random Forest,0.808,0.9908675799086758,0.07854492806080898,0.14555210866102122,0.08862457521015918,123,8,10183,868,876
Random Forest,0.809,0.9908675799086758,0.07854492806080898,0.14555210866102122,0.08862457521015918,123,8,10183,868,876
Random Forest,0.81,0.9908571428571429,0.07845443851235183,0.14539661244340096,0.08853514576998749,123,8,10184,867,875
Random Forest,0.811,0.9908571428571429,0.07845443851235183,0.14539661244340096,0.08853514576998749,123,8,10184,867,875
Random Forest,0.812,0.9908571428571429,0.07845443851235183,0.14539661244340096,0.08853514576998749,123,8,10184,867,875
Random Forest,0.813,0.9908571428571429,0.07845443851235183,0.14539661244340096,0.08853514576998749,123,8,10184,867,875
Random Forest,0.814,0.9902557856272838,0.07356800289566555,0.13696091644204852,0.08370595600071544,123,8,10238,813,821
Random Forest,0.815,0.9902557856272838,0.07356800289566555,0.13696091644204852,0.08370595600071544,123,8,10238,813,821
Random Forest,0.816,0.9896774193548387,0.0694054836666365,0.12971418907491966,0.07959220175281703,123,8,10284,767,775
Random Forest,0.817,0.9896640826873385,0.06931499411817935,0.12955602536997887,0.07950277231264533,123,8,10285,766,774
Random Forest,0.818,0.9896507115135834,0.06922450456972219,0.1293978349120433,0.07941334287247362,123,8,10286,765,773
Random Forest,0.819,0.9896507115135834,0.06922450456972219,0.1293978349120433,0.07941334287247362,123,8,10286,765,773
Random Forest,0.82,0.9896507115135834,0.06922450456972219,0.1293978349120433,0.07941334287247362,123,8,10286,765,773
Random Forest,0.821,0.9889958734525447,0.06506198534069314,0.12209203599932077,0.07529958862457521,123,8,10332,719,727
Random Forest,0.822,0.9883527454242929,0.053750791783549,0.101956745623069,0.06421033804328385,124,7,10457,594,601
Random Forest,0.823,0.9910873440285205,0.05031218894217718,0.0957630037891836,0.060990878197102485,126,5,10495,556,561
Random Forest,0.824,0.9910873440285205,0.05031218894217718,0.0957630037891836,0.060990878197102485,126,5,10495,556,561
Random Forest,0.825,0.9910873440285205,0.05031218894217718,0.0957630037891836,0.060990878197102485,126,5,10495,556,561
Random Forest,0.826,0.9921414538310412,0.045697221970862366,0.08737024221453288,0.05651940618851726,127,4,10546,505,509
Random Forest,0.827,0.9921414538310412,0.045697221970862366,0.08737024221453288,0.05651940618851726,127,4,10546,505,509
Random Forest,0.828,0.9921104536489151,0.04551624287394806,0.08703928015227548,0.05634054730817385,127,4,10548,503,507
Random Forest,0.829,0.9921104536489151,0.04551624287394806,0.08703928015227548,0.05634054730817385,127,4,10548,503,507
Random Forest,0.83,0.9921104536489151,0.04551624287394806,0.08703928015227548,0.05634054730817385,127,4,10548,503,507
Random Forest,0.831,0.9921104536489151,0.04551624287394806,0.08703928015227548,0.05634054730817385,127,4,10548,503,507
Random Forest,0.832,0.9974489795918368,0.035381413446746904,0.06833872236301669,0.04659273832945806,130,1,10660,391,392
Random Forest,0.833,0.9974489795918368,0.035381413446746904,0.06833872236301669,0.04659273832945806,130,1,10660,391,392
Random Forest,0.834,0.9974424552429667,0.03529092389828975,0.0681699003670687,0.04650330888928635,130,1,10661,390,391
Random Forest,0.835,0.9974424552429667,0.03529092389828975,0.0681699003670687,0.04650330888928635,130,1,10661,390,391
Random Forest,0.836,0.9974358974358974,0.035200434349832596,0.06800104885936543,0.046413879449114646,130,1,10662,389,390
Random Forest,0.837,0.9974293059125964,0.03510994480137544,0.06783216783216783,0.04632445000894295,130,1,10663,388,389
Random Forest,0.838,0.9974293059125964,0.03510994480137544,0.06783216783216783,0.04632445000894295,130,1,10663,388,389
Random Forest,0.839,0.9974293059125964,0.03510994480137544,0.06783216783216783,0.04632445000894295,130,1,10663,388,389
Random Forest,0.84,0.9974293059125964,0.03510994480137544,0.06783216783216783,0.04632445000894295,130,1,10663,388,389
Random Forest,0.841,0.9974293059125964,0.03510994480137544,0.06783216783216783,0.04632445000894295,130,1,10663,388,389
Random Forest,0.842,0.9974226804123711,0.03501945525291829,0.06766325727773406,0.04623502056877124,130,1,10664,387,388
Random Forest,0.843,0.9963768115942029,0.02488462582571713,0.04855654630528825,0.036218923269540335,130,1,10776,275,276
Random Forest,0.844,0.9963768115942029,0.02488462582571713,0.04855654630528825,0.036218923269540335,130,1,10776,275,276
Random Forest,0.845,0.9963768115942029,0.02488462582571713,0.04855654630528825,0.036218923269540335,130,1,10776,275,276
Random Forest,0.846,0.9963636363636363,0.024794136277259977,0.04838424863146742,0.03612949382936863,130,1,10777,274,275
Random Forest,0.847,0.9963636363636363,0.024794136277259977,0.04838424863146742,0.03612949382936863,130,1,10777,274,275
Random Forest,0.848,0.9963636363636363,0.024794136277259977,0.04838424863146742,0.03612949382936863,130,1,10777,274,275
Random Forest,0.849,0.9963636363636363,0.024794136277259977,0.04838424863146742,0.03612949382936863,130,1,10777,274,275
Random Forest,0.85,0.9963369963369964,0.02461315718034567,0.0480395619922289,0.03595063494902522,130,1,10779,272,273
Random Forest,0.851,0.9963369963369964,0.02461315718034567,0.0480395619922289,0.03595063494902522,130,1,10779,272,273
Random Forest,0.852,0.9963369963369964,0.02461315718034567,0.0480395619922289,0.03595063494902522,130,1,10779,272,273
Random Forest,0.853,0.9963369963369964,0.02461315718034567,0.0480395619922289,0.03595063494902522,130,1,10779,272,273
Random Forest,0.854,0.9963369963369964,0.02461315718034567,0.0480395619922289,0.03595063494902522,130,1,10779,272,273
Random Forest,0.855,0.9963235294117647,0.024522667631888515,0.047867173010686215,0.035861205508853515,130,1,10780,271,272
Random Forest,0.856,0.996309963099631,0.024432178083431365,0.04769475357710652,0.03577177606868181,130,1,10781,270,271
Random Forest,0.857,0.996309963099631,0.024432178083431365,0.04769475357710652,0.03577177606868181,130,1,10781,270,271
Random Forest,0.858,0.9962825278810409,0.024251198986517057,0.04734982332155477,0.0355929171883384,130,1,10783,268,269
Random Forest,0.859,0.996268656716418,0.024160709438059903,0.04717731248343493,0.035503487748166696,130,1,10784,267,268
Random Forest,0.86,0.996268656716418,0.024160709438059903,0.04717731248343493,0.035503487748166696,130,1,10784,267,268
Random Forest,0.861,0.996268656716418,0.024160709438059903,0.04717731248343493,0.035503487748166696,130,1,10784,267,268
Random Forest,0.862,0.9962546816479401,0.02407021988960275,0.047004771160982506,0.03541405830799499,130,1,10785,266,267
Random Forest,0.863,0.9962546816479401,0.02407021988960275,0.047004771160982506,0.03541405830799499,130,1,10785,266,267
Random Forest,0.864,0.9962406015037594,0.0239797303411456,0.04683219934611646,0.03532462886782329,130,1,10786,265,266
Random Forest,0.865,0.9962264150943396,0.023889240792688445,0.04665959703075292,0.03523519942765158,130,1,10787,264,265
Random Forest,0.866,0.9921259842519685,0.011401683105601303,0.02254428341384863,0.022893936683956357,130,1,10925,126,127
Random Forest,0.867,0.9921259842519685,0.011401683105601303,0.02254428341384863,0.022893936683956357,130,1,10925,126,127
Random Forest,0.868,0.9920634920634921,0.01131119355714415,0.02236736154603203,0.022804507243784654,130,1,10926,125,126
Random Forest,0.869,0.9920634920634921,0.01131119355714415,0.02236736154603203,0.022804507243784654,130,1,10926,125,126
Random Forest,0.87,0.9920634920634921,0.01131119355714415,0.02236736154603203,0.022804507243784654,130,1,10926,125,126
Random Forest,0.871,0.992,0.011220704008686997,0.02219040801717967,0.02271507780361295,130,1,10927,124,125
Random Forest,0.872,0.992,0.011220704008686997,0.02219040801717967,0.02271507780361295,130,1,10927,124,125
Random Forest,0.873,0.992,0.011220704008686997,0.02219040801717967,0.02271507780361295,130,1,10927,124,125
Random Forest,0.874,0.992,0.011220704008686997,0.02219040801717967,0.02271507780361295,130,1,10927,124,125
Random Forest,0.875,0.992,0.011220704008686997,0.02219040801717967,0.02271507780361295,130,1,10927,124,125
Random Forest,0.876,0.991869918699187,0.011039724911772691,0.021836405942366206,0.02253621892326954,130,1,10929,122,123
Random Forest,0.877,0.991869918699187,0.011039724911772691,0.021836405942366206,0.02253621892326954,130,1,10929,122,123
Random Forest,0.878,0.991869918699187,0.011039724911772691,0.021836405942366206,0.02253621892326954,130,1,10929,122,123
Random Forest,0.879,0.9915966386554622,0.010677766717944077,0.021128021486123544,0.02217850116258272,130,1,10933,118,119
Random Forest,0.88,0.9915254237288136,0.010587277169486924,0.020950846091861403,0.022089071722411018,130,1,10934,117,118
Random Forest,0.881,0.9915254237288136,0.010587277169486924,0.020950846091861403,0.022089071722411018,130,1,10934,117,118
Random Forest,0.882,0.9914529914529915,0.010496787621029771,0.020773638968481375,0.02199964228223931,130,1,10935,116,117
Random Forest,0.883,0.9912280701754386,0.010225318975658312,0.02024182713837886,0.0217313539617242,130,1,10938,113,114
Random Forest,0.884,0.9912280701754386,0.010225318975658312,0.02024182713837886,0.0217313539617242,130,1,10938,113,114
Random Forest,0.885,0.9911504424778761,0.010134829427201158,0.0200644930132569,0.021641924521552496,130,1,10939,112,113
Random Forest,0.886,0.9907407407407407,0.009682381684915392,0.019177345640290347,0.021194777320693973,130,1,10944,107,108
Random Forest,0.887,0.9907407407407407,0.009682381684915392,0.019177345640290347,0.021194777320693973,130,1,10944,107,108
Random Forest,0.888,0.9905660377358491,0.009501402588001086,0.018822264049475665,0.021015918440350563,130,1,10946,105,106
Random Forest,0.889,0.9905660377358491,0.009501402588001086,0.018822264049475665,0.021015918440350563,130,1,10946,105,106
Random Forest,0.89,0.9903846153846154,0.00932042349108678,0.0184670551322277,0.020837059560007153,130,1,10948,103,104
Random Forest,0.891,0.9902912621359223,0.009229933942629626,0.01828940290478752,0.02074763011983545,130,1,10949,102,103
Random Forest,0.892,0.9901960784313726,0.009139444394172472,0.018111718820048417,0.020658200679663747,130,1,10950,101,102
Random Forest,0.893,0.9900990099009901,0.00904895484571532,0.017934002869440458,0.02056877123949204,130,1,10951,100,101
Random Forest,0.894,0.9897959183673469,0.00877748620034386,0.017400663736657995,0.020300482918976927,130,1,10954,97,98
Random Forest,0.895,0.9897959183673469,0.00877748620034386,0.017400663736657995,0.020300482918976927,130,1,10954,97,98
Random Forest,0.896,0.9894736842105263,0.0085060175549724,0.016867037502242957,0.020032194598461815,130,1,10957,94,95
Random Forest,0.897,0.9894736842105263,0.0085060175549724,0.016867037502242957,0.020032194598461815,130,1,10957,94,95
Random Forest,0.898,0.9893617021276596,0.008415528006515247,0.016689098250336473,0.019942765158290108,130,1,10958,93,94
Random Forest,0.899,0.9893617021276596,0.008415528006515247,0.016689098250336473,0.019942765158290108,130,1,10958,93,94
Random Forest,0.9,0.9893617021276596,0.008415528006515247,0.016689098250336473,0.019942765158290108,130,1,10958,93,94
Random Forest,0.901,0.9893617021276596,0.008415528006515247,0.016689098250336473,0.019942765158290108,130,1,10958,93,94
Random Forest,0.902,0.989010989010989,0.008144059361143787,0.01615508885298869,0.019674476837774995,130,1,10961,90,91
Random Forest,0.903,0.9888888888888889,0.008053569812686635,0.01597702181132753,0.019585047397603292,130,1,10962,89,90
Random Forest,0.904,0.9886363636363636,0.007872590715772329,0.015620791812550498,0.019406188517259882,130,1,10964,87,88
Random Forest,0.905,0.9882352941176471,0.007601122070400868,0.015086206896551725,0.01913790019674477,130,1,10967,84,85
Random Forest,0.906,0.9882352941176471,0.007601122070400868,0.015086206896551725,0.01913790019674477,130,1,10967,84,85
Random Forest,0.907,0.9880952380952381,0.007510632521943715,0.014907947911989223,0.019048470756573063,130,1,10968,83,84
Random Forest,0.908,0.9876543209876543,0.007239163876572256,0.01437297879985627,0.01878018243605795,130,1,10971,80,81
Random Forest,0.909,0.9876543209876543,0.007239163876572256,0.01437297879985627,0.01878018243605795,130,1,10971,80,81
Random Forest,0.91,0.9875,0.007148674328115103,0.014194591680891204,0.018690752995886246,130,1,10972,79,80
Random Forest,0.911,0.9873417721518988,0.00705818477965795,0.014016172506738544,0.01860132355571454,130,1,10973,78,79
Random Forest,0.912,0.9873417721518988,0.00705818477965795,0.014016172506738544,0.01860132355571454,130,1,10973,78,79
Random Forest,0.913,0.9873417721518988,0.00705818477965795,0.014016172506738544,0.01860132355571454,130,1,10973,78,79
Random Forest,0.914,0.9873417721518988,0.00705818477965795,0.014016172506738544,0.01860132355571454,130,1,10973,78,79
Random Forest,0.915,0.987012987012987,0.006877205682743643,0.013659237958303379,0.018422464675371134,130,1,10975,76,77
Random Forest,0.916,0.9866666666666667,0.006696226585829337,0.013302175085385583,0.018243605795027724,130,1,10977,74,75
Random Forest,0.917,0.9864864864864865,0.006605737037372184,0.013123595505617978,0.018154176354856017,130,1,10978,73,74
Random Forest,0.918,0.9864864864864865,0.006605737037372184,0.013123595505617978,0.018154176354856017,130,1,10978,73,74
Random Forest,0.919,0.9864864864864865,0.006605737037372184,0.013123595505617978,0.018154176354856017,130,1,10978,73,74
Random Forest,0.92,0.9864864864864865,0.006605737037372184,0.013123595505617978,0.018154176354856017,130,1,10978,73,74
Random Forest,0.921,0.9864864864864865,0.006605737037372184,0.013123595505617978,0.018154176354856017,130,1,10978,73,74
Random Forest,0.922,0.9864864864864865,0.006605737037372184,0.013123595505617978,0.018154176354856017,130,1,10978,73,74
Random Forest,0.923,0.9864864864864865,0.006605737037372184,0.013123595505617978,0.018154176354856017,130,1,10978,73,74
Random Forest,0.924,0.9861111111111112,0.006424757940457877,0.012766340016182685,0.01797531747451261,130,1,10980,71,72
Random Forest,0.925,0.9859154929577465,0.006334268392000724,0.012587664089192591,0.017885888034340904,130,1,10981,70,71
Random Forest,0.926,0.9850746268656716,0.005972310198172111,0.011872638963842417,0.017528170273654088,130,1,10985,66,67
Random Forest,0.927,0.9850746268656716,0.005972310198172111,0.011872638963842417,0.017528170273654088,130,1,10985,66,67
Random Forest,0.928,0.9850746268656716,0.005972310198172111,0.011872638963842417,0.017528170273654088,130,1,10985,66,67
Random Forest,0.929,0.9850746268656716,0.005972310198172111,0.011872638963842417,0.017528170273654088,130,1,10985,66,67
Random Forest,0.93,0.9850746268656716,0.005972310198172111,0.011872638963842417,0.017528170273654088,130,1,10985,66,67
Random Forest,0.931,0.9848484848484849,0.005881820649714958,0.011693802284789062,0.01743874083348238,130,1,10986,65,66
Random Forest,0.932,0.9848484848484849,0.005881820649714958,0.011693802284789062,0.01743874083348238,130,1,10986,65,66
Random Forest,0.933,0.9846153846153847,0.0057913311012578045,0.011514933429291111,0.01734931139331068,130,1,10987,64,65
Random Forest,0.934,0.9846153846153847,0.0057913311012578045,0.011514933429291111,0.01734931139331068,130,1,10987,64,65
Random Forest,0.935,0.984375,0.0057008415528006515,0.011336032388663968,0.017259881953138972,130,1,10988,63,64
Random Forest,0.936,0.9841269841269841,0.0056103520043434985,0.011157099154219903,0.01717045251296727,130,1,10989,62,63
Random Forest,0.937,0.9836065573770492,0.005429372907429192,0.01079913606911447,0.01699159363262386,130,1,10991,60,61
Random Forest,0.938,0.9833333333333333,0.005338883358972039,0.010620106201062011,0.016902164192452156,130,1,10992,59,60
Random Forest,0.939,0.9827586206896551,0.005157904262057732,0.010261949770456387,0.016723305312108746,130,1,10994,57,58
Random Forest,0.94,0.9818181818181818,0.004886435616686273,0.009724473257698542,0.016455016991593633,130,1,10997,54,55
Random Forest,0.941,0.9814814814814815,0.004795946068229119,0.00954524988743809,0.016365587551421926,130,1,10998,53,54
Random Forest,0.942,0.9807692307692307,0.004614966971314813,0.009186706295595785,0.01618672867107852,130,1,11000,51,52
Random Forest,0.943,0.9807692307692307,0.004614966971314813,0.009186706295595785,0.01618672867107852,130,1,11000,51,52
Random Forest,0.944,0.9803921568627451,0.00452447742285766,0.009007386056566384,0.016097299230906813,130,1,11001,50,51
Random Forest,0.945,0.9803921568627451,0.00452447742285766,0.009007386056566384,0.016097299230906813,130,1,11001,50,51
Random Forest,0.946,0.9795918367346939,0.004343498325943353,0.008648648648648649,0.015918440350563407,130,1,11003,48,49
Random Forest,0.947,1.0,0.0042530087774862,0.008469994593620472,0.015918440350563407,131,0,11004,47,47
Random Forest,0.948,1.0,0.0038910505836575876,0.007751937984496124,0.015560722589876588,131,0,11008,43,43
Random Forest,0.949,1.0,0.003710071486743281,0.007392715470609448,0.015381863709533178,131,0,11010,41,41
Random Forest,0.95,1.0,0.003619581938286128,0.007213055630691551,0.015292434269361473,131,0,11011,40,40
Random Forest,0.951,1.0,0.003619581938286128,0.007213055630691551,0.015292434269361473,131,0,11011,40,40
Random Forest,0.952,1.0,0.003529092389828975,0.007033363390441839,0.01520300482918977,131,0,11012,39,39
Random Forest,0.953,1.0,0.0034386028413718214,0.006853638741094779,0.015113575389018065,131,0,11013,38,38
Random Forest,0.954,1.0,0.003257623744457515,0.0064940921800306665,0.014934716508674655,131,0,11015,36,36
Random Forest,0.955,1.0,0.003257623744457515,0.0064940921800306665,0.014934716508674655,131,0,11015,36,36
Random Forest,0.956,1.0,0.003257623744457515,0.0064940921800306665,0.014934716508674655,131,0,11015,36,36
Random Forest,0.957,1.0,0.003167134196000362,0.006314270250766733,0.014845287068502952,131,0,11016,35,35
Random Forest,0.958,1.0,0.003167134196000362,0.006314270250766733,0.014845287068502952,131,0,11016,35,35
Random Forest,0.959,1.0,0.0030766446475432086,0.006134415877311682,0.014755857628331247,131,0,11017,34,34
Random Forest,0.96,1.0,0.0030766446475432086,0.006134415877311682,0.014755857628331247,131,0,11017,34,34
Random Forest,0.961,1.0,0.0030766446475432086,0.006134415877311682,0.014755857628331247,131,0,11017,34,34
Random Forest,0.962,1.0,0.0029861550990860557,0.005954529050884157,0.014666428188159542,131,0,11018,33,33
Random Forest,0.963,1.0,0.0028051760021717493,0.005594658003970403,0.014487569307816132,131,0,11020,31,31
Random Forest,0.964,1.0,0.002714686453714596,0.005414673765905605,0.01439813986764443,131,0,11021,30,30
Random Forest,0.965,1.0,0.002714686453714596,0.005414673765905605,0.01439813986764443,131,0,11021,30,30
Random Forest,0.966,1.0,0.0025337073568002895,0.005054607816589945,0.01421928098730102,131,0,11023,28,28
Random Forest,0.967,1.0,0.0025337073568002895,0.005054607816589945,0.01421928098730102,131,0,11023,28,28
Random Forest,0.968,1.0,0.002352728259885983,0.004694411844362192,0.01404042210695761,131,0,11025,26,26
Random Forest,0.969,1.0,0.001900280517600217,0.003793352601156069,0.013593274906099087,131,0,11030,21,21
Random Forest,0.97,1.0,0.001809790969143064,0.003613043085538795,0.013503845465927384,131,0,11031,20,20
Random Forest,0.971,1.0,0.0017193014206859107,0.0034327009936766036,0.013414416025755679,131,0,11032,19,19
Random Forest,0.972,1.0,0.0017193014206859107,0.0034327009936766036,0.013414416025755679,131,0,11032,19,19
Random Forest,0.973,1.0,0.0016288118722287575,0.003252326316740446,0.013324986585583974,131,0,11033,18,18
Random Forest,0.974,1.0,0.0015383223237716043,0.0030719190458980846,0.01323555714541227,131,0,11034,17,17
Random Forest,0.975,1.0,0.0012668536784001447,0.0025305015815634884,0.012967268824897156,131,0,11037,14,14
Random Forest,0.976,1.0,0.0012668536784001447,0.0025305015815634884,0.012967268824897156,131,0,11037,14,14
Random Forest,0.977,1.0,0.0011763641299429915,0.0023499638467100506,0.012877839384725451,131,0,11038,13,13
Random Forest,0.978,1.0,0.0009953850330286851,0.0019887904538058217,0.012698980504382043,131,0,11040,11,11
Random Forest,0.979,1.0,0.0009953850330286851,0.0019887904538058217,0.012698980504382043,131,0,11040,11,11
Random Forest,0.98,1.0,0.0009953850330286851,0.0019887904538058217,0.012698980504382043,131,0,11040,11,11
Random Forest,0.981,1.0,0.0009953850330286851,0.0019887904538058217,0.012698980504382043,131,0,11040,11,11
Random Forest,0.982,1.0,0.0009953850330286851,0.0019887904538058217,0.012698980504382043,131,0,11040,11,11
Random Forest,0.983,1.0,0.0008144059361143788,0.0016274864376130199,0.012520121624038634,131,0,11042,9,9
Random Forest,0.984,1.0,0.0008144059361143788,0.0016274864376130199,0.012520121624038634,131,0,11042,9,9
Random Forest,0.985,1.0,0.0008144059361143788,0.0016274864376130199,0.012520121624038634,131,0,11042,9,9
Random Forest,0.986,1.0,0.0008144059361143788,0.0016274864376130199,0.012520121624038634,131,0,11042,9,9
Random Forest,0.987,1.0,0.0008144059361143788,0.0016274864376130199,0.012520121624038634,131,0,11042,9,9
Random Forest,0.988,1.0,0.0003619581938286128,0.0007236544549977386,0.012072974423180111,131,0,11047,4,4
Random Forest,0.989,1.0,0.0003619581938286128,0.0007236544549977386,0.012072974423180111,131,0,11047,4,4
Random Forest,0.99,1.0,0.0003619581938286128,0.0007236544549977386,0.012072974423180111,131,0,11047,4,4
Random Forest,0.991,1.0,0.0003619581938286128,0.0007236544549977386,0.012072974423180111,131,0,11047,4,4
Random Forest,0.992,1.0,0.0003619581938286128,0.0007236544549977386,0.012072974423180111,131,0,11047,4,4
Random Forest,0.993,1.0,9.04895484571532e-05,0.00018096272167933406,0.011804686102664998,131,0,11050,1,1
Random Forest,0.994,1.0,9.04895484571532e-05,0.00018096272167933406,0.011804686102664998,131,0,11050,1,1
Random Forest,0.995,0.0,0.0,0.0,0.011715256662493293,131,0,11051,0,0
Random Forest,0.996,0.0,0.0,0.0,0.011715256662493293,131,0,11051,0,0
Random Forest,0.997,0.0,0.0,0.0,0.011715256662493293,131,0,11051,0,0
Random Forest,0.998,0.0,0.0,0.0,0.011715256662493293,131,0,11051,0,0
Random Forest,0.999,0.0,0.0,0.0,0.011715256662493293,131,0,11051,0,0
XGBoost,0.001,0.9882847433375067,1.0,0.9941078576890209,0.9882847433375067,0,131,0,11051,11182
XGBoost,0.002,0.9882847433375067,1.0,0.9941078576890209,0.9882847433375067,0,131,0,11051,11182
XGBoost,0.003,0.9882847433375067,1.0,0.9941078576890209,0.9882847433375067,0,131,0,11051,11182
XGBoost,0.004,0.9882847433375067,1.0,0.9941078576890209,0.9882847433375067,0,131,0,11051,11182
XGBoost,0.005,0.9882847433375067,1.0,0.9941078576890209,0.9882847433375067,0,131,0,11051,11182
XGBoost,0.006,0.9882847433375067,1.0,0.9941078576890209,0.9882847433375067,0,131,0,11051,11182
XGBoost,0.007,0.9882847433375067,1.0,0.9941078576890209,0.9882847433375067,0,131,0,11051,11182
XGBoost,0.008,0.9882847433375067,1.0,0.9941078576890209,0.9882847433375067,0,131,0,11051,11182
XGBoost,0.009,0.9882847433375067,1.0,0.9941078576890209,0.9882847433375067,0,131,0,11051,11182
XGBoost,0.01,0.9882847433375067,1.0,0.9941078576890209,0.9882847433375067,0,131,0,11051,11182
XGBoost,0.011,0.9882847433375067,1.0,0.9941078576890209,0.9882847433375067,0,131,0,11051,11182
XGBoost,0.012,0.9882847433375067,1.0,0.9941078576890209,0.9882847433375067,0,131,0,11051,11182
XGBoost,0.013,0.9882847433375067,1.0,0.9941078576890209,0.9882847433375067,0,131,0,11051,11182
XGBoost,0.014,0.9882847433375067,1.0,0.9941078576890209,0.9882847433375067,0,131,0,11051,11182
XGBoost,0.015,0.9882847433375067,1.0,0.9941078576890209,0.9882847433375067,0,131,0,11051,11182
XGBoost,0.016,0.9882847433375067,1.0,0.9941078576890209,0.9882847433375067,0,131,0,11051,11182
XGBoost,0.017,0.9882847433375067,1.0,0.9941078576890209,0.9882847433375067,0,131,0,11051,11182
XGBoost,0.018,0.9882847433375067,1.0,0.9941078576890209,0.9882847433375067,0,131,0,11051,11182
XGBoost,0.019,0.9882847433375067,1.0,0.9941078576890209,0.9882847433375067,0,131,0,11051,11182
XGBoost,0.02,0.9882847433375067,1.0,0.9941078576890209,0.9882847433375067,0,131,0,11051,11182
XGBoost,0.021,0.9882847433375067,1.0,0.9941078576890209,0.9882847433375067,0,131,0,11051,11182
XGBoost,0.022,0.9882847433375067,1.0,0.9941078576890209,0.9882847433375067,0,131,0,11051,11182
XGBoost,0.023,0.9882847433375067,1.0,0.9941078576890209,0.9882847433375067,0,131,0,11051,11182
XGBoost,0.024,0.9882847433375067,1.0,0.9941078576890209,0.9882847433375067,0,131,0,11051,11182
XGBoost,0.025,0.9882847433375067,1.0,0.9941078576890209,0.9882847433375067,0,131,0,11051,11182
XGBoost,0.026,0.9882847433375067,1.0,0.9941078576890209,0.9882847433375067,0,131,0,11051,11182
XGBoost,0.027,0.9882847433375067,1.0,0.9941078576890209,0.9882847433375067,0,131,0,11051,11182
XGBoost,0.028,0.9882847433375067,1.0,0.9941078576890209,0.9882847433375067,0,131,0,11051,11182
XGBoost,0.029,0.9882847433375067,1.0,0.9941078576890209,0.9882847433375067,0,131,0,11051,11182
XGBoost,0.03,0.9882847433375067,1.0,0.9941078576890209,0.9882847433375067,0,131,0,11051,11182
XGBoost,0.031,0.9882847433375067,1.0,0.9941078576890209,0.9882847433375067,0,131,0,11051,11182
XGBoost,0.032,0.9882847433375067,1.0,0.9941078576890209,0.9882847433375067,0,131,0,11051,11182
XGBoost,0.033,0.9882847433375067,1.0,0.9941078576890209,0.9882847433375067,0,131,0,11051,11182
XGBoost,0.034,0.9882847433375067,1.0,0.9941078576890209,0.9882847433375067,0,131,0,11051,11182
XGBoost,0.035,0.9882847433375067,1.0,0.9941078576890209,0.9882847433375067,0,131,0,11051,11182
XGBoost,0.036,0.9882847433375067,1.0,0.9941078576890209,0.9882847433375067,0,131,0,11051,11182
XGBoost,0.037,0.9882847433375067,1.0,0.9941078576890209,0.9882847433375067,0,131,0,11051,11182
XGBoost,0.038,0.9882847433375067,1.0,0.9941078576890209,0.9882847433375067,0,131,0,11051,11182
XGBoost,0.039,0.9882847433375067,1.0,0.9941078576890209,0.9882847433375067,0,131,0,11051,11182
XGBoost,0.04,0.9882847433375067,1.0,0.9941078576890209,0.9882847433375067,0,131,0,11051,11182
XGBoost,0.041,0.9882847433375067,1.0,0.9941078576890209,0.9882847433375067,0,131,0,11051,11182
XGBoost,0.042,0.9882847433375067,1.0,0.9941078576890209,0.9882847433375067,0,131,0,11051,11182
XGBoost,0.043,0.9882847433375067,1.0,0.9941078576890209,0.9882847433375067,0,131,0,11051,11182
XGBoost,0.044,0.9882847433375067,1.0,0.9941078576890209,0.9882847433375067,0,131,0,11051,11182
XGBoost,0.045,0.9882847433375067,1.0,0.9941078576890209,0.9882847433375067,0,131,0,11051,11182
XGBoost,0.046,0.9882847433375067,1.0,0.9941078576890209,0.9882847433375067,0,131,0,11051,11182
XGBoost,0.047,0.9882847433375067,1.0,0.9941078576890209,0.9882847433375067,0,131,0,11051,11182
XGBoost,0.048,0.9882847433375067,1.0,0.9941078576890209,0.9882847433375067,0,131,0,11051,11182
XGBoost,0.049,0.9882847433375067,1.0,0.9941078576890209,0.9882847433375067,0,131,0,11051,11182
XGBoost,0.05,0.9882847433375067,1.0,0.9941078576890209,0.9882847433375067,0,131,0,11051,11182
XGBoost,0.051,0.9882847433375067,1.0,0.9941078576890209,0.9882847433375067,0,131,0,11051,11182
XGBoost,0.052,0.9882847433375067,1.0,0.9941078576890209,0.9882847433375067,0,131,0,11051,11182
XGBoost,0.053,0.9882847433375067,1.0,0.9941078576890209,0.9882847433375067,0,131,0,11051,11182
XGBoost,0.054,0.9882847433375067,1.0,0.9941078576890209,0.9882847433375067,0,131,0,11051,11182
XGBoost,0.055,0.9882847433375067,1.0,0.9941078576890209,0.9882847433375067,0,131,0,11051,11182
XGBoost,0.056,0.9882847433375067,1.0,0.9941078576890209,0.9882847433375067,0,131,0,11051,11182
XGBoost,0.057,0.9882847433375067,1.0,0.9941078576890209,0.9882847433375067,0,131,0,11051,11182
XGBoost,0.058,0.9882847433375067,1.0,0.9941078576890209,0.9882847433375067,0,131,0,11051,11182
XGBoost,0.059,0.9882847433375067,1.0,0.9941078576890209,0.9882847433375067,0,131,0,11051,11182
XGBoost,0.06,0.9882847433375067,1.0,0.9941078576890209,0.9882847433375067,0,131,0,11051,11182
XGBoost,0.061,0.9882847433375067,1.0,0.9941078576890209,0.9882847433375067,0,131,0,11051,11182
XGBoost,0.062,0.9882847433375067,1.0,0.9941078576890209,0.9882847433375067,0,131,0,11051,11182
XGBoost,0.063,0.9882847433375067,1.0,0.9941078576890209,0.9882847433375067,0,131,0,11051,11182
XGBoost,0.064,0.9882847433375067,1.0,0.9941078576890209,0.9882847433375067,0,131,0,11051,11182
XGBoost,0.065,0.9882847433375067,1.0,0.9941078576890209,0.9882847433375067,0,131,0,11051,11182
XGBoost,0.066,0.9882847433375067,1.0,0.9941078576890209,0.9882847433375067,0,131,0,11051,11182
XGBoost,0.067,0.9882847433375067,1.0,0.9941078576890209,0.9882847433375067,0,131,0,11051,11182
XGBoost,0.068,0.9882847433375067,1.0,0.9941078576890209,0.9882847433375067,0,131,0,11051,11182
XGBoost,0.069,0.9882847433375067,1.0,0.9941078576890209,0.9882847433375067,0,131,0,11051,11182
XGBoost,0.07,0.9882847433375067,1.0,0.9941078576890209,0.9882847433375067,0,131,0,11051,11182
XGBoost,0.071,0.9882847433375067,1.0,0.9941078576890209,0.9882847433375067,0,131,0,11051,11182
XGBoost,0.072,0.9882847433375067,1.0,0.9941078576890209,0.9882847433375067,0,131,0,11051,11182
XGBoost,0.073,0.9882847433375067,1.0,0.9941078576890209,0.9882847433375067,0,131,0,11051,11182
XGBoost,0.074,0.9882847433375067,1.0,0.9941078576890209,0.9882847433375067,0,131,0,11051,11182
XGBoost,0.075,0.9882847433375067,1.0,0.9941078576890209,0.9882847433375067,0,131,0,11051,11182
XGBoost,0.076,0.9882836955549593,0.9999095104515429,0.9940626124505217,0.988195313897335,0,131,1,11050,11181
XGBoost,0.077,0.9882836955549593,0.9999095104515429,0.9940626124505217,0.988195313897335,0,131,1,11050,11181
XGBoost,0.078,0.9882836955549593,0.9999095104515429,0.9940626124505217,0.988195313897335,0,131,1,11050,11181
XGBoost,0.079,0.9882836955549593,0.9999095104515429,0.9940626124505217,0.988195313897335,0,131,1,11050,11181
XGBoost,0.08,0.9882836955549593,0.9999095104515429,0.9940626124505217,0.988195313897335,0,131,1,11050,11181
XGBoost,0.081,0.9882836955549593,0.9999095104515429,0.9940626124505217,0.988195313897335,0,131,1,11050,11181
XGBoost,0.082,0.9882836955549593,0.9999095104515429,0.9940626124505217,0.988195313897335,0,131,1,11050,11181
XGBoost,0.083,0.9882836955549593,0.9999095104515429,0.9940626124505217,0.988195313897335,0,131,1,11050,11181
XGBoost,0.084,0.9882826475849732,0.9998190209030857,0.9940173631415591,0.9881058844571633,0,131,2,11049,11180
XGBoost,0.085,0.9882826475849732,0.9998190209030857,0.9940173631415591,0.9881058844571633,0,131,2,11049,11180
XGBoost,0.086,0.9882826475849732,0.9998190209030857,0.9940173631415591,0.9881058844571633,0,131,2,11049,11180
XGBoost,0.087,0.9882795025498792,0.9995475522577142,0.9938815907863955,0.9878375961366482,0,131,5,11046,11177
XGBoost,0.088,0.9882795025498792,0.9995475522577142,0.9938815907863955,0.9878375961366482,0,131,5,11046,11177
XGBoost,0.089,0.9882795025498792,0.9995475522577142,0.9938815907863955,0.9878375961366482,0,131,5,11046,11177
XGBoost,0.09,0.9882795025498792,0.9995475522577142,0.9938815907863955,0.9878375961366482,0,131,5,11046,11177
XGBoost,0.091,0.9882795025498792,0.9995475522577142,0.9938815907863955,0.9878375961366482,0,131,5,11046,11177
XGBoost,0.092,0.9882795025498792,0.9995475522577142,0.9938815907863955,0.9878375961366482,0,131,5,11046,11177
XGBoost,0.093,0.9882795025498792,0.9995475522577142,0.9938815907863955,0.9878375961366482,0,131,5,11046,11177
XGBoost,0.094,0.9882795025498792,0.9995475522577142,0.9938815907863955,0.9878375961366482,0,131,5,11046,11177
XGBoost,0.095,0.9883658492930016,0.9993665731607999,0.9938357705286839,0.9877481666964765,1,130,7,11044,11174
XGBoost,0.096,0.9883658492930016,0.9993665731607999,0.9938357705286839,0.9877481666964765,1,130,7,11044,11174
XGBoost,0.097,0.9883658492930016,0.9993665731607999,0.9938357705286839,0.9877481666964765,1,130,7,11044,11174
XGBoost,0.098,0.9883658492930016,0.9993665731607999,0.9938357705286839,0.9877481666964765,1,130,7,11044,11174
XGBoost,0.099,0.9883648080193324,0.9992760836123428,0.9937904967602592,0.9876587372563048,1,130,8,11043,11173
XGBoost,0.1,0.9883637665592553,0.9991855940638856,0.9937452189173379,0.9875693078161331,1,130,9,11042,11172
XGBoost,0.101,0.9883637665592553,0.9991855940638856,0.9937452189173379,0.9875693078161331,1,130,9,11042,11172
XGBoost,0.102,0.9883637665592553,0.9991855940638856,0.9937452189173379,0.9875693078161331,1,130,9,11042,11172
XGBoost,0.103,0.988360641060077,0.9989141254185142,0.9936093609360936,0.987301019495618,1,130,12,11039,11169
XGBoost,0.104,0.9883595988538681,0.998823635870057,0.9935640667896845,0.9872115900554462,1,130,13,11038,11168
XGBoost,0.105,0.9883595988538681,0.998823635870057,0.9935640667896845,0.9872115900554462,1,130,13,11038,11168
XGBoost,0.106,0.9884481060266858,0.998823635870057,0.9936087856692771,0.987301019495618,2,129,13,11038,11167
XGBoost,0.107,0.9884481060266858,0.998823635870057,0.9936087856692771,0.987301019495618,2,129,13,11038,11167
XGBoost,0.108,0.9884450017914725,0.9985521672246855,0.9934728786855728,0.9870327311751028,2,129,16,11035,11164
XGBoost,0.109,0.9884439666756248,0.9984616776762284,0.993427568200234,0.9869433017349312,2,129,17,11034,11163
XGBoost,0.11,0.9884439666756248,0.9984616776762284,0.993427568200234,0.9869433017349312,2,129,17,11034,11163
XGBoost,0.111,0.9884418958874652,0.9982806985793141,0.9933369349900955,0.9867644428545878,2,129,19,11032,11161
XGBoost,0.112,0.9884377520838935,0.9979187403854854,0.9931556195965417,0.9864067250939009,2,129,23,11028,11157
XGBoost,0.113,0.9884367156686985,0.9978282508370283,0.9931102805421714,0.9863172956537292,2,129,24,11027,11156
XGBoost,0.114,0.9884356790676827,0.9977377612885712,0.9930649374043051,0.9862278662135575,2,129,25,11026,11155
XGBoost,0.115,0.9884356790676827,0.9977377612885712,0.9930649374043051,0.9862278662135575,2,129,25,11026,11155
XGBoost,0.116,0.9884346422807961,0.997647271740114,0.9930195901823914,0.9861384367733858,2,129,26,11025,11154
XGBoost,0.117,0.9884346422807961,0.997647271740114,0.9930195901823914,0.9861384367733858,2,129,26,11025,11154
XGBoost,0.118,0.9884304932735426,0.9972853135462854,0.9928381604432233,0.985780719012699,2,129,30,11021,11150
XGBoost,0.119,0.9884304932735426,0.9972853135462854,0.9928381604432233,0.985780719012699,2,129,30,11021,11150
XGBoost,0.12,0.9884294555565522,0.9971948239978282,0.9927927927927928,0.9856912895725273,2,129,31,11020,11149
XGBoost,0.121,0.9884284176533907,0.9971043344493711,0.9927474210550025,0.9856018601323556,2,129,32,11019,11148
XGBoost,0.122,0.988516059572941,0.9970138449009139,0.9927467675812046,0.9856018601323556,3,128,33,11018,11146
XGBoost,0.123,0.9885150291610588,0.9969233553524568,0.9927013876374121,0.9855124306921839,3,128,34,11017,11145
XGBoost,0.124,0.9885119368156525,0.9966518867070854,0.9925652232685982,0.9852441423716688,3,128,37,11014,11142
XGBoost,0.125,0.9885119368156525,0.9966518867070854,0.9925652232685982,0.9852441423716688,3,128,37,11014,11142
XGBoost,0.126,0.9885098743267504,0.996470907610171,0.9924744265693299,0.9850652834913254,3,128,39,11012,11140
XGBoost,0.127,0.9885965699919188,0.9962899285132567,0.9924283396430503,0.9849758540511536,4,127,41,11010,11137
XGBoost,0.128,0.9885965699919188,0.9962899285132567,0.9924283396430503,0.9849758540511536,4,127,41,11010,11137
XGBoost,0.129,0.9885965699919188,0.9962899285132567,0.9924283396430503,0.9849758540511536,4,127,41,11010,11137
XGBoost,0.13,0.9886853448275862,0.9962899285132567,0.9924730698156579,0.9850652834913254,5,126,41,11010,11136
XGBoost,0.131,0.9886853448275862,0.9962899285132567,0.9924730698156579,0.9850652834913254,5,126,41,11010,11136
XGBoost,0.132,0.9886853448275862,0.9962899285132567,0.9924730698156579,0.9850652834913254,5,126,41,11010,11136
XGBoost,0.133,0.9886853448275862,0.9962899285132567,0.9924730698156579,0.9850652834913254,5,126,41,11010,11136
XGBoost,0.134,0.9886843286933094,0.9961994389647996,0.9924276570810421,0.9849758540511536,5,126,42,11009,11135
XGBoost,0.135,0.9886833123765044,0.9961089494163424,0.9923822402524228,0.984886424610982,5,126,43,11008,11134
XGBoost,0.136,0.9886802623304285,0.995837480770971,0.9922459651970066,0.9846181362904668,5,126,46,11005,11131
XGBoost,0.137,0.9886802623304285,0.995837480770971,0.9922459651970066,0.9846181362904668,5,126,46,11005,11131
XGBoost,0.138,0.9886792452830189,0.9957469912225138,0.9922005319868356,0.9845287068502951,5,126,47,11004,11130
XGBoost,0.139,0.9887630348795398,0.9952945434802281,0.9920180383314543,0.9841709890896083,6,125,52,10999,11124
XGBoost,0.14,0.9887630348795398,0.9952945434802281,0.9920180383314543,0.9841709890896083,6,125,52,10999,11124
XGBoost,0.141,0.988762024633642,0.9952040539317709,0.9919725804996843,0.9840815596494366,6,125,53,10998,11123
XGBoost,0.142,0.9887610142060781,0.9951135643833138,0.9919271185676273,0.9839921302092649,6,125,54,10997,11122
XGBoost,0.143,0.9888479179782355,0.9949325852863994,0.9918809201623816,0.9839027007690931,7,124,56,10995,11119
XGBoost,0.144,0.9888479179782355,0.9949325852863994,0.9918809201623816,0.9839027007690931,7,124,56,10995,11119
XGBoost,0.145,0.9889358639920842,0.9948420957379422,0.9918801876578852,0.9839027007690931,8,123,57,10994,11117
XGBoost,0.146,0.9889348686577906,0.9947516061894851,0.9918347092524924,0.9838132713289215,8,123,58,10993,11116
XGBoost,0.147,0.9889328774518625,0.9945706270925708,0.9917437401308369,0.9836344124485781,8,123,60,10991,11114
XGBoost,0.148,0.9889328774518625,0.9945706270925708,0.9917437401308369,0.9836344124485781,8,123,60,10991,11114
XGBoost,0.149,0.9889328774518625,0.9945706270925708,0.9917437401308369,0.9836344124485781,8,123,60,10991,11114
XGBoost,0.15,0.9889328774518625,0.9945706270925708,0.9917437401308369,0.9836344124485781,8,123,60,10991,11114
XGBoost,0.151,0.988929889298893,0.9942991584471993,0.9916072556628464,0.983366124128063,8,123,63,10988,11111
XGBoost,0.152,0.988928892889289,0.9942086688987422,0.9915617526284914,0.9832766946878913,8,123,64,10987,11110
XGBoost,0.153,0.988926899531869,0.9940276898018279,0.9914707342389097,0.9830978358075478,8,123,66,10985,11108
XGBoost,0.154,0.988926899531869,0.9940276898018279,0.9914707342389097,0.9830978358075478,8,123,66,10985,11108
XGBoost,0.155,0.988926899531869,0.9940276898018279,0.9914707342389097,0.9830978358075478,8,123,66,10985,11108
XGBoost,0.156,0.988926899531869,0.9940276898018279,0.9914707342389097,0.9830978358075478,8,123,66,10985,11108
XGBoost,0.157,0.988926899531869,0.9940276898018279,0.9914707342389097,0.9830978358075478,8,123,66,10985,11108
XGBoost,0.158,0.988926899531869,0.9940276898018279,0.9914707342389097,0.9830978358075478,8,123,66,10985,11108
XGBoost,0.159,0.9889259025839561,0.9939372002533707,0.9914252188825706,0.9830084063673762,8,123,67,10984,11107
XGBoost,0.16,0.9889259025839561,0.9939372002533707,0.9914252188825706,0.9830084063673762,8,123,67,10984,11107
XGBoost,0.161,0.98892490545651,0.9938467107049136,0.9913796994177912,0.9829189769272044,8,123,68,10983,11106
XGBoost,0.162,0.9889239081494822,0.9937562211564565,0.9913341758440152,0.9828295474870328,8,123,69,10982,11105
XGBoost,0.163,0.9889209151504234,0.9934847525110849,0.9911975804631427,0.9825612591665176,8,123,72,10979,11102
XGBoost,0.164,0.9889209151504234,0.9934847525110849,0.9911975804631427,0.9825612591665176,8,123,72,10979,11102
XGBoost,0.165,0.9889199171245834,0.9933942629626278,0.9911520404478151,0.982471829726346,8,123,73,10978,11101
XGBoost,0.166,0.9889189189189189,0.9933037734141706,0.9911064963207079,0.9823824002861742,8,123,74,10977,11100
XGBoost,0.167,0.9889159232224926,0.9930323047687992,0.9909698392631389,0.9821141119656591,8,123,77,10974,11097
XGBoost,0.168,0.9889159232224926,0.9930323047687992,0.9909698392631389,0.9821141119656591,8,123,77,10974,11097
XGBoost,0.169,0.988914924297044,0.9929418152203421,0.9909242786833431,0.9820246825254874,8,123,78,10973,11096
XGBoost,0.17,0.988914924297044,0.9929418152203421,0.9909242786833431,0.9820246825254874,8,123,78,10973,11096
XGBoost,0.171,0.988914924297044,0.9929418152203421,0.9909242786833431,0.9820246825254874,8,123,78,10973,11096
XGBoost,0.172,0.9889119264400974,0.9926703465749706,0.9907875722543352,0.9817563942049723,8,123,81,10970,11093
XGBoost,0.173,0.9889119264400974,0.9926703465749706,0.9907875722543352,0.9817563942049723,8,123,81,10970,11093
XGBoost,0.174,0.9889109267940859,0.9925798570265134,0.9907419952129342,0.9816669647648005,8,123,82,10969,11092
XGBoost,0.175,0.9889109267940859,0.9925798570265134,0.9907419952129342,0.9816669647648005,8,123,82,10969,11092
XGBoost,0.176,0.9889109267940859,0.9925798570265134,0.9907419952129342,0.9816669647648005,8,123,82,10969,11092
XGBoost,0.177,0.9889099269678118,0.9924893674780563,0.9906964140547376,0.9815775353246289,8,123,83,10968,11091
XGBoost,0.178,0.9889099269678118,0.9924893674780563,0.9906964140547376,0.9815775353246289,8,123,83,10968,11091
XGBoost,0.179,0.9889089269612263,0.9923988779295991,0.990650828779188,0.9814881058844571,8,123,84,10967,11090
XGBoost,0.18,0.9889079267742809,0.992308388381142,0.9906052393857272,0.9813986764442855,8,123,85,10966,11089
XGBoost,0.181,0.9889069264069265,0.9922178988326849,0.9905596458737974,0.9813092470041137,8,123,86,10965,11088
XGBoost,0.182,0.9889059258591143,0.9921274092842277,0.9905140482428404,0.981219817563942,8,123,87,10964,11087
XGBoost,0.183,0.9889039242219215,0.9919464301873133,0.9904228406216119,0.9810409586835986,8,123,89,10962,11085
XGBoost,0.184,0.9889039242219215,0.9919464301873133,0.9904228406216119,0.9810409586835986,8,123,89,10962,11085
XGBoost,0.185,0.9889039242219215,0.9919464301873133,0.9904228406216119,0.9810409586835986,8,123,89,10962,11085
XGBoost,0.186,0.9889039242219215,0.9919464301873133,0.9904228406216119,0.9810409586835986,8,123,89,10962,11085
XGBoost,0.187,0.9889029231324432,0.9918559406388562,0.9903772306302236,0.980951529243427,8,123,90,10961,11084
XGBoost,0.188,0.9889029231324432,0.9918559406388562,0.9903772306302236,0.980951529243427,8,123,90,10961,11084
XGBoost,0.189,0.9889019218623116,0.991765451090399,0.9903316165175747,0.9808620998032552,8,123,91,10960,11083
XGBoost,0.19,0.988900920411478,0.9916749615419419,0.9902859982831067,0.9807726703630836,8,123,92,10959,11082
XGBoost,0.191,0.988898916967509,0.9914939824450276,0.9901947494464778,0.9805938114827402,8,123,94,10957,11080
XGBoost,0.192,0.9888969128001445,0.9913130033481133,0.990103484115866,0.9804149526023967,8,123,96,10955,11078
XGBoost,0.193,0.9888929022936608,0.9909510451542847,0.9899209039548023,0.9800572348417099,8,123,100,10951,11074
XGBoost,0.194,0.9888918992143051,0.9908605556058275,0.9898752485988067,0.9799678054015382,8,123,101,10950,11073
XGBoost,0.195,0.9888918992143051,0.9908605556058275,0.9898752485988067,0.9799678054015382,8,123,101,10950,11073
XGBoost,0.196,0.9888908959537572,0.9907700660573704,0.9898295891154003,0.9798783759613665,8,123,102,10949,11072
XGBoost,0.197,0.9888898925119682,0.9906795765089133,0.9897839255040232,0.9797889465211947,8,123,103,10948,11071
XGBoost,0.198,0.9888898925119682,0.9906795765089133,0.9897839255040232,0.9797889465211947,8,123,103,10948,11071
XGBoost,0.199,0.9888868810986629,0.9904081078635417,0.9896469098964691,0.9795206582006797,8,123,106,10945,11068
XGBoost,0.2,0.9888868810986629,0.9904081078635417,0.9896469098964691,0.9795206582006797,8,123,106,10945,11068
XGBoost,0.201,0.9888868810986629,0.9904081078635417,0.9896469098964691,0.9795206582006797,8,123,106,10945,11068
XGBoost,0.202,0.9888858769314177,0.9903176183150846,0.9896012297676101,0.9794312287605079,8,123,107,10944,11067
XGBoost,0.203,0.9889732465654375,0.9901366392181703,0.9895546009495817,0.9793417993203363,9,122,109,10942,11064
XGBoost,0.204,0.9889712529379859,0.989955660121256,0.9894632116854339,0.9791629404399929,9,122,111,10940,11062
XGBoost,0.205,0.9889712529379859,0.989955660121256,0.9894632116854339,0.9791629404399929,9,122,111,10940,11062
XGBoost,0.206,0.9889672635196238,0.9895937019274273,0.9892803835542087,0.978805222679306,9,122,115,10936,11058
XGBoost,0.207,0.9889662657140273,0.9895032123789702,0.9892346661841868,0.9787157932391343,9,122,116,10935,11057
XGBoost,0.208,0.9889642695612845,0.9893222332820559,0.9891432190355559,0.978536934358791,9,122,118,10933,11055
XGBoost,0.209,0.9889602750882273,0.9889602750882273,0.9889602750882273,0.9781792165981041,9,122,122,10929,11051
XGBoost,0.21,0.9889592760180995,0.9888697855397701,0.988914528754355,0.9780897871579324,9,122,123,10928,11050
XGBoost,0.211,0.9889582767671282,0.988779295991313,0.988868778280543,0.9780003577177607,9,122,124,10927,11049
XGBoost,0.212,0.9889572773352643,0.9886888064428558,0.9888230236662292,0.977910928277589,9,122,125,10926,11048
XGBoost,0.213,0.9889572773352643,0.9886888064428558,0.9888230236662292,0.977910928277589,9,122,125,10926,11048
XGBoost,0.214,0.9889542779538253,0.9884173377974844,0.9886857349746561,0.9776426399570739,9,122,128,10923,11045
XGBoost,0.215,0.9889532777978993,0.9883268482490273,0.9886399637927132,0.9775532105169021,9,122,129,10922,11044
XGBoost,0.216,0.9889522774608349,0.9882363587005701,0.9885941884674573,0.9774637810767305,9,122,130,10921,11043
XGBoost,0.217,0.9889522774608349,0.9882363587005701,0.9885941884674573,0.9774637810767305,9,122,130,10921,11043
XGBoost,0.218,0.9889512769425829,0.9881458691521129,0.9885484089983253,0.9773743516365587,9,122,131,10920,11042
XGBoost,0.219,0.9889482743002084,0.9878744005067415,0.9884110457220462,0.9771060633160437,9,122,134,10917,11039
XGBoost,0.22,0.9889472730567131,0.9877839109582843,0.9883652496717823,0.9770166338758719,9,122,135,10916,11038
XGBoost,0.221,0.9889452700253715,0.98760293186137,0.9882736451306198,0.9768377749955285,9,122,137,10914,11036
XGBoost,0.222,0.9889432662678992,0.9874219527644557,0.9881820239981888,0.9766589161151851,9,122,139,10912,11034
XGBoost,0.223,0.9889432662678992,0.9874219527644557,0.9881820239981888,0.9766589161151851,9,122,139,10912,11034
XGBoost,0.224,0.9889432662678992,0.9874219527644557,0.9881820239981888,0.9766589161151851,9,122,139,10912,11034
XGBoost,0.225,0.9889432662678992,0.9874219527644557,0.9881820239981888,0.9766589161151851,9,122,139,10912,11034
XGBoost,0.226,0.9889422641167407,0.9873314632159985,0.988136207208839,0.9765694866750134,9,122,140,10911,11033
XGBoost,0.227,0.9889422641167407,0.9873314632159985,0.988136207208839,0.9765694866750134,9,122,140,10911,11033
XGBoost,0.228,0.9889402592693319,0.9871504841190842,0.9880445611810524,0.97639062779467,9,122,142,10909,11031
XGBoost,0.229,0.9889402592693319,0.9871504841190842,0.9880445611810524,0.97639062779467,9,122,142,10909,11031
XGBoost,0.23,0.9889382536948046,0.98696950502217,0.9879528985507247,0.9762117689143266,9,122,144,10907,11029
XGBoost,0.231,0.9889382536948046,0.98696950502217,0.9879528985507247,0.9762117689143266,9,122,144,10907,11029
XGBoost,0.232,0.9889382536948046,0.98696950502217,0.9879528985507247,0.9762117689143266,9,122,144,10907,11029
XGBoost,0.233,0.9889382536948046,0.98696950502217,0.9879528985507247,0.9762117689143266,9,122,144,10907,11029
XGBoost,0.234,0.9889382536948046,0.98696950502217,0.9879528985507247,0.9762117689143266,9,122,144,10907,11029
XGBoost,0.235,0.9889382536948046,0.98696950502217,0.9879528985507247,0.9762117689143266,9,122,144,10907,11029
XGBoost,0.236,0.9889372506347479,0.9868790154737128,0.9879070610081978,0.9761223394741549,9,122,145,10906,11028
XGBoost,0.237,0.9889362473927632,0.9867885259252557,0.9878612193133436,0.9760329100339832,9,122,146,10905,11027
XGBoost,0.238,0.9889342403628117,0.9866075468283413,0.9877695234643957,0.9758540511536398,9,122,148,10903,11025
XGBoost,0.239,0.9889312284521865,0.9863360781829699,0.9876319485344085,0.9755857628331247,9,122,151,10900,11022
XGBoost,0.24,0.9889312284521865,0.9863360781829699,0.9876319485344085,0.9755857628331247,9,122,151,10900,11022
XGBoost,0.241,0.9889312284521865,0.9863360781829699,0.9876319485344085,0.9755857628331247,9,122,151,10900,11022
XGBoost,0.242,0.9889302241175937,0.9862455886345127,0.9875860819137369,0.9754963333929529,9,122,152,10899,11021
XGBoost,0.243,0.988929219600726,0.9861550990860556,0.9875402111367858,0.9754069039527813,9,122,153,10898,11020
XGBoost,0.244,0.988929219600726,0.9861550990860556,0.9875402111367858,0.9754069039527813,9,122,153,10898,11020
XGBoost,0.245,0.988929219600726,0.9861550990860556,0.9875402111367858,0.9754069039527813,9,122,153,10898,11020
XGBoost,0.246,0.9889282149015337,0.9860646095375984,0.9874943362029904,0.9753174745126095,9,122,154,10897,11019
XGBoost,0.247,0.9889282149015337,0.9860646095375984,0.9874943362029904,0.9753174745126095,9,122,154,10897,11019
XGBoost,0.248,0.9889262049559772,0.9858836304406841,0.9874025738626064,0.9751386156322661,9,122,156,10895,11017
XGBoost,0.249,0.9889262049559772,0.9858836304406841,0.9874025738626064,0.9751386156322661,9,122,156,10895,11017
XGBoost,0.25,0.9889262049559772,0.9858836304406841,0.9874025738626064,0.9751386156322661,9,122,156,10895,11017
XGBoost,0.251,0.9889251997095134,0.9857931408922269,0.9873566864548874,0.9750491861920945,9,122,157,10894,11016
XGBoost,0.252,0.9889231886689668,0.9856121617953126,0.9872648991615681,0.974870327311751,9,122,159,10892,11014
XGBoost,0.253,0.9889211768979296,0.9854311826983984,0.9871730952273037,0.9746914684314076,9,122,161,10890,11012
XGBoost,0.254,0.9889211768979296,0.9854311826983984,0.9871730952273037,0.9746914684314076,9,122,161,10890,11012
XGBoost,0.255,0.9889201707383526,0.9853406931499412,0.9871271870184026,0.9746020389912359,9,122,162,10889,11011
XGBoost,0.256,0.9889201707383526,0.9853406931499412,0.9871271870184026,0.9746020389912359,9,122,162,10889,11011
XGBoost,0.257,0.9889201707383526,0.9853406931499412,0.9871271870184026,0.9746020389912359,9,122,162,10889,11011
XGBoost,0.258,0.9889201707383526,0.9853406931499412,0.9871271870184026,0.9746020389912359,9,122,162,10889,11011
XGBoost,0.259,0.9889181578708329,0.9851597140530268,0.9870353581142339,0.9744231801108925,9,122,164,10887,11009
XGBoost,0.26,0.9889181578708329,0.9851597140530268,0.9870353581142339,0.9744231801108925,9,122,164,10887,11009
XGBoost,0.261,0.9889181578708329,0.9851597140530268,0.9870353581142339,0.9744231801108925,9,122,164,10887,11009
XGBoost,0.262,0.9889181578708329,0.9851597140530268,0.9870353581142339,0.9744231801108925,9,122,164,10887,11009
XGBoost,0.263,0.9889171511627907,0.9850692245045697,0.986989437417834,0.9743337506707208,9,122,165,10886,11008
XGBoost,0.264,0.9889171511627907,0.9850692245045697,0.986989437417834,0.9743337506707208,9,122,165,10886,11008
XGBoost,0.265,0.9889171511627907,0.9850692245045697,0.986989437417834,0.9743337506707208,9,122,165,10886,11008
XGBoost,0.266,0.9889171511627907,0.9850692245045697,0.986989437417834,0.9743337506707208,9,122,165,10886,11008
XGBoost,0.267,0.9889171511627907,0.9850692245045697,0.986989437417834,0.9743337506707208,9,122,165,10886,11008
XGBoost,0.268,0.9889161442718271,0.9849787349561125,0.9869435125578021,0.974244321230549,9,122,166,10885,11007
XGBoost,0.269,0.9889161442718271,0.9849787349561125,0.9869435125578021,0.974244321230549,9,122,166,10885,11007
XGBoost,0.27,0.9889161442718271,0.9849787349561125,0.9869435125578021,0.974244321230549,9,122,166,10885,11007
XGBoost,0.271,0.9889161442718271,0.9849787349561125,0.9869435125578021,0.974244321230549,9,122,166,10885,11007
XGBoost,0.272,0.9889161442718271,0.9849787349561125,0.9869435125578021,0.974244321230549,9,122,166,10885,11007
XGBoost,0.273,0.9889161442718271,0.9849787349561125,0.9869435125578021,0.974244321230549,9,122,166,10885,11007
XGBoost,0.274,0.988915137197892,0.9848882454076554,0.9868975835335722,0.9741548917903774,9,122,167,10884,11006
XGBoost,0.275,0.988915137197892,0.9848882454076554,0.9868975835335722,0.9741548917903774,9,122,167,10884,11006
XGBoost,0.276,0.988915137197892,0.9848882454076554,0.9868975835335722,0.9741548917903774,9,122,167,10884,11006
XGBoost,0.277,0.988914129940936,0.9847977558591983,0.9868516503445774,0.9740654623502056,9,122,168,10883,11005
XGBoost,0.278,0.9889131225009088,0.9847072663107411,0.9868057129902517,0.973976032910034,9,122,169,10882,11004
XGBoost,0.279,0.9889111070714416,0.9845262872138268,0.9867138257833401,0.9737971740296906,9,122,171,10880,11002
XGBoost,0.28,0.9889111070714416,0.9845262872138268,0.9867138257833401,0.9737971740296906,9,122,171,10880,11002
XGBoost,0.281,0.9889100990819016,0.9844357976653697,0.9866678759296209,0.9737077445895189,9,122,172,10879,11001
XGBoost,0.282,0.988909090909091,0.9843453081169125,0.9866219219083034,0.9736183151493472,9,122,173,10878,11000
XGBoost,0.283,0.9889080825529594,0.9842548185684553,0.9865759637188208,0.9735288857091755,9,122,174,10877,10999
XGBoost,0.284,0.988907074013457,0.9841643290199982,0.9865300013606059,0.9734394562690037,9,122,175,10876,10998
XGBoost,0.285,0.988907074013457,0.9841643290199982,0.9865300013606059,0.9734394562690037,9,122,175,10876,10998
XGBoost,0.286,0.9889060652905338,0.984073839471541,0.9864840348330914,0.9733500268288321,9,122,176,10875,10997
XGBoost,0.287,0.9889060652905338,0.984073839471541,0.9864840348330914,0.9733500268288321,9,122,176,10875,10997
XGBoost,0.288,0.9889060652905338,0.984073839471541,0.9864840348330914,0.9733500268288321,9,122,176,10875,10997
XGBoost,0.289,0.9889050563841397,0.9839833499230839,0.9864380641357101,0.9732605973886603,9,122,177,10874,10996
XGBoost,0.29,0.9889050563841397,0.9839833499230839,0.9864380641357101,0.9732605973886603,9,122,177,10874,10996
XGBoost,0.291,0.9889050563841397,0.9839833499230839,0.9864380641357101,0.9732605973886603,9,122,177,10874,10996
XGBoost,0.292,0.9889050563841397,0.9839833499230839,0.9864380641357101,0.9732605973886603,9,122,177,10874,10996
XGBoost,0.293,0.9889050563841397,0.9839833499230839,0.9864380641357101,0.9732605973886603,9,122,177,10874,10996
XGBoost,0.294,0.9889050563841397,0.9839833499230839,0.9864380641357101,0.9732605973886603,9,122,177,10874,10996
XGBoost,0.295,0.9889050563841397,0.9839833499230839,0.9864380641357101,0.9732605973886603,9,122,177,10874,10996
XGBoost,0.296,0.9889050563841397,0.9839833499230839,0.9864380641357101,0.9732605973886603,9,122,177,10874,10996
XGBoost,0.297,0.9889050563841397,0.9839833499230839,0.9864380641357101,0.9732605973886603,9,122,177,10874,10996
XGBoost,0.298,0.9889050563841397,0.9839833499230839,0.9864380641357101,0.9732605973886603,9,122,177,10874,10996
XGBoost,0.299,0.9889050563841397,0.9839833499230839,0.9864380641357101,0.9732605973886603,9,122,177,10874,10996
XGBoost,0.3,0.9889050563841397,0.9839833499230839,0.9864380641357101,0.9732605973886603,9,122,177,10874,10996
XGBoost,0.301,0.9889040472942247,0.9838928603746268,0.9863920892678945,0.9731711679484887,9,122,178,10873,10995
XGBoost,0.302,0.9889040472942247,0.9838928603746268,0.9863920892678945,0.9731711679484887,9,122,178,10873,10995
XGBoost,0.303,0.9890290729566649,0.9789159352094833,0.9839465187139024,0.9684314076193883,11,120,233,10818,10938
XGBoost,0.304,0.9890290729566649,0.9789159352094833,0.9839465187139024,0.9684314076193883,11,120,233,10818,10938
XGBoost,0.305,0.9890290729566649,0.9789159352094833,0.9839465187139024,0.9684314076193883,11,120,233,10818,10938
XGBoost,0.306,0.9890280698546219,0.9788254456610261,0.9839003092595962,0.9683419781792166,11,120,234,10817,10937
XGBoost,0.307,0.9890280698546219,0.9788254456610261,0.9839003092595962,0.9683419781792166,11,120,234,10817,10937
XGBoost,0.308,0.9890280698546219,0.9788254456610261,0.9839003092595962,0.9683419781792166,11,120,234,10817,10937
XGBoost,0.309,0.9890280698546219,0.9788254456610261,0.9839003092595962,0.9683419781792166,11,120,234,10817,10937
XGBoost,0.31,0.9890270665691295,0.978734956112569,0.9838540956019466,0.9682525487390449,11,120,235,10816,10936
XGBoost,0.311,0.9890260631001372,0.9786444665641119,0.9838078777403803,0.9681631192988732,11,120,236,10815,10935
XGBoost,0.312,0.9890260631001372,0.9786444665641119,0.9838078777403803,0.9681631192988732,11,120,236,10815,10935
XGBoost,0.313,0.9890260631001372,0.9786444665641119,0.9838078777403803,0.9681631192988732,11,120,236,10815,10935
XGBoost,0.314,0.9890260631001372,0.9786444665641119,0.9838078777403803,0.9681631192988732,11,120,236,10815,10935
XGBoost,0.315,0.9890240556114516,0.9784634874671976,0.9837154294032023,0.9679842604185298,11,120,238,10813,10933
XGBoost,0.316,0.9890240556114516,0.9784634874671976,0.9837154294032023,0.9679842604185298,11,120,238,10813,10933
XGBoost,0.317,0.9890240556114516,0.9784634874671976,0.9837154294032023,0.9679842604185298,11,120,238,10813,10933
XGBoost,0.318,0.9890240556114516,0.9784634874671976,0.9837154294032023,0.9679842604185298,11,120,238,10813,10933
XGBoost,0.319,0.9890230515916575,0.9783729979187404,0.9836691989264431,0.967894830978358,11,120,239,10812,10932
XGBoost,0.32,0.9890230515916575,0.9783729979187404,0.9836691989264431,0.967894830978358,11,120,239,10812,10932
XGBoost,0.321,0.9890230515916575,0.9783729979187404,0.9836691989264431,0.967894830978358,11,120,239,10812,10932
XGBoost,0.322,0.9890230515916575,0.9783729979187404,0.9836691989264431,0.967894830978358,11,120,239,10812,10932
XGBoost,0.323,0.9890230515916575,0.9783729979187404,0.9836691989264431,0.967894830978358,11,120,239,10812,10932
XGBoost,0.324,0.9890765559023316,0.9750248846258257,0.9820004556846662,0.9646753711321767,12,119,276,10775,10894
XGBoost,0.325,0.9890755531075003,0.9749343950773686,0.9819540648924535,0.964585941692005,12,119,277,10774,10893
XGBoost,0.326,0.9890755531075003,0.9749343950773686,0.9819540648924535,0.964585941692005,12,119,277,10774,10893
XGBoost,0.327,0.9890745501285347,0.9748439055289114,0.9819076698719409,0.9644965122518333,12,119,278,10773,10892
XGBoost,0.328,0.9890745501285347,0.9748439055289114,0.9819076698719409,0.9644965122518333,12,119,278,10773,10892
XGBoost,0.329,0.9890735469653843,0.9747534159804543,0.9818612706225504,0.9644070828116617,12,119,279,10772,10891
XGBoost,0.33,0.9890725436179981,0.9746629264319971,0.9818148671437036,0.9643176533714899,12,119,280,10771,10890
XGBoost,0.331,0.9890038809831824,0.9685096371369107,0.9786494765235678,0.958236451439814,12,119,348,10703,10822
XGBoost,0.332,0.9890038809831824,0.9685096371369107,0.9786494765235678,0.958236451439814,12,119,348,10703,10822
XGBoost,0.333,0.9890038809831824,0.9685096371369107,0.9786494765235678,0.958236451439814,12,119,348,10703,10822
XGBoost,0.334,0.9890038809831824,0.9685096371369107,0.9786494765235678,0.958236451439814,12,119,348,10703,10822
XGBoost,0.335,0.989002864799926,0.9684191475884535,0.9786027798098025,0.9581470219996423,12,119,349,10702,10821
XGBoost,0.336,0.989002864799926,0.9684191475884535,0.9786027798098025,0.9581470219996423,12,119,349,10702,10821
XGBoost,0.337,0.989002864799926,0.9684191475884535,0.9786027798098025,0.9581470219996423,12,119,349,10702,10821
XGBoost,0.338,0.9890477074438463,0.9642566283594245,0.9764948453608248,0.9541226971919156,13,118,395,10656,10774
XGBoost,0.339,0.9890477074438463,0.9642566283594245,0.9764948453608248,0.9541226971919156,13,118,395,10656,10774
XGBoost,0.34,0.9890477074438463,0.9642566283594245,0.9764948453608248,0.9541226971919156,13,118,395,10656,10774
XGBoost,0.341,0.9890477074438463,0.9642566283594245,0.9764948453608248,0.9541226971919156,13,118,395,10656,10774
XGBoost,0.342,0.9890048453224003,0.9604560673242241,0.97452141578295,0.950366660704704,13,118,437,10614,10732
XGBoost,0.343,0.9890038207063647,0.9603655777757669,0.9744743366082086,0.9502772312645322,13,118,438,10613,10731
XGBoost,0.344,0.9889461358313817,0.9552981630621663,0.971830985915493,0.9452691826149169,13,118,494,10557,10675
XGBoost,0.345,0.9889451002435825,0.9552076735137092,0.9717836593785961,0.9451797531747451,13,118,495,10556,10674
XGBoost,0.346,0.9889451002435825,0.9552076735137092,0.9717836593785961,0.9451797531747451,13,118,495,10556,10674
XGBoost,0.347,0.9889451002435825,0.9552076735137092,0.9717836593785961,0.9451797531747451,13,118,495,10556,10674
XGBoost,0.348,0.988886796006781,0.9501402588001086,0.9691264017721168,0.9401717045251297,13,118,551,10500,10618
XGBoost,0.349,0.9888321029717964,0.9454348022803366,0.9666466207151778,0.935521373636201,13,118,603,10448,10566
XGBoost,0.35,0.9888321029717964,0.9454348022803366,0.9666466207151778,0.935521373636201,13,118,603,10448,10566
XGBoost,0.351,0.9888321029717964,0.9454348022803366,0.9666466207151778,0.935521373636201,13,118,603,10448,10566
XGBoost,0.352,0.9888310459062943,0.9453443127318795,0.96659881569208,0.9354319441960294,13,118,604,10447,10565
XGBoost,0.353,0.9887928578212556,0.942086688987422,0.9648748841519926,0.9322124843498479,13,118,640,10411,10529
XGBoost,0.354,0.9887907286026408,0.9419057098905076,0.9647789415145055,0.9320336254695045,13,118,642,10409,10527
XGBoost,0.355,0.9887907286026408,0.9419057098905076,0.9647789415145055,0.9320336254695045,13,118,642,10409,10527
XGBoost,0.356,0.9887907286026408,0.9419057098905076,0.9647789415145055,0.9320336254695045,13,118,642,10409,10527
XGBoost,0.357,0.988834812482107,0.9376527011130215,0.9625638643752903,0.9279198712216061,14,117,689,10362,10479
XGBoost,0.358,0.9888973966309341,0.9349380146593068,0.9611609842318247,0.9253264174566267,15,116,719,10332,10448
XGBoost,0.359,0.9889081790123457,0.9277893403311918,0.9573742938512536,0.9183509211232338,16,115,798,10253,10368
XGBoost,0.36,0.988956698634118,0.923807800199077,0.9552727612987743,0.9145054551958505,17,114,842,10209,10323
XGBoost,0.361,0.988956698634118,0.923807800199077,0.9552727612987743,0.9145054551958505,17,114,842,10209,10323
XGBoost,0.362,0.9888856390757531,0.9178354900009049,0.9520367936925098,0.9086031121445179,17,114,908,10143,10257
XGBoost,0.363,0.9888856390757531,0.9178354900009049,0.9520367936925098,0.9086031121445179,17,114,908,10143,10257
XGBoost,0.364,0.9888845553822153,0.9177450004524478,0.9519876097057305,0.9085136827043463,17,114,909,10142,10256
XGBoost,0.365,0.9888834714773281,0.9176545109039906,0.951938421102037,0.9084242532641745,17,114,910,10141,10255
XGBoost,0.366,0.9888823873610298,0.9175640213555334,0.9518892278807791,0.9083348238240029,17,114,911,10140,10254
XGBoost,0.367,0.9888823873610298,0.9175640213555334,0.9518892278807791,0.9083348238240029,17,114,911,10140,10254
XGBoost,0.368,0.9888823873610298,0.9175640213555334,0.9518892278807791,0.9083348238240029,17,114,911,10140,10254
XGBoost,0.369,0.9888823873610298,0.9175640213555334,0.9518892278807791,0.9083348238240029,17,114,911,10140,10254
XGBoost,0.37,0.9888823873610298,0.9175640213555334,0.9518892278807791,0.9083348238240029,17,114,911,10140,10254
XGBoost,0.371,0.9888823873610298,0.9175640213555334,0.9518892278807791,0.9083348238240029,17,114,911,10140,10254
XGBoost,0.372,0.9888823873610298,0.9175640213555334,0.9518892278807791,0.9083348238240029,17,114,911,10140,10254
XGBoost,0.373,0.9888823873610298,0.9175640213555334,0.9518892278807791,0.9083348238240029,17,114,911,10140,10254
XGBoost,0.374,0.9888823873610298,0.9175640213555334,0.9518892278807791,0.9083348238240029,17,114,911,10140,10254
XGBoost,0.375,0.9888823873610298,0.9175640213555334,0.9518892278807791,0.9083348238240029,17,114,911,10140,10254
XGBoost,0.376,0.9888813030332586,0.9174735318070762,0.9518400300413068,0.9082453943838311,17,114,912,10139,10253
XGBoost,0.377,0.9888802184939524,0.9173830422586191,0.9517908275829695,0.9081559649436595,17,114,913,10138,10252
XGBoost,0.378,0.9888802184939524,0.9173830422586191,0.9517908275829695,0.9081559649436595,17,114,913,10138,10252
XGBoost,0.379,0.9888344760039177,0.9135824812234187,0.9497201448661869,0.9043999284564479,17,114,955,10096,10210
XGBoost,0.38,0.9888344760039177,0.9135824812234187,0.9497201448661869,0.9043999284564479,17,114,955,10096,10210
XGBoost,0.381,0.9888344760039177,0.9135824812234187,0.9497201448661869,0.9043999284564479,17,114,955,10096,10210
XGBoost,0.382,0.9888921655362234,0.9103248574789612,0.9479834150018847,0.9012698980504382,18,113,991,10060,10173
XGBoost,0.383,0.9888921655362234,0.9103248574789612,0.9479834150018847,0.9012698980504382,18,113,991,10060,10173
XGBoost,0.384,0.9888571146829701,0.9074291919283323,0.9463948659871649,0.8984081559649436,18,113,1023,10028,10141
XGBoost,0.385,0.9888571146829701,0.9074291919283323,0.9463948659871649,0.8984081559649436,18,113,1023,10028,10141
XGBoost,0.386,0.9888560157790927,0.9073387023798751,0.9463451465244679,0.898318726524772,18,113,1024,10027,10140
XGBoost,0.387,0.9888560157790927,0.9073387023798751,0.9463451465244679,0.898318726524772,18,113,1024,10027,10140
XGBoost,0.388,0.9888549166584476,0.907248212831418,0.946295422369042,0.8982292970846002,18,113,1025,10026,10139
XGBoost,0.389,0.9888549166584476,0.907248212831418,0.946295422369042,0.8982292970846002,18,113,1025,10026,10139
XGBoost,0.39,0.9888118811881188,0.903719120441589,0.9443525128835516,0.8947415489179038,18,113,1064,9987,10100
XGBoost,0.391,0.9888118811881188,0.903719120441589,0.9443525128835516,0.8947415489179038,18,113,1064,9987,10100
XGBoost,0.392,0.9888810978663728,0.8933128223690163,0.9386707235903775,0.8846360221785011,20,111,1179,9872,9983
XGBoost,0.393,0.9888408565396603,0.8900551986245588,0.9368511286789218,0.8814165623323198,20,111,1215,9836,9947
XGBoost,0.394,0.9888408565396603,0.8900551986245588,0.9368511286789218,0.8814165623323198,20,111,1215,9836,9947
XGBoost,0.395,0.9887894682711097,0.8699665188670709,0.925580051988062,0.8617420854945448,22,109,1437,9614,9723
XGBoost,0.396,0.9887894682711097,0.8699665188670709,0.925580051988062,0.8617420854945448,22,109,1437,9614,9723
XGBoost,0.397,0.9887894682711097,0.8699665188670709,0.925580051988062,0.8617420854945448,22,109,1437,9614,9723
XGBoost,0.398,0.9887894682711097,0.8699665188670709,0.925580051988062,0.8617420854945448,22,109,1437,9614,9723
XGBoost,0.399,0.9887894682711097,0.8699665188670709,0.925580051988062,0.8617420854945448,22,109,1437,9614,9723
XGBoost,0.4,0.9887883151614894,0.8698760293186137,0.9255283300438069,0.8616526560543731,22,109,1438,9613,9722
XGBoost,0.401,0.9887883151614894,0.8698760293186137,0.9255283300438069,0.8616526560543731,22,109,1438,9613,9722
XGBoost,0.402,0.9887871618146281,0.8697855397701566,0.925476603119584,0.8615632266142014,22,109,1439,9612,9721
XGBoost,0.403,0.9887871618146281,0.8697855397701566,0.925476603119584,0.8615632266142014,22,109,1439,9612,9721
XGBoost,0.404,0.9887871618146281,0.8697855397701566,0.925476603119584,0.8615632266142014,22,109,1439,9612,9721
XGBoost,0.405,0.9887860082304527,0.8696950502216994,0.9254248712146743,0.8614737971740297,22,109,1440,9611,9720
XGBoost,0.406,0.9887860082304527,0.8696950502216994,0.9254248712146743,0.8614737971740297,22,109,1440,9611,9720
XGBoost,0.407,0.9887860082304527,0.8696950502216994,0.9254248712146743,0.8614737971740297,22,109,1440,9611,9720
XGBoost,0.408,0.9887860082304527,0.8696950502216994,0.9254248712146743,0.8614737971740297,22,109,1440,9611,9720
XGBoost,0.409,0.9887860082304527,0.8696950502216994,0.9254248712146743,0.8614737971740297,22,109,1440,9611,9720
XGBoost,0.41,0.9887860082304527,0.8696950502216994,0.9254248712146743,0.8614737971740297,22,109,1440,9611,9720
XGBoost,0.411,0.9887860082304527,0.8696950502216994,0.9254248712146743,0.8614737971740297,22,109,1440,9611,9720
XGBoost,0.412,0.9887860082304527,0.8696950502216994,0.9254248712146743,0.8614737971740297,22,109,1440,9611,9720
XGBoost,0.413,0.9887860082304527,0.8696950502216994,0.9254248712146743,0.8614737971740297,22,109,1440,9611,9720
XGBoost,0.414,0.9889245419728806,0.8645371459596417,0.9225569718037853,0.8565551779645859,24,107,1497,9554,9661
XGBoost,0.415,0.9889233954451345,0.8644466564111845,0.9225049490608855,0.8564657485244143,24,107,1498,9553,9660
XGBoost,0.416,0.9889233954451345,0.8644466564111845,0.9225049490608855,0.8564657485244143,24,107,1498,9553,9660
XGBoost,0.417,0.9888935021797799,0.8620939281512985,0.921150592216582,0.8541405830799499,24,107,1524,9527,9634
XGBoost,0.418,0.9888923492162358,0.8620034386028413,0.921098433571843,0.8540511536397782,24,107,1525,9526,9633
XGBoost,0.419,0.9888958726168029,0.8542213374355262,0.9166383453901054,0.8464496512251833,25,106,1611,9440,9546
XGBoost,0.42,0.9888958726168029,0.8542213374355262,0.9166383453901054,0.8464496512251833,25,106,1611,9440,9546
XGBoost,0.421,0.9888958726168029,0.8542213374355262,0.9166383453901054,0.8464496512251833,25,106,1611,9440,9546
XGBoost,0.422,0.9888958726168029,0.8542213374355262,0.9166383453901054,0.8464496512251833,25,106,1611,9440,9546
XGBoost,0.423,0.9888947092718701,0.8541308478870691,0.9165857448048165,0.8463602217850116,25,106,1612,9439,9545
XGBoost,0.424,0.9888935456831517,0.8540403583386119,0.9165331391114349,0.8462707923448399,25,106,1613,9438,9544
XGBoost,0.425,0.9888279932546374,0.8489729436250113,0.9135790447441453,0.8412627436952245,25,106,1669,9382,9488
XGBoost,0.426,0.9888279932546374,0.8489729436250113,0.9135790447441453,0.8412627436952245,25,106,1669,9382,9488
XGBoost,0.427,0.9888279932546374,0.8489729436250113,0.9135790447441453,0.8412627436952245,25,106,1669,9382,9488
XGBoost,0.428,0.9888279932546374,0.8489729436250113,0.9135790447441453,0.8412627436952245,25,106,1669,9382,9488
XGBoost,0.429,0.9888268156424581,0.8488824540765542,0.913526146654981,0.8411733142550528,25,106,1670,9381,9487
XGBoost,0.43,0.9888499522140809,0.8426386752330106,0.9099081493062341,0.8350921123233769,26,105,1739,9312,9417
XGBoost,0.431,0.9888487680543755,0.8425481856845535,0.9098548883568671,0.8350026828832051,26,105,1740,9311,9416
XGBoost,0.432,0.9888487680543755,0.8425481856845535,0.9098548883568671,0.8350026828832051,26,105,1740,9311,9416
XGBoost,0.433,0.9888487680543755,0.8425481856845535,0.9098548883568671,0.8350026828832051,26,105,1740,9311,9416
XGBoost,0.434,0.9888487680543755,0.8425481856845535,0.9098548883568671,0.8350026828832051,26,105,1740,9311,9416
XGBoost,0.435,0.9888475836431226,0.8424576961360963,0.9098016222026776,0.8349132534430335,26,105,1741,9310,9415
XGBoost,0.436,0.9888463989802422,0.8423672065876391,0.9097483508429025,0.8348238240028617,26,105,1742,9309,9414
XGBoost,0.437,0.9887892376681614,0.8380237082616958,0.9071851888132438,0.8305312108746199,26,105,1790,9261,9366
XGBoost,0.438,0.9887060342045821,0.8317799294181522,0.9034794574405347,0.8243605795027723,26,105,1859,9192,9297
XGBoost,0.439,0.9887048192771084,0.831689439869695,0.9034255664225684,0.8242711500626007,26,105,1860,9191,9296
XGBoost,0.44,0.9888624567474048,0.827526920640666,0.9010296073698212,0.8203362546950456,28,103,1906,9145,9248
XGBoost,0.441,0.9889070146818923,0.8228214641208941,0.898251506470414,0.8157753532462887,29,102,1958,9093,9195
XGBoost,0.442,0.9889058081357407,0.8227309745724369,0.8981970857001729,0.8156859238061169,29,102,1959,9092,9194
XGBoost,0.443,0.9889046013270967,0.8226404850239797,0.898142659553448,0.8155964943659453,29,102,1960,9091,9193
XGBoost,0.444,0.9889033942558747,0.8225499954755225,0.8980882280294423,0.8155070649257735,29,102,1961,9090,9192
XGBoost,0.445,0.9889033942558747,0.8225499954755225,0.8980882280294423,0.8155070649257735,29,102,1961,9090,9192
XGBoost,0.446,0.9889653665464875,0.8191113926341508,0.8960601861017621,0.8121981756394205,30,101,1999,9052,9153
XGBoost,0.447,0.9889641608391608,0.8190209030856936,0.8960055437311291,0.8121087461992488,30,101,2000,9051,9152
XGBoost,0.448,0.9889641608391608,0.8190209030856936,0.8960055437311291,0.8121087461992488,30,101,2000,9051,9152
XGBoost,0.449,0.9889892094252367,0.81277712424215,0.8922664282521234,0.8060275442675728,31,100,2069,8982,9082
XGBoost,0.45,0.9889184397163121,0.8075287304316352,0.88906600249066,0.8008406367376141,31,100,2127,8924,9024
XGBoost,0.451,0.9889767286493709,0.8037281693964348,0.8867811501597445,0.7971740296905742,32,99,2169,8882,8981
XGBoost,0.452,0.9889767286493709,0.8037281693964348,0.8867811501597445,0.7971740296905742,32,99,2169,8882,8981
XGBoost,0.453,0.9890937710816281,0.7960365577775766,0.882125846076711,0.7897513861563227,34,97,2254,8797,8894
XGBoost,0.454,0.9890333521763708,0.7916025699031762,0.879372738238842,0.7853693435879091,34,97,2303,8748,8845
XGBoost,0.455,0.9889155525082848,0.7830965523482037,0.874053125946874,0.7769629762117689,34,97,2397,8654,8751
XGBoost,0.456,0.9891052387575336,0.7722378065333454,0.867320493927537,0.7664997317116795,37,94,2517,8534,8628
XGBoost,0.457,0.989014841650111,0.7658130485928876,0.8632190942472461,0.7601502414594885,37,94,2588,8463,8557
XGBoost,0.458,0.989014841650111,0.7658130485928876,0.8632190942472461,0.7601502414594885,37,94,2588,8463,8557
XGBoost,0.459,0.989016180465336,0.7577594787802009,0.8580797212829183,0.7522804507243784,38,93,2677,8374,8467
XGBoost,0.46,0.989016180465336,0.7577594787802009,0.8580797212829183,0.7522804507243784,38,93,2677,8374,8467
XGBoost,0.461,0.9890135853514471,0.7575784996832866,0.8579626972740315,0.752101591844035,38,93,2679,8372,8465
XGBoost,0.462,0.9890135853514471,0.7575784996832866,0.8579626972740315,0.752101591844035,38,93,2679,8372,8465
XGBoost,0.463,0.9890122873345936,0.7574880101348295,0.8579041762746605,0.7520121624038634,38,93,2680,8371,8464
XGBoost,0.464,0.9890122873345936,0.7574880101348295,0.8579041762746605,0.7520121624038634,38,93,2680,8371,8464
XGBoost,0.465,0.989010989010989,0.7573975205863722,0.8578456492774419,0.7519227329636916,38,93,2681,8370,8463
XGBoost,0.466,0.9891923990498812,0.753687449099629,0.8555287350418571,0.7484349847969952,40,91,2722,8329,8420
XGBoost,0.467,0.9892742223811226,0.7511537417428287,0.8539244933648802,0.7460203899123592,41,90,2750,8301,8391
XGBoost,0.468,0.98934004072344,0.7474436702560854,0.8515463917525773,0.7424432123054909,42,89,2791,8260,8349
XGBoost,0.469,0.9893387637757547,0.7473531807076282,0.8514871900613433,0.7423537828653193,42,89,2792,8259,8348
XGBoost,0.47,0.9893397940642035,0.7390281422495701,0.8460582202424117,0.7342157038096941,43,88,2884,8167,8255
XGBoost,0.471,0.9893238434163701,0.7295267396615691,0.8397916666666667,0.7249150420318369,44,87,2989,8062,8149
XGBoost,0.472,0.9893238434163701,0.7295267396615691,0.8397916666666667,0.7249150420318369,44,87,2989,8062,8149
XGBoost,0.473,0.9893225331369662,0.729436250113112,0.839731236001875,0.7248256125916652,44,87,2990,8061,8148
XGBoost,0.474,0.9893225331369662,0.729436250113112,0.839731236001875,0.7248256125916652,44,87,2990,8061,8148
XGBoost,0.475,0.9893866469208935,0.7254547099809971,0.837109742090425,0.7209801466642819,45,86,3034,8017,8103
XGBoost,0.476,0.989501312335958,0.7164057551352819,0.8310938484148646,0.7122160615274549,47,84,3134,7917,8001
XGBoost,0.477,0.9895215250599672,0.7092570808071668,0.8262702930634619,0.7052405651940619,48,83,3213,7838,7921
XGBoost,0.478,0.9897580335424402,0.6995746991222513,0.8197433994274202,0.6959399034162046,51,80,3320,7731,7811
XGBoost,0.479,0.9896547264968317,0.6925165143425934,0.8148424190800682,0.6889644070828117,51,80,3398,7653,7733
XGBoost,0.48,0.9896049896049897,0.6891684010496788,0.812503333866752,0.6856555177964586,51,80,3435,7616,7696
XGBoost,0.481,0.9896036387264457,0.6890779115012217,0.8124399871972687,0.6855660883562869,51,80,3436,7615,7695
XGBoost,0.482,0.9896036387264457,0.6890779115012217,0.8124399871972687,0.6855660883562869,51,80,3436,7615,7695
XGBoost,0.483,0.9895968790637191,0.6886254637589359,0.8121231524465077,0.6851189411554284,51,80,3441,7610,7690
XGBoost,0.484,0.9897516752069373,0.6816577685277351,0.8073089700996677,0.6784117331425505,53,78,3518,7533,7611
XGBoost,0.485,0.9897516752069373,0.6816577685277351,0.8073089700996677,0.6784117331425505,53,78,3518,7533,7611
XGBoost,0.486,0.9897516752069373,0.6816577685277351,0.8073089700996677,0.6784117331425505,53,78,3518,7533,7611
XGBoost,0.487,0.9897516752069373,0.6816577685277351,0.8073089700996677,0.6784117331425505,53,78,3518,7533,7611
XGBoost,0.488,0.9897516752069373,0.6816577685277351,0.8073089700996677,0.6784117331425505,53,78,3518,7533,7611
XGBoost,0.489,0.9896852684475007,0.6772237806533346,0.8041691291033148,0.674029690574137,53,78,3567,7484,7562
XGBoost,0.49,0.9897292250233427,0.6714324495520767,0.8000862626698296,0.6683956358433196,54,77,3631,7420,7497
XGBoost,0.491,0.9896560988715745,0.6666365034838476,0.7966477426331441,0.6636558755142192,54,77,3684,7367,7444
XGBoost,0.492,0.9895621526365731,0.6605737037372184,0.792272628608639,0.657664103022715,54,77,3751,7300,7377
XGBoost,0.493,0.9895607375271149,0.6604832141887612,0.7922070874260596,0.6575746735825434,54,77,3752,7299,7376
XGBoost,0.494,0.9895607375271149,0.6604832141887612,0.7922070874260596,0.6575746735825434,54,77,3752,7299,7376
XGBoost,0.495,0.9895607375271149,0.6604832141887612,0.7922070874260596,0.6575746735825434,54,77,3752,7299,7376
XGBoost,0.496,0.9895607375271149,0.6604832141887612,0.7922070874260596,0.6575746735825434,54,77,3752,7299,7376
XGBoost,0.497,0.9895593220338983,0.6603927246403041,0.7921415391294909,0.6574852441423716,54,77,3753,7298,7375
XGBoost,0.498,0.9894995227055775,0.6565921636051036,0.7893820713664056,0.6537292076551601,54,77,3795,7256,7333
XGBoost,0.499,0.9894995227055775,0.6565921636051036,0.7893820713664056,0.6537292076551601,54,77,3795,7256,7333
XGBoost,0.5,0.9894621595730122,0.6542394353452177,0.7876675019065258,0.6514040422106958,54,77,3821,7230,7307
XGBoost,0.501,0.9893646408839779,0.6481766355985884,0.783226723525231,0.6454122697191915,54,77,3888,7163,7240
XGBoost,0.502,0.989310009718173,0.6448285223056737,0.7807603812862934,0.6421033804328385,54,77,3925,7126,7203
XGBoost,0.503,0.9893258426966293,0.6374083793321871,0.7753013042760443,0.6348595957789305,55,76,4007,7044,7120
XGBoost,0.504,0.9893258426966293,0.6374083793321871,0.7753013042760443,0.6348595957789305,55,76,4007,7044,7120
XGBoost,0.505,0.9893571732652192,0.6308931318432721,0.770471875345342,0.6285101055267394,56,75,4079,6972,7047
XGBoost,0.506,0.9893040501996577,0.6277259976472718,0.7680894646514975,0.6253800751207298,56,75,4114,6937,7012
XGBoost,0.507,0.9893040501996577,0.6277259976472718,0.7680894646514975,0.6253800751207298,56,75,4114,6937,7012
XGBoost,0.508,0.9892426850258176,0.6241064157089856,0.7653553792376407,0.6218028975138615,56,75,4154,6897,6972
XGBoost,0.509,0.9892347977887693,0.6153289295086417,0.7587168758716876,0.6132176712573779,57,74,4251,6800,6874
XGBoost,0.51,0.989127240669997,0.6091756402135553,0.7539900319202554,0.607136469325702,57,74,4319,6732,6806
XGBoost,0.511,0.9891963889299985,0.604832141887612,0.7506738544474394,0.6029332856376319,58,73,4367,6684,6757
XGBoost,0.512,0.9891223364625242,0.6006696226585829,0.7474383515369891,0.5988195313897335,58,73,4413,6638,6711
XGBoost,0.513,0.9891190937546579,0.6004886435616686,0.7472972972972973,0.5986406725093901,58,73,4415,6636,6709
XGBoost,0.514,0.9890620317650585,0.5973215093656683,0.7448236953455571,0.5955106421033804,58,73,4450,6601,6674
XGBoost,0.515,0.9890620317650585,0.5973215093656683,0.7448236953455571,0.5955106421033804,58,73,4450,6601,6674
XGBoost,0.516,0.9893162393162394,0.586553253099267,0.7364653752201329,0.5851368270434627,61,70,4569,6482,6552
XGBoost,0.517,0.9891958635591912,0.5799475160618949,0.7312036508841985,0.5786084779109283,61,70,4642,6409,6479
XGBoost,0.518,0.9891321223412514,0.576508913220523,0.728447290189801,0.5752101591844035,61,70,4680,6371,6441
XGBoost,0.519,0.9890744498205088,0.5734322685729798,0.7259709015923932,0.5721695582185655,61,70,4714,6337,6407
XGBoost,0.52,0.9890727443022167,0.5733417790245227,0.725897920604915,0.5720801287783939,61,70,4715,6336,6406
XGBoost,0.521,0.9894934922377293,0.5709890507646367,0.724122102364012,0.5700232516544447,64,67,4741,6310,6377
XGBoost,0.522,0.9894405043341213,0.5680933852140078,0.7217751207174063,0.5671615095689501,64,67,4773,6278,6345
XGBoost,0.523,0.9894405043341213,0.5680933852140078,0.7217751207174063,0.5671615095689501,64,67,4773,6278,6345
XGBoost,0.524,0.9896792632581772,0.5640213555334359,0.7185428554959941,0.5633160436415668,66,65,4818,6233,6298
XGBoost,0.525,0.9896792632581772,0.5640213555334359,0.7185428554959941,0.5633160436415668,66,65,4818,6233,6298
XGBoost,0.526,0.9896033269353807,0.5598588363044068,0.7151361035658557,0.5592022893936685,66,65,4864,6187,6252
XGBoost,0.527,0.9896033269353807,0.5598588363044068,0.7151361035658557,0.5592022893936685,66,65,4864,6187,6252
XGBoost,0.528,0.9896033269353807,0.5598588363044068,0.7151361035658557,0.5592022893936685,66,65,4864,6187,6252
XGBoost,0.529,0.989546477967192,0.5567821916568636,0.7126064045399271,0.5561616884278304,66,65,4898,6153,6218
XGBoost,0.53,0.9894429105083644,0.5512623292009773,0.7080427708042771,0.5507064925773565,66,65,4959,6092,6157
XGBoost,0.531,0.9895253682487725,0.5470998099719483,0.7046209428354991,0.5466821677696297,67,64,5005,6046,6110
XGBoost,0.532,0.989523653625798,0.547009320423491,0.7045454545454546,0.5465927383294581,67,64,5006,6045,6109
XGBoost,0.533,0.9897231891264711,0.5403130938376618,0.6990166237415125,0.5401538186370953,69,62,5080,5971,6033
XGBoost,0.534,0.9901155972524711,0.5347932313817754,0.6944770857814336,0.5349669111071365,72,59,5141,5910,5969
XGBoost,0.535,0.9899523160762943,0.5260157451814316,0.6869940317910536,0.5262922554104811,72,59,5238,5813,5872
XGBoost,0.536,0.98989898989899,0.5232105691792598,0.6845844186597205,0.5235199427651583,72,59,5269,5782,5841
XGBoost,0.537,0.9897462634688912,0.5153379784634875,0.677774471883368,0.51573958147022,72,59,5356,5695,5754
XGBoost,0.538,0.9897462634688912,0.5153379784634875,0.677774471883368,0.51573958147022,72,59,5356,5695,5754
XGBoost,0.539,0.9901874890485369,0.5113564383313727,0.6744241556271632,0.5120729744231801,75,56,5400,5651,5707
XGBoost,0.54,0.9902861179795125,0.507374898199258,0.6709746903607969,0.5082275084957968,76,55,5444,5607,5662
XGBoost,0.541,0.9902861179795125,0.507374898199258,0.6709746903607969,0.5082275084957968,76,55,5444,5607,5662
XGBoost,0.542,0.9902861179795125,0.507374898199258,0.6709746903607969,0.5082275084957968,76,55,5444,5607,5662
XGBoost,0.543,0.9902861179795125,0.507374898199258,0.6709746903607969,0.5082275084957968,76,55,5444,5607,5662
XGBoost,0.544,0.990223960184856,0.5041172744548005,0.6681057744198596,0.5050080486496155,76,55,5480,5571,5626
XGBoost,0.545,0.990189083125223,0.5023074834856575,0.6665065738128114,0.5032194598461813,76,55,5500,5551,5606
XGBoost,0.546,0.9900883041989548,0.49714957922359965,0.6619277108433735,0.4981219817563942,76,55,5557,5494,5549
XGBoost,0.547,0.9900847304849468,0.49696860012668537,0.6617664778889023,0.4979431228760508,76,55,5559,5492,5547
XGBoost,0.548,0.9900847304849468,0.49696860012668537,0.6617664778889023,0.4979431228760508,76,55,5559,5492,5547
XGBoost,0.549,0.9900847304849468,0.49696860012668537,0.6617664778889023,0.4979431228760508,76,55,5559,5492,5547
XGBoost,0.55,0.9900847304849468,0.49696860012668537,0.6617664778889023,0.4979431228760508,76,55,5559,5492,5547
XGBoost,0.551,0.9902632527948071,0.49696860012668537,0.6618063505452793,0.4980325523162225,77,54,5559,5492,5546
XGBoost,0.552,0.9902632527948071,0.49696860012668537,0.6618063505452793,0.4980325523162225,77,54,5559,5492,5546
XGBoost,0.553,0.9902614968440036,0.4968781105782282,0.6617257170402506,0.4979431228760508,77,54,5560,5491,5545
XGBoost,0.554,0.9902645113886848,0.4878291557325129,0.6536526220066687,0.48908960829905207,78,53,5660,5391,5444
XGBoost,0.555,0.9902645113886848,0.4878291557325129,0.6536526220066687,0.48908960829905207,78,53,5660,5391,5444
XGBoost,0.556,0.9901321913982498,0.48122341869514074,0.6476677627572768,0.4825612591665176,78,53,5733,5318,5371
XGBoost,0.557,0.9901303538175047,0.48113292914668354,0.6475854089275928,0.4824718297263459,78,53,5734,5317,5370
XGBoost,0.558,0.9900394662657396,0.47669894127228307,0.6435377473735646,0.4780897871579324,78,53,5783,5268,5321
XGBoost,0.559,0.9899583175445245,0.47280789068862544,0.6399657051870905,0.4742443212305491,78,53,5826,5225,5278
XGBoost,0.56,0.9899583175445245,0.47280789068862544,0.6399657051870905,0.4742443212305491,78,53,5826,5225,5278
XGBoost,0.561,0.9899583175445245,0.47280789068862544,0.6399657051870905,0.4742443212305491,78,53,5826,5225,5278
XGBoost,0.562,0.9900687547746372,0.4690978192018822,0.6365813225271689,0.4706671436236809,79,52,5867,5184,5236
XGBoost,0.563,0.990558615263572,0.4557053660302235,0.6242330337775023,0.4577893042389555,83,48,6015,5036,5084
XGBoost,0.564,0.9905567578201849,0.45561487648176635,0.6241477624891534,0.45769987479878377,83,48,6016,5035,5083
XGBoost,0.565,0.9905567578201849,0.45561487648176635,0.6241477624891534,0.45769987479878377,83,48,6016,5035,5083
XGBoost,0.566,0.9905530407400118,0.45543389738485207,0.6239771881973717,0.45752101591844035,83,48,6018,5033,5081
XGBoost,0.567,0.9908998988877654,0.4433987874400507,0.6126531632908228,0.44589518869611877,86,45,6151,4900,4945
XGBoost,0.568,0.9908163265306122,0.43932675775947877,0.6087392639959878,0.4418708638883921,86,45,6196,4855,4900
XGBoost,0.569,0.9907616505850955,0.4367025608542213,0.6062052505966588,0.43927741012341265,86,45,6225,4826,4871
XGBoost,0.57,0.9908122781373983,0.42937290742919193,0.5991161616161617,0.4321230549096763,87,44,6306,4745,4789
XGBoost,0.571,0.9912224363091415,0.41896660935661934,0.5889835898740619,0.42210695761044537,90,41,6421,4630,4671
XGBoost,0.572,0.9911903738719381,0.41742828703284773,0.5874562241324419,0.4205866571275264,90,41,6438,4613,4654
XGBoost,0.573,0.9910421673585318,0.4104605918016469,0.5804965446634246,0.4137005902343051,90,41,6515,4536,4577
XGBoost,0.574,0.9910421673585318,0.4104605918016469,0.5804965446634246,0.4137005902343051,90,41,6515,4536,4577
XGBoost,0.575,0.9910421673585318,0.4104605918016469,0.5804965446634246,0.4137005902343051,90,41,6515,4536,4577
XGBoost,0.576,0.990909090909091,0.40439779205501764,0.5743846796478376,0.40770881774280093,90,41,6582,4469,4510
XGBoost,0.577,0.9909070243237099,0.3944439417247308,0.5642718446601942,0.39796100876408513,91,40,6692,4359,4399
XGBoost,0.578,0.9907961343764381,0.38964799565650166,0.5593297395596545,0.3932212484349848,91,40,6745,4306,4346
XGBoost,0.579,0.9907084785133565,0.3859379241697584,0.5554831987496744,0.38955464138794493,91,40,6786,4265,4305
XGBoost,0.58,0.9908729230049146,0.38313274816758663,0.5525972330984077,0.3868717581827938,92,39,6817,4234,4273
XGBoost,0.581,0.9910482921083628,0.3806895303592435,0.5500784518828452,0.3845465927383295,93,38,6844,4207,4245
XGBoost,0.582,0.9910482921083628,0.3806895303592435,0.5500784518828452,0.3845465927383295,93,38,6844,4207,4245
XGBoost,0.583,0.9910482921083628,0.3806895303592435,0.5500784518828452,0.3845465927383295,93,38,6844,4207,4245
XGBoost,0.584,0.9910482921083628,0.3806895303592435,0.5500784518828452,0.3845465927383295,93,38,6844,4207,4245
XGBoost,0.585,0.9910482921083628,0.3806895303592435,0.5500784518828452,0.3845465927383295,93,38,6844,4207,4245
XGBoost,0.586,0.9910482921083628,0.3806895303592435,0.5500784518828452,0.3845465927383295,93,38,6844,4207,4245
XGBoost,0.587,0.9910482921083628,0.3806895303592435,0.5500784518828452,0.3845465927383295,93,38,6844,4207,4245
XGBoost,0.588,0.9911862791805621,0.3765270111302145,0.5457407043084792,0.38052226793060273,94,37,6890,4161,4198
XGBoost,0.589,0.991086485184293,0.3722740023527283,0.5412445730824892,0.37631908424253263,94,37,6937,4114,4151
XGBoost,0.59,0.9914068254357967,0.3653967966699846,0.5339857180640042,0.3697013056698265,96,35,7013,4038,4073
XGBoost,0.591,0.9914068254357967,0.3653967966699846,0.5339857180640042,0.3697013056698265,96,35,7013,4038,4073
XGBoost,0.592,0.9915500396091893,0.33978825445661026,0.5061329020083569,0.34466106242174926,99,32,7296,3755,3787
XGBoost,0.593,0.9915500396091893,0.33978825445661026,0.5061329020083569,0.34466106242174926,99,32,7296,3755,3787
XGBoost,0.594,0.9915500396091893,0.33978825445661026,0.5061329020083569,0.34466106242174926,99,32,7296,3755,3787
XGBoost,0.595,0.9915500396091893,0.33978825445661026,0.5061329020083569,0.34466106242174926,99,32,7296,3755,3787
XGBoost,0.596,0.9915500396091893,0.33978825445661026,0.5061329020083569,0.34466106242174926,99,32,7296,3755,3787
XGBoost,0.597,0.9914689416155692,0.3365306307121527,0.5024996622078097,0.3414416025755679,99,32,7332,3719,3751
XGBoost,0.598,0.9914689416155692,0.3365306307121527,0.5024996622078097,0.3414416025755679,99,32,7332,3719,3751
XGBoost,0.599,0.9914689416155692,0.3365306307121527,0.5024996622078097,0.3414416025755679,99,32,7332,3719,3751
XGBoost,0.6,0.9914689416155692,0.3365306307121527,0.5024996622078097,0.3414416025755679,99,32,7332,3719,3751
XGBoost,0.601,0.9916396979503775,0.3327300696769523,0.49827224066671183,0.33777499552852797,100,31,7374,3677,3708
XGBoost,0.602,0.9916396979503775,0.3327300696769523,0.49827224066671183,0.33777499552852797,100,31,7374,3677,3708
XGBoost,0.603,0.9914506343077771,0.32530992670346576,0.4898821285003747,0.33044178143444825,100,31,7456,3595,3626
XGBoost,0.604,0.9913383626711372,0.32105691792597957,0.48503075871496926,0.3262385977463781,100,31,7503,3548,3579
XGBoost,0.605,0.9913383626711372,0.32105691792597957,0.48503075871496926,0.3262385977463781,100,31,7503,3548,3579
XGBoost,0.606,0.9913383626711372,0.32105691792597957,0.48503075871496926,0.3262385977463781,100,31,7503,3548,3579
XGBoost,0.607,0.9912006812375816,0.31598950321237895,0.4792095512556608,0.32123054909676263,100,31,7559,3492,3523
XGBoost,0.608,0.9912006812375816,0.31598950321237895,0.4792095512556608,0.32123054909676263,100,31,7559,3492,3523
XGBoost,0.609,0.9912006812375816,0.31598950321237895,0.4792095512556608,0.32123054909676263,100,31,7559,3492,3523
XGBoost,0.61,0.9912006812375816,0.31598950321237895,0.4792095512556608,0.32123054909676263,100,31,7559,3492,3523
XGBoost,0.611,0.9912434325744308,0.30730250656049224,0.46915797471851906,0.3127347522804507,101,30,7655,3396,3426
XGBoost,0.612,0.9912434325744308,0.30730250656049224,0.46915797471851906,0.3127347522804507,101,30,7655,3396,3426
XGBoost,0.613,0.9912434325744308,0.30730250656049224,0.46915797471851906,0.3127347522804507,101,30,7655,3396,3426
XGBoost,0.614,0.9910098891219659,0.2992489367478056,0.45968862941340005,0.304775532105169,101,30,7744,3307,3337
XGBoost,0.615,0.9908759124087592,0.29481494887340515,0.4544249947695097,0.3003934895367555,101,30,7793,3258,3288
XGBoost,0.616,0.9910741766697445,0.2913763460320333,0.45034965034965035,0.29708460025040245,102,29,7831,3220,3249
XGBoost,0.617,0.9909629167965098,0.2877567640937472,0.44600280504908835,0.29350742264353424,102,29,7871,3180,3209
XGBoost,0.618,0.9909629167965098,0.2877567640937472,0.44600280504908835,0.29350742264353424,102,29,7871,3180,3209
XGBoost,0.619,0.9909629167965098,0.2877567640937472,0.44600280504908835,0.29350742264353424,102,29,7871,3180,3209
XGBoost,0.62,0.9909629167965098,0.2877567640937472,0.44600280504908835,0.29350742264353424,102,29,7871,3180,3209
XGBoost,0.621,0.991085641515441,0.2816939643471179,0.4386978579481398,0.2876050795922018,103,28,7938,3113,3141
XGBoost,0.622,0.9908376963350786,0.2740023527282599,0.42929042319415894,0.2800035771776069,103,28,8023,3028,3056
XGBoost,0.623,0.9906945829179129,0.2697493439507737,0.42403982930298717,0.2758003934895368,103,28,8070,2981,3009
XGBoost,0.624,0.9906945829179129,0.2697493439507737,0.42403982930298717,0.2758003934895368,103,28,8070,2981,3009
XGBoost,0.625,0.9906945829179129,0.2697493439507737,0.42403982930298717,0.2758003934895368,103,28,8070,2981,3009
XGBoost,0.626,0.990575563783238,0.26631074110940184,0.4197689345314506,0.272402074763012,103,28,8108,2943,2971
XGBoost,0.627,0.990575563783238,0.26631074110940184,0.4197689345314506,0.272402074763012,103,28,8108,2943,2971
XGBoost,0.628,0.9907343857240906,0.2612433263958013,0.41346222699606155,0.26748345555356823,104,27,8164,2887,2914
XGBoost,0.629,0.9905495274763738,0.2560854221337436,0.4069600230083405,0.26238597746378106,104,27,8221,2830,2857
XGBoost,0.63,0.9903914590747331,0.25183241335625733,0.40155832912488276,0.25818279377571096,104,27,8268,2783,2810
XGBoost,0.631,0.9903914590747331,0.25183241335625733,0.40155832912488276,0.25818279377571096,104,27,8268,2783,2810
XGBoost,0.632,0.9903914590747331,0.25183241335625733,0.40155832912488276,0.25818279377571096,104,27,8268,2783,2810
XGBoost,0.633,0.9905144107989785,0.24567912406117093,0.39370649651972156,0.2521910212842068,105,26,8336,2715,2741
XGBoost,0.634,0.9905144107989785,0.24567912406117093,0.39370649651972156,0.2521910212842068,105,26,8336,2715,2741
XGBoost,0.635,0.9905144107989785,0.24567912406117093,0.39370649651972156,0.2521910212842068,105,26,8336,2715,2741
XGBoost,0.636,0.9905144107989785,0.24567912406117093,0.39370649651972156,0.2521910212842068,105,26,8336,2715,2741
XGBoost,0.637,0.9907235621521335,0.24160709438059905,0.38847664775207336,0.24825612591665175,106,25,8381,2670,2695
XGBoost,0.638,0.9905979691613388,0.23834947063614154,0.38424507658643325,0.2450366660704704,106,25,8417,2634,2659
XGBoost,0.639,0.9904834411876665,0.2354538050855126,0.380464980260272,0.24217492398497587,106,25,8449,2602,2627
XGBoost,0.64,0.9902190923317684,0.22902904714505476,0.3720144043507018,0.23582543373278483,106,25,8520,2531,2556
XGBoost,0.641,0.9902190923317684,0.22902904714505476,0.3720144043507018,0.23582543373278483,106,25,8520,2531,2556
XGBoost,0.642,0.9902190923317684,0.22902904714505476,0.3720144043507018,0.23582543373278483,106,25,8520,2531,2556
XGBoost,0.643,0.9902190923317684,0.22902904714505476,0.3720144043507018,0.23582543373278483,106,25,8520,2531,2556
XGBoost,0.644,0.990487514863258,0.22613338159442584,0.36820391925740387,0.23305312108746198,107,24,8552,2499,2523
XGBoost,0.645,0.990487514863258,0.22613338159442584,0.36820391925740387,0.23305312108746198,107,24,8552,2499,2523
XGBoost,0.646,0.9906466043106954,0.22043254004162519,0.3606217616580311,0.2275084957968163,108,23,8615,2436,2459
XGBoost,0.647,0.9906466043106954,0.22043254004162519,0.3606217616580311,0.2275084957968163,108,23,8615,2436,2459
XGBoost,0.648,0.9906466043106954,0.22043254004162519,0.3606217616580311,0.2275084957968163,108,23,8615,2436,2459
XGBoost,0.649,0.9906427990235964,0.22034205049316805,0.3605004071359834,0.2274190663566446,108,23,8616,2435,2458
XGBoost,0.65,0.9906427990235964,0.22034205049316805,0.3605004071359834,0.2274190663566446,108,23,8616,2435,2458
XGBoost,0.651,0.9906427990235964,0.22034205049316805,0.3605004071359834,0.2274190663566446,108,23,8616,2435,2458
XGBoost,0.652,0.9906427990235964,0.22034205049316805,0.3605004071359834,0.2274190663566446,108,23,8616,2435,2458
XGBoost,0.653,0.9904365904365905,0.2155461044249389,0.35404280618311534,0.22267930602754427,108,23,8669,2382,2405
XGBoost,0.654,0.9904365904365905,0.2155461044249389,0.35404280618311534,0.22267930602754427,108,23,8669,2382,2405
XGBoost,0.655,0.9902044293015332,0.21038820016288118,0.34704082394208524,0.2175818279377571,108,23,8726,2325,2348
XGBoost,0.656,0.9894398530762167,0.19500497692516514,0.3257993801496712,0.20237882310856734,108,23,8896,2155,2178
XGBoost,0.657,0.9894398530762167,0.19500497692516514,0.3257993801496712,0.20237882310856734,108,23,8896,2155,2178
XGBoost,0.658,0.9901823281907434,0.19165686363225048,0.32115238817285824,0.1992487927025577,110,21,8933,2118,2139
XGBoost,0.659,0.989961759082218,0.18740385485476427,0.31514874838316975,0.19504560901448756,110,21,8980,2071,2092
XGBoost,0.66,0.989961759082218,0.18740385485476427,0.31514874838316975,0.19504560901448756,110,21,8980,2071,2092
XGBoost,0.661,0.989961759082218,0.18740385485476427,0.31514874838316975,0.19504560901448756,110,21,8980,2071,2092
XGBoost,0.662,0.989961759082218,0.18740385485476427,0.31514874838316975,0.19504560901448756,110,21,8980,2071,2092
XGBoost,0.663,0.989961759082218,0.18740385485476427,0.31514874838316975,0.19504560901448756,110,21,8980,2071,2092
XGBoost,0.664,0.989961759082218,0.18740385485476427,0.31514874838316975,0.19504560901448756,110,21,8980,2071,2092
XGBoost,0.665,0.989961759082218,0.18740385485476427,0.31514874838316975,0.19504560901448756,110,21,8980,2071,2092
XGBoost,0.666,0.9897859922178989,0.18414623111030676,0.3105210955977722,0.1918261491683062,110,21,9016,2035,2056
XGBoost,0.667,0.9896856581532416,0.1823364401411637,0.3079391762818064,0.19003756036487213,110,21,9036,2015,2036
XGBoost,0.668,0.9899446958270488,0.17817392091213466,0.3019938650306748,0.1860132355571454,111,20,9082,1969,1989
XGBoost,0.669,0.9899446958270488,0.17817392091213466,0.3019938650306748,0.1860132355571454,111,20,9082,1969,1989
XGBoost,0.67,0.9907692307692307,0.17482580761921998,0.29720790708407047,0.18288320515113576,113,18,9119,1932,1950
XGBoost,0.671,0.9907692307692307,0.17482580761921998,0.29720790708407047,0.18288320515113576,113,18,9119,1932,1950
XGBoost,0.672,0.9907692307692307,0.17482580761921998,0.29720790708407047,0.18288320515113576,113,18,9119,1932,1950
XGBoost,0.673,0.9907692307692307,0.17482580761921998,0.29720790708407047,0.18288320515113576,113,18,9119,1932,1950
XGBoost,0.674,0.9907692307692307,0.17482580761921998,0.29720790708407047,0.18288320515113576,113,18,9119,1932,1950
XGBoost,0.675,0.9907692307692307,0.17482580761921998,0.29720790708407047,0.18288320515113576,113,18,9119,1932,1950
XGBoost,0.676,0.9907692307692307,0.17482580761921998,0.29720790708407047,0.18288320515113576,113,18,9119,1932,1950
XGBoost,0.677,0.9911041339612768,0.17138720477784816,0.29223885202900785,0.17957431586478267,114,17,9157,1894,1911
XGBoost,0.678,0.9911041339612768,0.17138720477784816,0.29223885202900785,0.17957431586478267,114,17,9157,1894,1911
XGBoost,0.679,0.9910994764397906,0.171296715229391,0.29210709050227607,0.179484886424611,114,17,9158,1893,1910
XGBoost,0.68,0.9910994764397906,0.171296715229391,0.29210709050227607,0.179484886424611,114,17,9158,1893,1910
XGBoost,0.681,0.9910994764397906,0.171296715229391,0.29210709050227607,0.179484886424611,114,17,9158,1893,1910
XGBoost,0.682,0.9910994764397906,0.171296715229391,0.29210709050227607,0.179484886424611,114,17,9158,1893,1910
XGBoost,0.683,0.9910994764397906,0.171296715229391,0.29210709050227607,0.179484886424611,114,17,9158,1893,1910
XGBoost,0.684,0.9910994764397906,0.171296715229391,0.29210709050227607,0.179484886424611,114,17,9158,1893,1910
XGBoost,0.685,0.9910994764397906,0.171296715229391,0.29210709050227607,0.179484886424611,114,17,9158,1893,1910
XGBoost,0.686,0.9910994764397906,0.171296715229391,0.29210709050227607,0.179484886424611,114,17,9158,1893,1910
XGBoost,0.687,0.9914802981895634,0.16849153922721927,0.28803465078505686,0.17680200321945985,115,16,9189,1862,1878
XGBoost,0.688,0.9914802981895634,0.16849153922721927,0.28803465078505686,0.17680200321945985,115,16,9189,1862,1878
XGBoost,0.689,0.9914802981895634,0.16849153922721927,0.28803465078505686,0.17680200321945985,115,16,9189,1862,1878
XGBoost,0.69,0.9914802981895634,0.16849153922721927,0.28803465078505686,0.17680200321945985,115,16,9189,1862,1878
XGBoost,0.691,0.9913700107874865,0.16631979006424757,0.28485083301046105,0.17465569665533895,115,16,9213,1838,1854
XGBoost,0.692,0.9913700107874865,0.16631979006424757,0.28485083301046105,0.17465569665533895,115,16,9213,1838,1854
XGBoost,0.693,0.9913700107874865,0.16631979006424757,0.28485083301046105,0.17465569665533895,115,16,9213,1838,1854
XGBoost,0.694,0.9926719278466741,0.15935209483304677,0.27461988304093565,0.1680379180826328,118,13,9290,1761,1774
XGBoost,0.695,0.9926719278466741,0.15935209483304677,0.27461988304093565,0.1680379180826328,118,13,9290,1761,1774
XGBoost,0.696,0.9926719278466741,0.15935209483304677,0.27461988304093565,0.1680379180826328,118,13,9290,1761,1774
XGBoost,0.697,0.9929660023446659,0.15328929508641753,0.2655796817433566,0.1621355750313003,119,12,9357,1694,1706
XGBoost,0.698,0.9925742574257426,0.14514523572527374,0.25325649325017763,0.1540869254158469,119,12,9447,1604,1616
XGBoost,0.699,0.9922978177150192,0.13989684191475885,0.24522166706320883,0.14890001788588803,119,12,9505,1546,1558
XGBoost,0.7,0.9922978177150192,0.13989684191475885,0.24522166706320883,0.14890001788588803,119,12,9505,1546,1558
XGBoost,0.701,0.9922978177150192,0.13989684191475885,0.24522166706320883,0.14890001788588803,119,12,9505,1546,1558
XGBoost,0.702,0.9922978177150192,0.13989684191475885,0.24522166706320883,0.14890001788588803,119,12,9505,1546,1558
XGBoost,0.703,0.9922978177150192,0.13989684191475885,0.24522166706320883,0.14890001788588803,119,12,9505,1546,1558
XGBoost,0.704,0.9922978177150192,0.13989684191475885,0.24522166706320883,0.14890001788588803,119,12,9505,1546,1558
XGBoost,0.705,0.9922978177150192,0.13989684191475885,0.24522166706320883,0.14890001788588803,119,12,9505,1546,1558
XGBoost,0.706,0.9926910299003322,0.13519138539498687,0.23797387703090156,0.1443391164371311,120,11,9557,1494,1505
XGBoost,0.707,0.9926910299003322,0.13519138539498687,0.23797387703090156,0.1443391164371311,120,11,9557,1494,1505
XGBoost,0.708,0.9926910299003322,0.13519138539498687,0.23797387703090156,0.1443391164371311,120,11,9557,1494,1505
XGBoost,0.709,0.9926910299003322,0.13519138539498687,0.23797387703090156,0.1443391164371311,120,11,9557,1494,1505
XGBoost,0.71,0.9934876989869754,0.12424215003167134,0.2208638301294941,0.13369701305669826,122,9,9678,1373,1382
XGBoost,0.711,0.9934876989869754,0.12424215003167134,0.2208638301294941,0.13369701305669826,122,9,9678,1373,1382
XGBoost,0.712,0.9934876989869754,0.12424215003167134,0.2208638301294941,0.13369701305669826,122,9,9678,1373,1382
XGBoost,0.713,0.9934876989869754,0.12424215003167134,0.2208638301294941,0.13369701305669826,122,9,9678,1373,1382
XGBoost,0.714,0.9934876989869754,0.12424215003167134,0.2208638301294941,0.13369701305669826,122,9,9678,1373,1382
XGBoost,0.715,0.9934876989869754,0.12424215003167134,0.2208638301294941,0.13369701305669826,122,9,9678,1373,1382
XGBoost,0.716,0.9934876989869754,0.12424215003167134,0.2208638301294941,0.13369701305669826,122,9,9678,1373,1382
XGBoost,0.717,0.9937791601866252,0.11564564292824178,0.2071816486990354,0.12529064568055803,123,8,9773,1278,1286
XGBoost,0.718,0.9940728196443692,0.10623472988869785,0.1919555264879006,0.11607941334287247,124,7,9877,1174,1181
XGBoost,0.719,0.9943181818181818,0.09501402588001086,0.1734533740811101,0.10507959220175282,125,6,10001,1050,1056
XGBoost,0.72,0.9943181818181818,0.09501402588001086,0.1734533740811101,0.10507959220175282,125,6,10001,1050,1056
XGBoost,0.721,0.9949290060851927,0.08877024703646728,0.16299742460746033,0.09899839027007691,126,5,10070,981,986
XGBoost,0.722,0.9949290060851927,0.08877024703646728,0.16299742460746033,0.09899839027007691,126,5,10070,981,986
XGBoost,0.723,0.9949290060851927,0.08877024703646728,0.16299742460746033,0.09899839027007691,126,5,10070,981,986
XGBoost,0.724,0.995609220636663,0.08207402045063796,0.15164688179234243,0.09247004113754248,127,4,10144,907,911
XGBoost,0.725,0.995609220636663,0.08207402045063796,0.15164688179234243,0.09247004113754248,127,4,10144,907,911
XGBoost,0.726,0.995609220636663,0.08207402045063796,0.15164688179234243,0.09247004113754248,127,4,10144,907,911
XGBoost,0.727,0.995609220636663,0.08207402045063796,0.15164688179234243,0.09247004113754248,127,4,10144,907,911
XGBoost,0.728,0.995609220636663,0.08207402045063796,0.15164688179234243,0.09247004113754248,127,4,10144,907,911
XGBoost,0.729,0.995609220636663,0.08207402045063796,0.15164688179234243,0.09247004113754248,127,4,10144,907,911
XGBoost,0.73,0.995609220636663,0.08207402045063796,0.15164688179234243,0.09247004113754248,127,4,10144,907,911
XGBoost,0.731,0.995609220636663,0.08207402045063796,0.15164688179234243,0.09247004113754248,127,4,10144,907,911
XGBoost,0.732,0.995609220636663,0.08207402045063796,0.15164688179234243,0.09247004113754248,127,4,10144,907,911
XGBoost,0.733,0.9951865222623345,0.07483485657406569,0.13920215451944118,0.08531568592380612,127,4,10224,827,831
XGBoost,0.734,0.9951865222623345,0.07483485657406569,0.13920215451944118,0.08531568592380612,127,4,10224,827,831
XGBoost,0.735,0.9951865222623345,0.07483485657406569,0.13920215451944118,0.08531568592380612,127,4,10224,827,831
XGBoost,0.736,0.9951807228915662,0.07474436702560855,0.1390455348876357,0.08522625648363441,127,4,10225,826,830
XGBoost,0.737,0.9951807228915662,0.07474436702560855,0.1390455348876357,0.08522625648363441,127,4,10225,826,830
XGBoost,0.738,0.9951807228915662,0.07474436702560855,0.1390455348876357,0.08522625648363441,127,4,10225,826,830
XGBoost,0.739,0.9951807228915662,0.07474436702560855,0.1390455348876357,0.08522625648363441,127,4,10225,826,830
XGBoost,0.74,0.9951807228915662,0.07474436702560855,0.1390455348876357,0.08522625648363441,127,4,10225,826,830
XGBoost,0.741,0.9951807228915662,0.07474436702560855,0.1390455348876357,0.08522625648363441,127,4,10225,826,830
XGBoost,0.742,0.9949109414758269,0.07076282689349381,0.13212807299146742,0.08129136111607942,127,4,10269,782,786
XGBoost,0.743,0.9949109414758269,0.07076282689349381,0.13212807299146742,0.08129136111607942,127,4,10269,782,786
XGBoost,0.744,0.9949109414758269,0.07076282689349381,0.13212807299146742,0.08129136111607942,127,4,10269,782,786
XGBoost,0.745,0.9949109414758269,0.07076282689349381,0.13212807299146742,0.08129136111607942,127,4,10269,782,786
XGBoost,0.746,0.9949109414758269,0.07076282689349381,0.13212807299146742,0.08129136111607942,127,4,10269,782,786
XGBoost,0.747,0.9949109414758269,0.07076282689349381,0.13212807299146742,0.08129136111607942,127,4,10269,782,786
XGBoost,0.748,0.9949109414758269,0.07076282689349381,0.13212807299146742,0.08129136111607942,127,4,10269,782,786
XGBoost,0.749,0.9949109414758269,0.07076282689349381,0.13212807299146742,0.08129136111607942,127,4,10269,782,786
XGBoost,0.75,0.9949109414758269,0.07076282689349381,0.13212807299146742,0.08129136111607942,127,4,10269,782,786
XGBoost,0.751,0.9949109414758269,0.07076282689349381,0.13212807299146742,0.08129136111607942,127,4,10269,782,786
XGBoost,0.752,0.9949109414758269,0.07076282689349381,0.13212807299146742,0.08129136111607942,127,4,10269,782,786
XGBoost,0.753,0.9949109414758269,0.07076282689349381,0.13212807299146742,0.08129136111607942,127,4,10269,782,786
XGBoost,0.754,0.9949109414758269,0.07076282689349381,0.13212807299146742,0.08129136111607942,127,4,10269,782,786
XGBoost,0.755,0.9949109414758269,0.07076282689349381,0.13212807299146742,0.08129136111607942,127,4,10269,782,786
XGBoost,0.756,0.9949109414758269,0.07076282689349381,0.13212807299146742,0.08129136111607942,127,4,10269,782,786
XGBoost,0.757,0.9949109414758269,0.07076282689349381,0.13212807299146742,0.08129136111607942,127,4,10269,782,786
XGBoost,0.758,0.9949109414758269,0.07076282689349381,0.13212807299146742,0.08129136111607942,127,4,10269,782,786
XGBoost,0.759,0.9949044585987261,0.07067233734503665,0.13197026022304834,0.08120193167590771,127,4,10270,781,785
XGBoost,0.76,0.9949044585987261,0.07067233734503665,0.13197026022304834,0.08120193167590771,127,4,10270,781,785
XGBoost,0.761,0.9946595460614153,0.06741471360057913,0.12627118644067797,0.07798247182972634,127,4,10306,745,749
XGBoost,0.762,0.9946595460614153,0.06741471360057913,0.12627118644067797,0.07798247182972634,127,4,10306,745,749
XGBoost,0.763,0.9944211994421199,0.06451904804995023,0.12117607070020395,0.0751207297442318,127,4,10338,713,717
XGBoost,0.764,0.9944211994421199,0.06451904804995023,0.12117607070020395,0.0751207297442318,127,4,10338,713,717
XGBoost,0.765,0.9944211994421199,0.06451904804995023,0.12117607070020395,0.0751207297442318,127,4,10338,713,717
XGBoost,0.766,0.9944211994421199,0.06451904804995023,0.12117607070020395,0.0751207297442318,127,4,10338,713,717
XGBoost,0.767,0.9944211994421199,0.06451904804995023,0.12117607070020395,0.0751207297442318,127,4,10338,713,717
XGBoost,0.768,0.9944211994421199,0.06451904804995023,0.12117607070020395,0.0751207297442318,127,4,10338,713,717
XGBoost,0.769,0.9955423476968797,0.060627997466292646,0.11429546229955646,0.07136469325702022,128,3,10381,670,673
XGBoost,0.77,0.9955423476968797,0.060627997466292646,0.11429546229955646,0.07136469325702022,128,3,10381,670,673
XGBoost,0.771,0.9955423476968797,0.060627997466292646,0.11429546229955646,0.07136469325702022,128,3,10381,670,673
XGBoost,0.772,0.9955423476968797,0.060627997466292646,0.11429546229955646,0.07136469325702022,128,3,10381,670,673
XGBoost,0.773,0.9955357142857143,0.06053750791783549,0.11413460718246182,0.07127526381684851,128,3,10382,669,672
XGBoost,0.774,0.9955357142857143,0.06053750791783549,0.11413460718246182,0.07127526381684851,128,3,10382,669,672
XGBoost,0.775,0.9955357142857143,0.06053750791783549,0.11413460718246182,0.07127526381684851,128,3,10382,669,672
XGBoost,0.776,0.9955357142857143,0.06053750791783549,0.11413460718246182,0.07127526381684851,128,3,10382,669,672
XGBoost,0.777,0.9955357142857143,0.06053750791783549,0.11413460718246182,0.07127526381684851,128,3,10382,669,672
XGBoost,0.778,0.9955290611028316,0.06044701836937834,0.11397372462037195,0.0711858343766768,128,3,10383,668,671
XGBoost,0.779,0.9955290611028316,0.06044701836937834,0.11397372462037195,0.0711858343766768,128,3,10383,668,671
XGBoost,0.78,0.9955290611028316,0.06044701836937834,0.11397372462037195,0.0711858343766768,128,3,10383,668,671
XGBoost,0.781,0.9955290611028316,0.06044701836937834,0.11397372462037195,0.0711858343766768,128,3,10383,668,671
XGBoost,0.782,0.9955223880597015,0.060356528820921185,0.11381281460626226,0.0710964049365051,128,3,10384,667,670
XGBoost,0.783,0.9955223880597015,0.060356528820921185,0.11381281460626226,0.0710964049365051,128,3,10384,667,670
XGBoost,0.784,0.9955223880597015,0.060356528820921185,0.11381281460626226,0.0710964049365051,128,3,10384,667,670
XGBoost,0.785,0.9955223880597015,0.060356528820921185,0.11381281460626226,0.0710964049365051,128,3,10384,667,670
XGBoost,0.786,0.9955223880597015,0.060356528820921185,0.11381281460626226,0.0710964049365051,128,3,10384,667,670
XGBoost,0.787,0.9955223880597015,0.060356528820921185,0.11381281460626226,0.0710964049365051,128,3,10384,667,670
XGBoost,0.788,0.9955223880597015,0.060356528820921185,0.11381281460626226,0.0710964049365051,128,3,10384,667,670
XGBoost,0.789,0.9955223880597015,0.060356528820921185,0.11381281460626226,0.0710964049365051,128,3,10384,667,670
XGBoost,0.79,0.9955223880597015,0.060356528820921185,0.11381281460626226,0.0710964049365051,128,3,10384,667,670
XGBoost,0.791,0.9955223880597015,0.060356528820921185,0.11381281460626226,0.0710964049365051,128,3,10384,667,670
XGBoost,0.792,0.9955223880597015,0.060356528820921185,0.11381281460626226,0.0710964049365051,128,3,10384,667,670
XGBoost,0.793,0.9955156950672646,0.06026603927246403,0.1136518771331058,0.07100697549633339,128,3,10385,666,669
XGBoost,0.794,0.9955156950672646,0.06026603927246403,0.1136518771331058,0.07100697549633339,128,3,10385,666,669
XGBoost,0.795,0.9955156950672646,0.06026603927246403,0.1136518771331058,0.07100697549633339,128,3,10385,666,669
XGBoost,0.796,0.9955156950672646,0.06026603927246403,0.1136518771331058,0.07100697549633339,128,3,10385,666,669
XGBoost,0.797,0.9955156950672646,0.06026603927246403,0.1136518771331058,0.07100697549633339,128,3,10385,666,669
XGBoost,0.798,0.9955156950672646,0.06026603927246403,0.1136518771331058,0.07100697549633339,128,3,10385,666,669
XGBoost,0.799,0.9955156950672646,0.06026603927246403,0.1136518771331058,0.07100697549633339,128,3,10385,666,669
XGBoost,0.8,0.9941291585127201,0.04596869061623383,0.08787407023006401,0.05687712394920408,128,3,10543,508,511
XGBoost,0.801,0.9941291585127201,0.04596869061623383,0.08787407023006401,0.05687712394920408,128,3,10543,508,511
XGBoost,0.802,0.9941291585127201,0.04596869061623383,0.08787407023006401,0.05687712394920408,128,3,10543,508,511
XGBoost,0.803,0.9941291585127201,0.04596869061623383,0.08787407023006401,0.05687712394920408,128,3,10543,508,511
XGBoost,0.804,0.9941291585127201,0.04596869061623383,0.08787407023006401,0.05687712394920408,128,3,10543,508,511
XGBoost,0.805,0.9941176470588236,0.045878201067776674,0.08770867572009342,0.05678769450903237,128,3,10544,507,510
XGBoost,0.806,0.9941176470588236,0.045878201067776674,0.08770867572009342,0.05678769450903237,128,3,10544,507,510
XGBoost,0.807,0.9941176470588236,0.045878201067776674,0.08770867572009342,0.05678769450903237,128,3,10544,507,510
XGBoost,0.808,0.99375,0.04316351461406208,0.0827335009973116,0.054104811303881235,128,3,10574,477,480
XGBoost,0.809,0.99375,0.04316351461406208,0.0827335009973116,0.054104811303881235,128,3,10574,477,480
XGBoost,0.81,0.99375,0.04316351461406208,0.0827335009973116,0.054104811303881235,128,3,10574,477,480
XGBoost,0.811,0.99375,0.04316351461406208,0.0827335009973116,0.054104811303881235,128,3,10574,477,480
XGBoost,0.812,0.9971671388101983,0.031852321056917925,0.061732725359522976,0.04310499016276158,130,1,10699,352,353
XGBoost,0.813,0.9961977186311787,0.023708261695774138,0.04631430086618349,0.035056340547308176,130,1,10789,262,263
XGBoost,0.814,1.0,0.016288118722287574,0.0320541358739204,0.027812555893400107,131,0,10871,180,180
XGBoost,0.815,1.0,0.016288118722287574,0.0320541358739204,0.027812555893400107,131,0,10871,180,180
XGBoost,0.816,1.0,0.014568817301601665,0.028719229397074563,0.026113396530137722,131,0,10890,161,161
XGBoost,0.817,1.0,0.014568817301601665,0.028719229397074563,0.026113396530137722,131,0,10890,161,161
XGBoost,0.818,1.0,0.014568817301601665,0.028719229397074563,0.026113396530137722,131,0,10890,161,161
XGBoost,0.819,1.0,0.014568817301601665,0.028719229397074563,0.026113396530137722,131,0,10890,161,161
XGBoost,0.82,1.0,0.014568817301601665,0.028719229397074563,0.026113396530137722,131,0,10890,161,161
XGBoost,0.821,1.0,0.014568817301601665,0.028719229397074563,0.026113396530137722,131,0,10890,161,161
XGBoost,0.822,1.0,0.014568817301601665,0.028719229397074563,0.026113396530137722,131,0,10890,161,161
XGBoost,0.823,1.0,0.014568817301601665,0.028719229397074563,0.026113396530137722,131,0,10890,161,161
XGBoost,0.824,1.0,0.014568817301601665,0.028719229397074563,0.026113396530137722,131,0,10890,161,161
XGBoost,0.825,1.0,0.014568817301601665,0.028719229397074563,0.026113396530137722,131,0,10890,161,161
XGBoost,0.826,1.0,0.014568817301601665,0.028719229397074563,0.026113396530137722,131,0,10890,161,161
XGBoost,0.827,1.0,0.014568817301601665,0.028719229397074563,0.026113396530137722,131,0,10890,161,161
XGBoost,0.828,1.0,0.014568817301601665,0.028719229397074563,0.026113396530137722,131,0,10890,161,161
XGBoost,0.829,1.0,0.014568817301601665,0.028719229397074563,0.026113396530137722,131,0,10890,161,161
XGBoost,0.83,1.0,0.014568817301601665,0.028719229397074563,0.026113396530137722,131,0,10890,161,161
XGBoost,0.831,1.0,0.014568817301601665,0.028719229397074563,0.026113396530137722,131,0,10890,161,161
XGBoost,0.832,1.0,0.014568817301601665,0.028719229397074563,0.026113396530137722,131,0,10890,161,161
XGBoost,0.833,1.0,0.014568817301601665,0.028719229397074563,0.026113396530137722,131,0,10890,161,161
XGBoost,0.834,1.0,0.0073296534250294094,0.014552641034854473,0.01895904131640136,131,0,10970,81,81
XGBoost,0.835,0.0,0.0,0.0,0.011715256662493293,131,0,11051,0,0
XGBoost,0.836,0.0,0.0,0.0,0.011715256662493293,131,0,11051,0,0
XGBoost,0.837,0.0,0.0,0.0,0.011715256662493293,131,0,11051,0,0
XGBoost,0.838,0.0,0.0,0.0,0.011715256662493293,131,0,11051,0,0
XGBoost,0.839,0.0,0.0,0.0,0.011715256662493293,131,0,11051,0,0
XGBoost,0.84,0.0,0.0,0.0,0.011715256662493293,131,0,11051,0,0
XGBoost,0.841,0.0,0.0,0.0,0.011715256662493293,131,0,11051,0,0
XGBoost,0.842,0.0,0.0,0.0,0.011715256662493293,131,0,11051,0,0
XGBoost,0.843,0.0,0.0,0.0,0.011715256662493293,131,0,11051,0,0
XGBoost,0.844,0.0,0.0,0.0,0.011715256662493293,131,0,11051,0,0
XGBoost,0.845,0.0,0.0,0.0,0.011715256662493293,131,0,11051,0,0
XGBoost,0.846,0.0,0.0,0.0,0.011715256662493293,131,0,11051,0,0
XGBoost,0.847,0.0,0.0,0.0,0.011715256662493293,131,0,11051,0,0
XGBoost,0.848,0.0,0.0,0.0,0.011715256662493293,131,0,11051,0,0
XGBoost,0.849,0.0,0.0,0.0,0.011715256662493293,131,0,11051,0,0
XGBoost,0.85,0.0,0.0,0.0,0.011715256662493293,131,0,11051,0,0
XGBoost,0.851,0.0,0.0,0.0,0.011715256662493293,131,0,11051,0,0
XGBoost,0.852,0.0,0.0,0.0,0.011715256662493293,131,0,11051,0,0
XGBoost,0.853,0.0,0.0,0.0,0.011715256662493293,131,0,11051,0,0
XGBoost,0.854,0.0,0.0,0.0,0.011715256662493293,131,0,11051,0,0
XGBoost,0.855,0.0,0.0,0.0,0.011715256662493293,131,0,11051,0,0
XGBoost,0.856,0.0,0.0,0.0,0.011715256662493293,131,0,11051,0,0
XGBoost,0.857,0.0,0.0,0.0,0.011715256662493293,131,0,11051,0,0
XGBoost,0.858,0.0,0.0,0.0,0.011715256662493293,131,0,11051,0,0
XGBoost,0.859,0.0,0.0,0.0,0.011715256662493293,131,0,11051,0,0
XGBoost,0.86,0.0,0.0,0.0,0.011715256662493293,131,0,11051,0,0
XGBoost,0.861,0.0,0.0,0.0,0.011715256662493293,131,0,11051,0,0
XGBoost,0.862,0.0,0.0,0.0,0.011715256662493293,131,0,11051,0,0
XGBoost,0.863,0.0,0.0,0.0,0.011715256662493293,131,0,11051,0,0
XGBoost,0.864,0.0,0.0,0.0,0.011715256662493293,131,0,11051,0,0
XGBoost,0.865,0.0,0.0,0.0,0.011715256662493293,131,0,11051,0,0
XGBoost,0.866,0.0,0.0,0.0,0.011715256662493293,131,0,11051,0,0
XGBoost,0.867,0.0,0.0,0.0,0.011715256662493293,131,0,11051,0,0
XGBoost,0.868,0.0,0.0,0.0,0.011715256662493293,131,0,11051,0,0
XGBoost,0.869,0.0,0.0,0.0,0.011715256662493293,131,0,11051,0,0
XGBoost,0.87,0.0,0.0,0.0,0.011715256662493293,131,0,11051,0,0
XGBoost,0.871,0.0,0.0,0.0,0.011715256662493293,131,0,11051,0,0
XGBoost,0.872,0.0,0.0,0.0,0.011715256662493293,131,0,11051,0,0
XGBoost,0.873,0.0,0.0,0.0,0.011715256662493293,131,0,11051,0,0
XGBoost,0.874,0.0,0.0,0.0,0.011715256662493293,131,0,11051,0,0
XGBoost,0.875,0.0,0.0,0.0,0.011715256662493293,131,0,11051,0,0
XGBoost,0.876,0.0,0.0,0.0,0.011715256662493293,131,0,11051,0,0
XGBoost,0.877,0.0,0.0,0.0,0.011715256662493293,131,0,11051,0,0
XGBoost,0.878,0.0,0.0,0.0,0.011715256662493293,131,0,11051,0,0
XGBoost,0.879,0.0,0.0,0.0,0.011715256662493293,131,0,11051,0,0
XGBoost,0.88,0.0,0.0,0.0,0.011715256662493293,131,0,11051,0,0
XGBoost,0.881,0.0,0.0,0.0,0.011715256662493293,131,0,11051,0,0
XGBoost,0.882,0.0,0.0,0.0,0.011715256662493293,131,0,11051,0,0
XGBoost,0.883,0.0,0.0,0.0,0.011715256662493293,131,0,11051,0,0
XGBoost,0.884,0.0,0.0,0.0,0.011715256662493293,131,0,11051,0,0
XGBoost,0.885,0.0,0.0,0.0,0.011715256662493293,131,0,11051,0,0
XGBoost,0.886,0.0,0.0,0.0,0.011715256662493293,131,0,11051,0,0
XGBoost,0.887,0.0,0.0,0.0,0.011715256662493293,131,0,11051,0,0
XGBoost,0.888,0.0,0.0,0.0,0.011715256662493293,131,0,11051,0,0
XGBoost,0.889,0.0,0.0,0.0,0.011715256662493293,131,0,11051,0,0
XGBoost,0.89,0.0,0.0,0.0,0.011715256662493293,131,0,11051,0,0
XGBoost,0.891,0.0,0.0,0.0,0.011715256662493293,131,0,11051,0,0
XGBoost,0.892,0.0,0.0,0.0,0.011715256662493293,131,0,11051,0,0
XGBoost,0.893,0.0,0.0,0.0,0.011715256662493293,131,0,11051,0,0
XGBoost,0.894,0.0,0.0,0.0,0.011715256662493293,131,0,11051,0,0
XGBoost,0.895,0.0,0.0,0.0,0.011715256662493293,131,0,11051,0,0
XGBoost,0.896,0.0,0.0,0.0,0.011715256662493293,131,0,11051,0,0
XGBoost,0.897,0.0,0.0,0.0,0.011715256662493293,131,0,11051,0,0
XGBoost,0.898,0.0,0.0,0.0,0.011715256662493293,131,0,11051,0,0
XGBoost,0.899,0.0,0.0,0.0,0.011715256662493293,131,0,11051,0,0
XGBoost,0.9,0.0,0.0,0.0,0.011715256662493293,131,0,11051,0,0
XGBoost,0.901,0.0,0.0,0.0,0.011715256662493293,131,0,11051,0,0
XGBoost,0.902,0.0,0.0,0.0,0.011715256662493293,131,0,11051,0,0
XGBoost,0.903,0.0,0.0,0.0,0.011715256662493293,131,0,11051,0,0
XGBoost,0.904,0.0,0.0,0.0,0.011715256662493293,131,0,11051,0,0
XGBoost,0.905,0.0,0.0,0.0,0.011715256662493293,131,0,11051,0,0
XGBoost,0.906,0.0,0.0,0.0,0.011715256662493293,131,0,11051,0,0
XGBoost,0.907,0.0,0.0,0.0,0.011715256662493293,131,0,11051,0,0
XGBoost,0.908,0.0,0.0,0.0,0.011715256662493293,131,0,11051,0,0
XGBoost,0.909,0.0,0.0,0.0,0.011715256662493293,131,0,11051,0,0
XGBoost,0.91,0.0,0.0,0.0,0.011715256662493293,131,0,11051,0,0
XGBoost,0.911,0.0,0.0,0.0,0.011715256662493293,131,0,11051,0,0
XGBoost,0.912,0.0,0.0,0.0,0.011715256662493293,131,0,11051,0,0
XGBoost,0.913,0.0,0.0,0.0,0.011715256662493293,131,0,11051,0,0
XGBoost,0.914,0.0,0.0,0.0,0.011715256662493293,131,0,11051,0,0
XGBoost,0.915,0.0,0.0,0.0,0.011715256662493293,131,0,11051,0,0
XGBoost,0.916,0.0,0.0,0.0,0.011715256662493293,131,0,11051,0,0
XGBoost,0.917,0.0,0.0,0.0,0.011715256662493293,131,0,11051,0,0
XGBoost,0.918,0.0,0.0,0.0,0.011715256662493293,131,0,11051,0,0
XGBoost,0.919,0.0,0.0,0.0,0.011715256662493293,131,0,11051,0,0
XGBoost,0.92,0.0,0.0,0.0,0.011715256662493293,131,0,11051,0,0
XGBoost,0.921,0.0,0.0,0.0,0.011715256662493293,131,0,11051,0,0
XGBoost,0.922,0.0,0.0,0.0,0.011715256662493293,131,0,11051,0,0
XGBoost,0.923,0.0,0.0,0.0,0.011715256662493293,131,0,11051,0,0
XGBoost,0.924,0.0,0.0,0.0,0.011715256662493293,131,0,11051,0,0
XGBoost,0.925,0.0,0.0,0.0,0.011715256662493293,131,0,11051,0,0
XGBoost,0.926,0.0,0.0,0.0,0.011715256662493293,131,0,11051,0,0
XGBoost,0.927,0.0,0.0,0.0,0.011715256662493293,131,0,11051,0,0
XGBoost,0.928,0.0,0.0,0.0,0.011715256662493293,131,0,11051,0,0
XGBoost,0.929,0.0,0.0,0.0,0.011715256662493293,131,0,11051,0,0
XGBoost,0.93,0.0,0.0,0.0,0.011715256662493293,131,0,11051,0,0
XGBoost,0.931,0.0,0.0,0.0,0.011715256662493293,131,0,11051,0,0
XGBoost,0.932,0.0,0.0,0.0,0.011715256662493293,131,0,11051,0,0
XGBoost,0.933,0.0,0.0,0.0,0.011715256662493293,131,0,11051,0,0
XGBoost,0.934,0.0,0.0,0.0,0.011715256662493293,131,0,11051,0,0
XGBoost,0.935,0.0,0.0,0.0,0.011715256662493293,131,0,11051,0,0
XGBoost,0.936,0.0,0.0,0.0,0.011715256662493293,131,0,11051,0,0
XGBoost,0.937,0.0,0.0,0.0,0.011715256662493293,131,0,11051,0,0
XGBoost,0.938,0.0,0.0,0.0,0.011715256662493293,131,0,11051,0,0
XGBoost,0.939,0.0,0.0,0.0,0.011715256662493293,131,0,11051,0,0
XGBoost,0.94,0.0,0.0,0.0,0.011715256662493293,131,0,11051,0,0
XGBoost,0.941,0.0,0.0,0.0,0.011715256662493293,131,0,11051,0,0
XGBoost,0.942,0.0,0.0,0.0,0.011715256662493293,131,0,11051,0,0
XGBoost,0.943,0.0,0.0,0.0,0.011715256662493293,131,0,11051,0,0
XGBoost,0.944,0.0,0.0,0.0,0.011715256662493293,131,0,11051,0,0
XGBoost,0.945,0.0,0.0,0.0,0.011715256662493293,131,0,11051,0,0
XGBoost,0.946,0.0,0.0,0.0,0.011715256662493293,131,0,11051,0,0
XGBoost,0.947,0.0,0.0,0.0,0.011715256662493293,131,0,11051,0,0
XGBoost,0.948,0.0,0.0,0.0,0.011715256662493293,131,0,11051,0,0
XGBoost,0.949,0.0,0.0,0.0,0.011715256662493293,131,0,11051,0,0
XGBoost,0.95,0.0,0.0,0.0,0.011715256662493293,131,0,11051,0,0
XGBoost,0.951,0.0,0.0,0.0,0.011715256662493293,131,0,11051,0,0
XGBoost,0.952,0.0,0.0,0.0,0.011715256662493293,131,0,11051,0,0
XGBoost,0.953,0.0,0.0,0.0,0.011715256662493293,131,0,11051,0,0
XGBoost,0.954,0.0,0.0,0.0,0.011715256662493293,131,0,11051,0,0
XGBoost,0.955,0.0,0.0,0.0,0.011715256662493293,131,0,11051,0,0
XGBoost,0.956,0.0,0.0,0.0,0.011715256662493293,131,0,11051,0,0
XGBoost,0.957,0.0,0.0,0.0,0.011715256662493293,131,0,11051,0,0
XGBoost,0.958,0.0,0.0,0.0,0.011715256662493293,131,0,11051,0,0
XGBoost,0.959,0.0,0.0,0.0,0.011715256662493293,131,0,11051,0,0
XGBoost,0.96,0.0,0.0,0.0,0.011715256662493293,131,0,11051,0,0
XGBoost,0.961,0.0,0.0,0.0,0.011715256662493293,131,0,11051,0,0
XGBoost,0.962,0.0,0.0,0.0,0.011715256662493293,131,0,11051,0,0
XGBoost,0.963,0.0,0.0,0.0,0.011715256662493293,131,0,11051,0,0
XGBoost,0.964,0.0,0.0,0.0,0.011715256662493293,131,0,11051,0,0
XGBoost,0.965,0.0,0.0,0.0,0.011715256662493293,131,0,11051,0,0
XGBoost,0.966,0.0,0.0,0.0,0.011715256662493293,131,0,11051,0,0
XGBoost,0.967,0.0,0.0,0.0,0.011715256662493293,131,0,11051,0,0
XGBoost,0.968,0.0,0.0,0.0,0.011715256662493293,131,0,11051,0,0
XGBoost,0.969,0.0,0.0,0.0,0.011715256662493293,131,0,11051,0,0
XGBoost,0.97,0.0,0.0,0.0,0.011715256662493293,131,0,11051,0,0
XGBoost,0.971,0.0,0.0,0.0,0.011715256662493293,131,0,11051,0,0
XGBoost,0.972,0.0,0.0,0.0,0.011715256662493293,131,0,11051,0,0
XGBoost,0.973,0.0,0.0,0.0,0.011715256662493293,131,0,11051,0,0
XGBoost,0.974,0.0,0.0,0.0,0.011715256662493293,131,0,11051,0,0
XGBoost,0.975,0.0,0.0,0.0,0.011715256662493293,131,0,11051,0,0
XGBoost,0.976,0.0,0.0,0.0,0.011715256662493293,131,0,11051,0,0
XGBoost,0.977,0.0,0.0,0.0,0.011715256662493293,131,0,11051,0,0
XGBoost,0.978,0.0,0.0,0.0,0.011715256662493293,131,0,11051,0,0
XGBoost,0.979,0.0,0.0,0.0,0.011715256662493293,131,0,11051,0,0
XGBoost,0.98,0.0,0.0,0.0,0.011715256662493293,131,0,11051,0,0
XGBoost,0.981,0.0,0.0,0.0,0.011715256662493293,131,0,11051,0,0
XGBoost,0.982,0.0,0.0,0.0,0.011715256662493293,131,0,11051,0,0
XGBoost,0.983,0.0,0.0,0.0,0.011715256662493293,131,0,11051,0,0
XGBoost,0.984,0.0,0.0,0.0,0.011715256662493293,131,0,11051,0,0
XGBoost,0.985,0.0,0.0,0.0,0.011715256662493293,131,0,11051,0,0
XGBoost,0.986,0.0,0.0,0.0,0.011715256662493293,131,0,11051,0,0
XGBoost,0.987,0.0,0.0,0.0,0.011715256662493293,131,0,11051,0,0
XGBoost,0.988,0.0,0.0,0.0,0.011715256662493293,131,0,11051,0,0
XGBoost,0.989,0.0,0.0,0.0,0.011715256662493293,131,0,11051,0,0
XGBoost,0.99,0.0,0.0,0.0,0.011715256662493293,131,0,11051,0,0
XGBoost,0.991,0.0,0.0,0.0,0.011715256662493293,131,0,11051,0,0
XGBoost,0.992,0.0,0.0,0.0,0.011715256662493293,131,0,11051,0,0
XGBoost,0.993,0.0,0.0,0.0,0.011715256662493293,131,0,11051,0,0
XGBoost,0.994,0.0,0.0,0.0,0.011715256662493293,131,0,11051,0,0
XGBoost,0.995,0.0,0.0,0.0,0.011715256662493293,131,0,11051,0,0
XGBoost,0.996,0.0,0.0,0.0,0.011715256662493293,131,0,11051,0,0
XGBoost,0.997,0.0,0.0,0.0,0.011715256662493293,131,0,11051,0,0
XGBoost,0.998,0.0,0.0,0.0,0.011715256662493293,131,0,11051,0,0
XGBoost,0.999,0.0,0.0,0.0,0.011715256662493293,131,0,11051,0,0
HistGradientBoosting,0.001,0.9882847433375067,1.0,0.9941078576890209,0.9882847433375067,0,131,0,11051,11182
HistGradientBoosting,0.002,0.9882847433375067,1.0,0.9941078576890209,0.9882847433375067,0,131,0,11051,11182
HistGradientBoosting,0.003,0.9882847433375067,1.0,0.9941078576890209,0.9882847433375067,0,131,0,11051,11182
HistGradientBoosting,0.004,0.9882847433375067,1.0,0.9941078576890209,0.9882847433375067,0,131,0,11051,11182
HistGradientBoosting,0.005,0.9882847433375067,1.0,0.9941078576890209,0.9882847433375067,0,131,0,11051,11182
HistGradientBoosting,0.006,0.9882847433375067,1.0,0.9941078576890209,0.9882847433375067,0,131,0,11051,11182
HistGradientBoosting,0.007,0.9882847433375067,1.0,0.9941078576890209,0.9882847433375067,0,131,0,11051,11182
HistGradientBoosting,0.008,0.9882847433375067,1.0,0.9941078576890209,0.9882847433375067,0,131,0,11051,11182
HistGradientBoosting,0.009,0.9882847433375067,1.0,0.9941078576890209,0.9882847433375067,0,131,0,11051,11182
HistGradientBoosting,0.01,0.9882847433375067,1.0,0.9941078576890209,0.9882847433375067,0,131,0,11051,11182
HistGradientBoosting,0.011,0.9882847433375067,1.0,0.9941078576890209,0.9882847433375067,0,131,0,11051,11182
HistGradientBoosting,0.012,0.9882847433375067,1.0,0.9941078576890209,0.9882847433375067,0,131,0,11051,11182
HistGradientBoosting,0.013,0.9882847433375067,1.0,0.9941078576890209,0.9882847433375067,0,131,0,11051,11182
HistGradientBoosting,0.014,0.9882847433375067,1.0,0.9941078576890209,0.9882847433375067,0,131,0,11051,11182
HistGradientBoosting,0.015,0.9882847433375067,1.0,0.9941078576890209,0.9882847433375067,0,131,0,11051,11182
HistGradientBoosting,0.016,0.9882847433375067,1.0,0.9941078576890209,0.9882847433375067,0,131,0,11051,11182
HistGradientBoosting,0.017,0.9882847433375067,1.0,0.9941078576890209,0.9882847433375067,0,131,0,11051,11182
HistGradientBoosting,0.018,0.9882847433375067,1.0,0.9941078576890209,0.9882847433375067,0,131,0,11051,11182
HistGradientBoosting,0.019,0.9882847433375067,1.0,0.9941078576890209,0.9882847433375067,0,131,0,11051,11182
HistGradientBoosting,0.02,0.9882847433375067,1.0,0.9941078576890209,0.9882847433375067,0,131,0,11051,11182
HistGradientBoosting,0.021,0.9882847433375067,1.0,0.9941078576890209,0.9882847433375067,0,131,0,11051,11182
HistGradientBoosting,0.022,0.9882847433375067,1.0,0.9941078576890209,0.9882847433375067,0,131,0,11051,11182
HistGradientBoosting,0.023,0.9882847433375067,1.0,0.9941078576890209,0.9882847433375067,0,131,0,11051,11182
HistGradientBoosting,0.024,0.9882847433375067,1.0,0.9941078576890209,0.9882847433375067,0,131,0,11051,11182
HistGradientBoosting,0.025,0.9882847433375067,1.0,0.9941078576890209,0.9882847433375067,0,131,0,11051,11182
HistGradientBoosting,0.026,0.9882847433375067,1.0,0.9941078576890209,0.9882847433375067,0,131,0,11051,11182
HistGradientBoosting,0.027,0.9882847433375067,1.0,0.9941078576890209,0.9882847433375067,0,131,0,11051,11182
HistGradientBoosting,0.028,0.9882847433375067,1.0,0.9941078576890209,0.9882847433375067,0,131,0,11051,11182
HistGradientBoosting,0.029,0.9882847433375067,1.0,0.9941078576890209,0.9882847433375067,0,131,0,11051,11182
HistGradientBoosting,0.03,0.9882847433375067,1.0,0.9941078576890209,0.9882847433375067,0,131,0,11051,11182
HistGradientBoosting,0.031,0.9882847433375067,1.0,0.9941078576890209,0.9882847433375067,0,131,0,11051,11182
HistGradientBoosting,0.032,0.9882847433375067,1.0,0.9941078576890209,0.9882847433375067,0,131,0,11051,11182
HistGradientBoosting,0.033,0.9882847433375067,1.0,0.9941078576890209,0.9882847433375067,0,131,0,11051,11182
HistGradientBoosting,0.034,0.9882847433375067,1.0,0.9941078576890209,0.9882847433375067,0,131,0,11051,11182
HistGradientBoosting,0.035,0.9882847433375067,1.0,0.9941078576890209,0.9882847433375067,0,131,0,11051,11182
HistGradientBoosting,0.036,0.9882847433375067,1.0,0.9941078576890209,0.9882847433375067,0,131,0,11051,11182
HistGradientBoosting,0.037,0.9882847433375067,1.0,0.9941078576890209,0.9882847433375067,0,131,0,11051,11182
HistGradientBoosting,0.038,0.9882847433375067,1.0,0.9941078576890209,0.9882847433375067,0,131,0,11051,11182
HistGradientBoosting,0.039,0.9882847433375067,1.0,0.9941078576890209,0.9882847433375067,0,131,0,11051,11182
HistGradientBoosting,0.04,0.9882847433375067,1.0,0.9941078576890209,0.9882847433375067,0,131,0,11051,11182
HistGradientBoosting,0.041,0.9882847433375067,1.0,0.9941078576890209,0.9882847433375067,0,131,0,11051,11182
HistGradientBoosting,0.042,0.9882847433375067,1.0,0.9941078576890209,0.9882847433375067,0,131,0,11051,11182
HistGradientBoosting,0.043,0.9882847433375067,1.0,0.9941078576890209,0.9882847433375067,0,131,0,11051,11182
HistGradientBoosting,0.044,0.9882847433375067,1.0,0.9941078576890209,0.9882847433375067,0,131,0,11051,11182
HistGradientBoosting,0.045,0.9882847433375067,1.0,0.9941078576890209,0.9882847433375067,0,131,0,11051,11182
HistGradientBoosting,0.046,0.9882847433375067,1.0,0.9941078576890209,0.9882847433375067,0,131,0,11051,11182
HistGradientBoosting,0.047,0.9882847433375067,1.0,0.9941078576890209,0.9882847433375067,0,131,0,11051,11182
HistGradientBoosting,0.048,0.9882847433375067,1.0,0.9941078576890209,0.9882847433375067,0,131,0,11051,11182
HistGradientBoosting,0.049,0.9882847433375067,1.0,0.9941078576890209,0.9882847433375067,0,131,0,11051,11182
HistGradientBoosting,0.05,0.9882847433375067,1.0,0.9941078576890209,0.9882847433375067,0,131,0,11051,11182
HistGradientBoosting,0.051,0.9882847433375067,1.0,0.9941078576890209,0.9882847433375067,0,131,0,11051,11182
HistGradientBoosting,0.052,0.9882847433375067,1.0,0.9941078576890209,0.9882847433375067,0,131,0,11051,11182
HistGradientBoosting,0.053,0.9882847433375067,1.0,0.9941078576890209,0.9882847433375067,0,131,0,11051,11182
HistGradientBoosting,0.054,0.9882847433375067,1.0,0.9941078576890209,0.9882847433375067,0,131,0,11051,11182
HistGradientBoosting,0.055,0.9882847433375067,1.0,0.9941078576890209,0.9882847433375067,0,131,0,11051,11182
HistGradientBoosting,0.056,0.9882847433375067,1.0,0.9941078576890209,0.9882847433375067,0,131,0,11051,11182
HistGradientBoosting,0.057,0.9882847433375067,1.0,0.9941078576890209,0.9882847433375067,0,131,0,11051,11182
HistGradientBoosting,0.058,0.9882847433375067,1.0,0.9941078576890209,0.9882847433375067,0,131,0,11051,11182
HistGradientBoosting,0.059,0.9882847433375067,1.0,0.9941078576890209,0.9882847433375067,0,131,0,11051,11182
HistGradientBoosting,0.06,0.9882847433375067,1.0,0.9941078576890209,0.9882847433375067,0,131,0,11051,11182
HistGradientBoosting,0.061,0.9882847433375067,1.0,0.9941078576890209,0.9882847433375067,0,131,0,11051,11182
HistGradientBoosting,0.062,0.9882847433375067,1.0,0.9941078576890209,0.9882847433375067,0,131,0,11051,11182
HistGradientBoosting,0.063,0.9882847433375067,1.0,0.9941078576890209,0.9882847433375067,0,131,0,11051,11182
HistGradientBoosting,0.064,0.9882847433375067,1.0,0.9941078576890209,0.9882847433375067,0,131,0,11051,11182
HistGradientBoosting,0.065,0.9882847433375067,1.0,0.9941078576890209,0.9882847433375067,0,131,0,11051,11182
HistGradientBoosting,0.066,0.9882847433375067,1.0,0.9941078576890209,0.9882847433375067,0,131,0,11051,11182
HistGradientBoosting,0.067,0.9882847433375067,1.0,0.9941078576890209,0.9882847433375067,0,131,0,11051,11182
HistGradientBoosting,0.068,0.9882847433375067,1.0,0.9941078576890209,0.9882847433375067,0,131,0,11051,11182
HistGradientBoosting,0.069,0.9882847433375067,1.0,0.9941078576890209,0.9882847433375067,0,131,0,11051,11182
HistGradientBoosting,0.07,0.9882847433375067,1.0,0.9941078576890209,0.9882847433375067,0,131,0,11051,11182
HistGradientBoosting,0.071,0.9882847433375067,1.0,0.9941078576890209,0.9882847433375067,0,131,0,11051,11182
HistGradientBoosting,0.072,0.9882847433375067,1.0,0.9941078576890209,0.9882847433375067,0,131,0,11051,11182
HistGradientBoosting,0.073,0.9882847433375067,1.0,0.9941078576890209,0.9882847433375067,0,131,0,11051,11182
HistGradientBoosting,0.074,0.9882847433375067,1.0,0.9941078576890209,0.9882847433375067,0,131,0,11051,11182
HistGradientBoosting,0.075,0.9882847433375067,1.0,0.9941078576890209,0.9882847433375067,0,131,0,11051,11182
HistGradientBoosting,0.076,0.9882847433375067,1.0,0.9941078576890209,0.9882847433375067,0,131,0,11051,11182
HistGradientBoosting,0.077,0.9882847433375067,1.0,0.9941078576890209,0.9882847433375067,0,131,0,11051,11182
HistGradientBoosting,0.078,0.9882847433375067,1.0,0.9941078576890209,0.9882847433375067,0,131,0,11051,11182
HistGradientBoosting,0.079,0.9882847433375067,1.0,0.9941078576890209,0.9882847433375067,0,131,0,11051,11182
HistGradientBoosting,0.08,0.9882847433375067,1.0,0.9941078576890209,0.9882847433375067,0,131,0,11051,11182
HistGradientBoosting,0.081,0.9882847433375067,1.0,0.9941078576890209,0.9882847433375067,0,131,0,11051,11182
HistGradientBoosting,0.082,0.9882847433375067,1.0,0.9941078576890209,0.9882847433375067,0,131,0,11051,11182
HistGradientBoosting,0.083,0.9882847433375067,1.0,0.9941078576890209,0.9882847433375067,0,131,0,11051,11182
HistGradientBoosting,0.084,0.9882847433375067,1.0,0.9941078576890209,0.9882847433375067,0,131,0,11051,11182
HistGradientBoosting,0.085,0.9882847433375067,1.0,0.9941078576890209,0.9882847433375067,0,131,0,11051,11182
HistGradientBoosting,0.086,0.9882847433375067,1.0,0.9941078576890209,0.9882847433375067,0,131,0,11051,11182
HistGradientBoosting,0.087,0.9882847433375067,1.0,0.9941078576890209,0.9882847433375067,0,131,0,11051,11182
HistGradientBoosting,0.088,0.9882847433375067,1.0,0.9941078576890209,0.9882847433375067,0,131,0,11051,11182
HistGradientBoosting,0.089,0.9882847433375067,1.0,0.9941078576890209,0.9882847433375067,0,131,0,11051,11182
HistGradientBoosting,0.09,0.9882847433375067,1.0,0.9941078576890209,0.9882847433375067,0,131,0,11051,11182
HistGradientBoosting,0.091,0.9882847433375067,1.0,0.9941078576890209,0.9882847433375067,0,131,0,11051,11182
HistGradientBoosting,0.092,0.9882847433375067,1.0,0.9941078576890209,0.9882847433375067,0,131,0,11051,11182
HistGradientBoosting,0.093,0.9882847433375067,1.0,0.9941078576890209,0.9882847433375067,0,131,0,11051,11182
HistGradientBoosting,0.094,0.9882847433375067,1.0,0.9941078576890209,0.9882847433375067,0,131,0,11051,11182
HistGradientBoosting,0.095,0.9882847433375067,1.0,0.9941078576890209,0.9882847433375067,0,131,0,11051,11182
HistGradientBoosting,0.096,0.9882847433375067,1.0,0.9941078576890209,0.9882847433375067,0,131,0,11051,11182
HistGradientBoosting,0.097,0.9882847433375067,1.0,0.9941078576890209,0.9882847433375067,0,131,0,11051,11182
HistGradientBoosting,0.098,0.9882847433375067,1.0,0.9941078576890209,0.9882847433375067,0,131,0,11051,11182
HistGradientBoosting,0.099,0.9882847433375067,1.0,0.9941078576890209,0.9882847433375067,0,131,0,11051,11182
HistGradientBoosting,0.1,0.9882847433375067,1.0,0.9941078576890209,0.9882847433375067,0,131,0,11051,11182
HistGradientBoosting,0.101,0.9882847433375067,1.0,0.9941078576890209,0.9882847433375067,0,131,0,11051,11182
HistGradientBoosting,0.102,0.9882847433375067,1.0,0.9941078576890209,0.9882847433375067,0,131,0,11051,11182
HistGradientBoosting,0.103,0.9882847433375067,1.0,0.9941078576890209,0.9882847433375067,0,131,0,11051,11182
HistGradientBoosting,0.104,0.9882847433375067,1.0,0.9941078576890209,0.9882847433375067,0,131,0,11051,11182
HistGradientBoosting,0.105,0.9882847433375067,1.0,0.9941078576890209,0.9882847433375067,0,131,0,11051,11182
HistGradientBoosting,0.106,0.9882847433375067,1.0,0.9941078576890209,0.9882847433375067,0,131,0,11051,11182
HistGradientBoosting,0.107,0.9882847433375067,1.0,0.9941078576890209,0.9882847433375067,0,131,0,11051,11182
HistGradientBoosting,0.108,0.9882847433375067,1.0,0.9941078576890209,0.9882847433375067,0,131,0,11051,11182
HistGradientBoosting,0.109,0.9882847433375067,1.0,0.9941078576890209,0.9882847433375067,0,131,0,11051,11182
HistGradientBoosting,0.11,0.9882847433375067,1.0,0.9941078576890209,0.9882847433375067,0,131,0,11051,11182
HistGradientBoosting,0.111,0.9882847433375067,1.0,0.9941078576890209,0.9882847433375067,0,131,0,11051,11182
HistGradientBoosting,0.112,0.9882847433375067,1.0,0.9941078576890209,0.9882847433375067,0,131,0,11051,11182
HistGradientBoosting,0.113,0.9882847433375067,1.0,0.9941078576890209,0.9882847433375067,0,131,0,11051,11182
HistGradientBoosting,0.114,0.9882847433375067,1.0,0.9941078576890209,0.9882847433375067,0,131,0,11051,11182
HistGradientBoosting,0.115,0.9882847433375067,1.0,0.9941078576890209,0.9882847433375067,0,131,0,11051,11182
HistGradientBoosting,0.116,0.9882847433375067,1.0,0.9941078576890209,0.9882847433375067,0,131,0,11051,11182
HistGradientBoosting,0.117,0.9882847433375067,1.0,0.9941078576890209,0.9882847433375067,0,131,0,11051,11182
HistGradientBoosting,0.118,0.9882847433375067,1.0,0.9941078576890209,0.9882847433375067,0,131,0,11051,11182
HistGradientBoosting,0.119,0.9882847433375067,1.0,0.9941078576890209,0.9882847433375067,0,131,0,11051,11182
HistGradientBoosting,0.12,0.9882847433375067,1.0,0.9941078576890209,0.9882847433375067,0,131,0,11051,11182
HistGradientBoosting,0.121,0.9882847433375067,1.0,0.9941078576890209,0.9882847433375067,0,131,0,11051,11182
HistGradientBoosting,0.122,0.9882847433375067,1.0,0.9941078576890209,0.9882847433375067,0,131,0,11051,11182
HistGradientBoosting,0.123,0.9882847433375067,1.0,0.9941078576890209,0.9882847433375067,0,131,0,11051,11182
HistGradientBoosting,0.124,0.9882847433375067,1.0,0.9941078576890209,0.9882847433375067,0,131,0,11051,11182
HistGradientBoosting,0.125,0.9882847433375067,1.0,0.9941078576890209,0.9882847433375067,0,131,0,11051,11182
HistGradientBoosting,0.126,0.9882847433375067,1.0,0.9941078576890209,0.9882847433375067,0,131,0,11051,11182
HistGradientBoosting,0.127,0.9882847433375067,1.0,0.9941078576890209,0.9882847433375067,0,131,0,11051,11182
HistGradientBoosting,0.128,0.9882847433375067,1.0,0.9941078576890209,0.9882847433375067,0,131,0,11051,11182
HistGradientBoosting,0.129,0.9882847433375067,1.0,0.9941078576890209,0.9882847433375067,0,131,0,11051,11182
HistGradientBoosting,0.13,0.9882847433375067,1.0,0.9941078576890209,0.9882847433375067,0,131,0,11051,11182
HistGradientBoosting,0.131,0.9882847433375067,1.0,0.9941078576890209,0.9882847433375067,0,131,0,11051,11182
HistGradientBoosting,0.132,0.9882847433375067,1.0,0.9941078576890209,0.9882847433375067,0,131,0,11051,11182
HistGradientBoosting,0.133,0.9882847433375067,1.0,0.9941078576890209,0.9882847433375067,0,131,0,11051,11182
HistGradientBoosting,0.134,0.9882847433375067,1.0,0.9941078576890209,0.9882847433375067,0,131,0,11051,11182
HistGradientBoosting,0.135,0.9882847433375067,1.0,0.9941078576890209,0.9882847433375067,0,131,0,11051,11182
HistGradientBoosting,0.136,0.9882847433375067,1.0,0.9941078576890209,0.9882847433375067,0,131,0,11051,11182
HistGradientBoosting,0.137,0.9882847433375067,1.0,0.9941078576890209,0.9882847433375067,0,131,0,11051,11182
HistGradientBoosting,0.138,0.9882847433375067,1.0,0.9941078576890209,0.9882847433375067,0,131,0,11051,11182
HistGradientBoosting,0.139,0.9882847433375067,1.0,0.9941078576890209,0.9882847433375067,0,131,0,11051,11182
HistGradientBoosting,0.14,0.9882847433375067,1.0,0.9941078576890209,0.9882847433375067,0,131,0,11051,11182
HistGradientBoosting,0.141,0.9882847433375067,1.0,0.9941078576890209,0.9882847433375067,0,131,0,11051,11182
HistGradientBoosting,0.142,0.9882847433375067,1.0,0.9941078576890209,0.9882847433375067,0,131,0,11051,11182
HistGradientBoosting,0.143,0.9882847433375067,1.0,0.9941078576890209,0.9882847433375067,0,131,0,11051,11182
HistGradientBoosting,0.144,0.9882847433375067,1.0,0.9941078576890209,0.9882847433375067,0,131,0,11051,11182
HistGradientBoosting,0.145,0.9882847433375067,1.0,0.9941078576890209,0.9882847433375067,0,131,0,11051,11182
HistGradientBoosting,0.146,0.9882847433375067,1.0,0.9941078576890209,0.9882847433375067,0,131,0,11051,11182
HistGradientBoosting,0.147,0.9882847433375067,1.0,0.9941078576890209,0.9882847433375067,0,131,0,11051,11182
HistGradientBoosting,0.148,0.9882847433375067,1.0,0.9941078576890209,0.9882847433375067,0,131,0,11051,11182
HistGradientBoosting,0.149,0.9882847433375067,1.0,0.9941078576890209,0.9882847433375067,0,131,0,11051,11182
HistGradientBoosting,0.15,0.9882847433375067,1.0,0.9941078576890209,0.9882847433375067,0,131,0,11051,11182
HistGradientBoosting,0.151,0.9882847433375067,1.0,0.9941078576890209,0.9882847433375067,0,131,0,11051,11182
HistGradientBoosting,0.152,0.9882847433375067,1.0,0.9941078576890209,0.9882847433375067,0,131,0,11051,11182
HistGradientBoosting,0.153,0.9882847433375067,1.0,0.9941078576890209,0.9882847433375067,0,131,0,11051,11182
HistGradientBoosting,0.154,0.9882847433375067,1.0,0.9941078576890209,0.9882847433375067,0,131,0,11051,11182
HistGradientBoosting,0.155,0.9882847433375067,1.0,0.9941078576890209,0.9882847433375067,0,131,0,11051,11182
HistGradientBoosting,0.156,0.9882847433375067,1.0,0.9941078576890209,0.9882847433375067,0,131,0,11051,11182
HistGradientBoosting,0.157,0.9882847433375067,1.0,0.9941078576890209,0.9882847433375067,0,131,0,11051,11182
HistGradientBoosting,0.158,0.9882847433375067,1.0,0.9941078576890209,0.9882847433375067,0,131,0,11051,11182
HistGradientBoosting,0.159,0.9882847433375067,1.0,0.9941078576890209,0.9882847433375067,0,131,0,11051,11182
HistGradientBoosting,0.16,0.9882847433375067,1.0,0.9941078576890209,0.9882847433375067,0,131,0,11051,11182
HistGradientBoosting,0.161,0.9882847433375067,1.0,0.9941078576890209,0.9882847433375067,0,131,0,11051,11182
HistGradientBoosting,0.162,0.9882847433375067,1.0,0.9941078576890209,0.9882847433375067,0,131,0,11051,11182
HistGradientBoosting,0.163,0.9882847433375067,1.0,0.9941078576890209,0.9882847433375067,0,131,0,11051,11182
HistGradientBoosting,0.164,0.9882847433375067,1.0,0.9941078576890209,0.9882847433375067,0,131,0,11051,11182
HistGradientBoosting,0.165,0.9882847433375067,1.0,0.9941078576890209,0.9882847433375067,0,131,0,11051,11182
HistGradientBoosting,0.166,0.9882847433375067,1.0,0.9941078576890209,0.9882847433375067,0,131,0,11051,11182
HistGradientBoosting,0.167,0.9882847433375067,1.0,0.9941078576890209,0.9882847433375067,0,131,0,11051,11182
HistGradientBoosting,0.168,0.9882847433375067,1.0,0.9941078576890209,0.9882847433375067,0,131,0,11051,11182
HistGradientBoosting,0.169,0.9882847433375067,1.0,0.9941078576890209,0.9882847433375067,0,131,0,11051,11182
HistGradientBoosting,0.17,0.9882847433375067,1.0,0.9941078576890209,0.9882847433375067,0,131,0,11051,11182
HistGradientBoosting,0.171,0.9882847433375067,1.0,0.9941078576890209,0.9882847433375067,0,131,0,11051,11182
HistGradientBoosting,0.172,0.9882847433375067,1.0,0.9941078576890209,0.9882847433375067,0,131,0,11051,11182
HistGradientBoosting,0.173,0.9882847433375067,1.0,0.9941078576890209,0.9882847433375067,0,131,0,11051,11182
HistGradientBoosting,0.174,0.9882847433375067,1.0,0.9941078576890209,0.9882847433375067,0,131,0,11051,11182
HistGradientBoosting,0.175,0.9882847433375067,1.0,0.9941078576890209,0.9882847433375067,0,131,0,11051,11182
HistGradientBoosting,0.176,0.9882847433375067,1.0,0.9941078576890209,0.9882847433375067,0,131,0,11051,11182
HistGradientBoosting,0.177,0.9882847433375067,1.0,0.9941078576890209,0.9882847433375067,0,131,0,11051,11182
HistGradientBoosting,0.178,0.9882847433375067,1.0,0.9941078576890209,0.9882847433375067,0,131,0,11051,11182
HistGradientBoosting,0.179,0.9882847433375067,1.0,0.9941078576890209,0.9882847433375067,0,131,0,11051,11182
HistGradientBoosting,0.18,0.9882847433375067,1.0,0.9941078576890209,0.9882847433375067,0,131,0,11051,11182
HistGradientBoosting,0.181,0.9882847433375067,1.0,0.9941078576890209,0.9882847433375067,0,131,0,11051,11182
HistGradientBoosting,0.182,0.9882847433375067,1.0,0.9941078576890209,0.9882847433375067,0,131,0,11051,11182
HistGradientBoosting,0.183,0.9882847433375067,1.0,0.9941078576890209,0.9882847433375067,0,131,0,11051,11182
HistGradientBoosting,0.184,0.9882847433375067,1.0,0.9941078576890209,0.9882847433375067,0,131,0,11051,11182
HistGradientBoosting,0.185,0.9882847433375067,1.0,0.9941078576890209,0.9882847433375067,0,131,0,11051,11182
HistGradientBoosting,0.186,0.9882847433375067,1.0,0.9941078576890209,0.9882847433375067,0,131,0,11051,11182
HistGradientBoosting,0.187,0.9882847433375067,1.0,0.9941078576890209,0.9882847433375067,0,131,0,11051,11182
HistGradientBoosting,0.188,0.9882847433375067,1.0,0.9941078576890209,0.9882847433375067,0,131,0,11051,11182
HistGradientBoosting,0.189,0.9882847433375067,1.0,0.9941078576890209,0.9882847433375067,0,131,0,11051,11182
HistGradientBoosting,0.19,0.9882847433375067,1.0,0.9941078576890209,0.9882847433375067,0,131,0,11051,11182
HistGradientBoosting,0.191,0.9882847433375067,1.0,0.9941078576890209,0.9882847433375067,0,131,0,11051,11182
HistGradientBoosting,0.192,0.9882847433375067,1.0,0.9941078576890209,0.9882847433375067,0,131,0,11051,11182
HistGradientBoosting,0.193,0.9882847433375067,1.0,0.9941078576890209,0.9882847433375067,0,131,0,11051,11182
HistGradientBoosting,0.194,0.9882847433375067,1.0,0.9941078576890209,0.9882847433375067,0,131,0,11051,11182
HistGradientBoosting,0.195,0.9882847433375067,1.0,0.9941078576890209,0.9882847433375067,0,131,0,11051,11182
HistGradientBoosting,0.196,0.9882847433375067,1.0,0.9941078576890209,0.9882847433375067,0,131,0,11051,11182
HistGradientBoosting,0.197,0.9882847433375067,1.0,0.9941078576890209,0.9882847433375067,0,131,0,11051,11182
HistGradientBoosting,0.198,0.9882847433375067,1.0,0.9941078576890209,0.9882847433375067,0,131,0,11051,11182
HistGradientBoosting,0.199,0.9882847433375067,1.0,0.9941078576890209,0.9882847433375067,0,131,0,11051,11182
HistGradientBoosting,0.2,0.9882847433375067,1.0,0.9941078576890209,0.9882847433375067,0,131,0,11051,11182
HistGradientBoosting,0.201,0.9882847433375067,1.0,0.9941078576890209,0.9882847433375067,0,131,0,11051,11182
HistGradientBoosting,0.202,0.9882847433375067,1.0,0.9941078576890209,0.9882847433375067,0,131,0,11051,11182
HistGradientBoosting,0.203,0.9882847433375067,1.0,0.9941078576890209,0.9882847433375067,0,131,0,11051,11182
HistGradientBoosting,0.204,0.9882847433375067,1.0,0.9941078576890209,0.9882847433375067,0,131,0,11051,11182
HistGradientBoosting,0.205,0.9882847433375067,1.0,0.9941078576890209,0.9882847433375067,0,131,0,11051,11182
HistGradientBoosting,0.206,0.9882847433375067,1.0,0.9941078576890209,0.9882847433375067,0,131,0,11051,11182
HistGradientBoosting,0.207,0.9882847433375067,1.0,0.9941078576890209,0.9882847433375067,0,131,0,11051,11182
HistGradientBoosting,0.208,0.9882847433375067,1.0,0.9941078576890209,0.9882847433375067,0,131,0,11051,11182
HistGradientBoosting,0.209,0.9882847433375067,1.0,0.9941078576890209,0.9882847433375067,0,131,0,11051,11182
HistGradientBoosting,0.21,0.9882847433375067,1.0,0.9941078576890209,0.9882847433375067,0,131,0,11051,11182
HistGradientBoosting,0.211,0.9882847433375067,1.0,0.9941078576890209,0.9882847433375067,0,131,0,11051,11182
HistGradientBoosting,0.212,0.9882847433375067,1.0,0.9941078576890209,0.9882847433375067,0,131,0,11051,11182
HistGradientBoosting,0.213,0.9882847433375067,1.0,0.9941078576890209,0.9882847433375067,0,131,0,11051,11182
HistGradientBoosting,0.214,0.9882847433375067,1.0,0.9941078576890209,0.9882847433375067,0,131,0,11051,11182
HistGradientBoosting,0.215,0.9882847433375067,1.0,0.9941078576890209,0.9882847433375067,0,131,0,11051,11182
HistGradientBoosting,0.216,0.9882847433375067,1.0,0.9941078576890209,0.9882847433375067,0,131,0,11051,11182
HistGradientBoosting,0.217,0.9882847433375067,1.0,0.9941078576890209,0.9882847433375067,0,131,0,11051,11182
HistGradientBoosting,0.218,0.9882847433375067,1.0,0.9941078576890209,0.9882847433375067,0,131,0,11051,11182
HistGradientBoosting,0.219,0.9882847433375067,1.0,0.9941078576890209,0.9882847433375067,0,131,0,11051,11182
HistGradientBoosting,0.22,0.9882847433375067,1.0,0.9941078576890209,0.9882847433375067,0,131,0,11051,11182
HistGradientBoosting,0.221,0.9882847433375067,1.0,0.9941078576890209,0.9882847433375067,0,131,0,11051,11182
HistGradientBoosting,0.222,0.9882847433375067,1.0,0.9941078576890209,0.9882847433375067,0,131,0,11051,11182
HistGradientBoosting,0.223,0.9882847433375067,1.0,0.9941078576890209,0.9882847433375067,0,131,0,11051,11182
HistGradientBoosting,0.224,0.9882847433375067,1.0,0.9941078576890209,0.9882847433375067,0,131,0,11051,11182
HistGradientBoosting,0.225,0.9882847433375067,1.0,0.9941078576890209,0.9882847433375067,0,131,0,11051,11182
HistGradientBoosting,0.226,0.9882847433375067,1.0,0.9941078576890209,0.9882847433375067,0,131,0,11051,11182
HistGradientBoosting,0.227,0.9882847433375067,1.0,0.9941078576890209,0.9882847433375067,0,131,0,11051,11182
HistGradientBoosting,0.228,0.9882847433375067,1.0,0.9941078576890209,0.9882847433375067,0,131,0,11051,11182
HistGradientBoosting,0.229,0.9882847433375067,1.0,0.9941078576890209,0.9882847433375067,0,131,0,11051,11182
HistGradientBoosting,0.23,0.9882847433375067,1.0,0.9941078576890209,0.9882847433375067,0,131,0,11051,11182
HistGradientBoosting,0.231,0.9882847433375067,1.0,0.9941078576890209,0.9882847433375067,0,131,0,11051,11182
HistGradientBoosting,0.232,0.9882847433375067,1.0,0.9941078576890209,0.9882847433375067,0,131,0,11051,11182
HistGradientBoosting,0.233,0.9882847433375067,1.0,0.9941078576890209,0.9882847433375067,0,131,0,11051,11182
HistGradientBoosting,0.234,0.9882847433375067,1.0,0.9941078576890209,0.9882847433375067,0,131,0,11051,11182
HistGradientBoosting,0.235,0.9882847433375067,1.0,0.9941078576890209,0.9882847433375067,0,131,0,11051,11182
HistGradientBoosting,0.236,0.9882847433375067,1.0,0.9941078576890209,0.9882847433375067,0,131,0,11051,11182
HistGradientBoosting,0.237,0.9882847433375067,1.0,0.9941078576890209,0.9882847433375067,0,131,0,11051,11182
HistGradientBoosting,0.238,0.9882847433375067,1.0,0.9941078576890209,0.9882847433375067,0,131,0,11051,11182
HistGradientBoosting,0.239,0.9882847433375067,1.0,0.9941078576890209,0.9882847433375067,0,131,0,11051,11182
HistGradientBoosting,0.24,0.9882847433375067,1.0,0.9941078576890209,0.9882847433375067,0,131,0,11051,11182
HistGradientBoosting,0.241,0.9882847433375067,1.0,0.9941078576890209,0.9882847433375067,0,131,0,11051,11182
HistGradientBoosting,0.242,0.9882847433375067,1.0,0.9941078576890209,0.9882847433375067,0,131,0,11051,11182
HistGradientBoosting,0.243,0.9882847433375067,1.0,0.9941078576890209,0.9882847433375067,0,131,0,11051,11182
HistGradientBoosting,0.244,0.9882847433375067,1.0,0.9941078576890209,0.9882847433375067,0,131,0,11051,11182
HistGradientBoosting,0.245,0.9882847433375067,1.0,0.9941078576890209,0.9882847433375067,0,131,0,11051,11182
HistGradientBoosting,0.246,0.9882847433375067,1.0,0.9941078576890209,0.9882847433375067,0,131,0,11051,11182
HistGradientBoosting,0.247,0.9882847433375067,1.0,0.9941078576890209,0.9882847433375067,0,131,0,11051,11182
HistGradientBoosting,0.248,0.9882847433375067,1.0,0.9941078576890209,0.9882847433375067,0,131,0,11051,11182
HistGradientBoosting,0.249,0.9882847433375067,1.0,0.9941078576890209,0.9882847433375067,0,131,0,11051,11182
HistGradientBoosting,0.25,0.9882847433375067,1.0,0.9941078576890209,0.9882847433375067,0,131,0,11051,11182
HistGradientBoosting,0.251,0.9882847433375067,1.0,0.9941078576890209,0.9882847433375067,0,131,0,11051,11182
HistGradientBoosting,0.252,0.9882847433375067,1.0,0.9941078576890209,0.9882847433375067,0,131,0,11051,11182
HistGradientBoosting,0.253,0.9882847433375067,1.0,0.9941078576890209,0.9882847433375067,0,131,0,11051,11182
HistGradientBoosting,0.254,0.9882847433375067,1.0,0.9941078576890209,0.9882847433375067,0,131,0,11051,11182
HistGradientBoosting,0.255,0.9882847433375067,1.0,0.9941078576890209,0.9882847433375067,0,131,0,11051,11182
HistGradientBoosting,0.256,0.9882847433375067,1.0,0.9941078576890209,0.9882847433375067,0,131,0,11051,11182
HistGradientBoosting,0.257,0.9882847433375067,1.0,0.9941078576890209,0.9882847433375067,0,131,0,11051,11182
HistGradientBoosting,0.258,0.9882847433375067,1.0,0.9941078576890209,0.9882847433375067,0,131,0,11051,11182
HistGradientBoosting,0.259,0.9882847433375067,1.0,0.9941078576890209,0.9882847433375067,0,131,0,11051,11182
HistGradientBoosting,0.26,0.9882847433375067,1.0,0.9941078576890209,0.9882847433375067,0,131,0,11051,11182
HistGradientBoosting,0.261,0.9882847433375067,1.0,0.9941078576890209,0.9882847433375067,0,131,0,11051,11182
HistGradientBoosting,0.262,0.9882847433375067,1.0,0.9941078576890209,0.9882847433375067,0,131,0,11051,11182
HistGradientBoosting,0.263,0.9882847433375067,1.0,0.9941078576890209,0.9882847433375067,0,131,0,11051,11182
HistGradientBoosting,0.264,0.9882847433375067,1.0,0.9941078576890209,0.9882847433375067,0,131,0,11051,11182
HistGradientBoosting,0.265,0.9882847433375067,1.0,0.9941078576890209,0.9882847433375067,0,131,0,11051,11182
HistGradientBoosting,0.266,0.9882847433375067,1.0,0.9941078576890209,0.9882847433375067,0,131,0,11051,11182
HistGradientBoosting,0.267,0.9882847433375067,1.0,0.9941078576890209,0.9882847433375067,0,131,0,11051,11182
HistGradientBoosting,0.268,0.9882847433375067,1.0,0.9941078576890209,0.9882847433375067,0,131,0,11051,11182
HistGradientBoosting,0.269,0.9882847433375067,1.0,0.9941078576890209,0.9882847433375067,0,131,0,11051,11182
HistGradientBoosting,0.27,0.9882847433375067,1.0,0.9941078576890209,0.9882847433375067,0,131,0,11051,11182
HistGradientBoosting,0.271,0.9882847433375067,1.0,0.9941078576890209,0.9882847433375067,0,131,0,11051,11182
HistGradientBoosting,0.272,0.9882847433375067,1.0,0.9941078576890209,0.9882847433375067,0,131,0,11051,11182
HistGradientBoosting,0.273,0.9882847433375067,1.0,0.9941078576890209,0.9882847433375067,0,131,0,11051,11182
HistGradientBoosting,0.274,0.9882847433375067,1.0,0.9941078576890209,0.9882847433375067,0,131,0,11051,11182
HistGradientBoosting,0.275,0.9882847433375067,1.0,0.9941078576890209,0.9882847433375067,0,131,0,11051,11182
HistGradientBoosting,0.276,0.9882847433375067,1.0,0.9941078576890209,0.9882847433375067,0,131,0,11051,11182
HistGradientBoosting,0.277,0.9882847433375067,1.0,0.9941078576890209,0.9882847433375067,0,131,0,11051,11182
HistGradientBoosting,0.278,0.9882847433375067,1.0,0.9941078576890209,0.9882847433375067,0,131,0,11051,11182
HistGradientBoosting,0.279,0.9882847433375067,1.0,0.9941078576890209,0.9882847433375067,0,131,0,11051,11182
HistGradientBoosting,0.28,0.9882847433375067,1.0,0.9941078576890209,0.9882847433375067,0,131,0,11051,11182
HistGradientBoosting,0.281,0.9882847433375067,1.0,0.9941078576890209,0.9882847433375067,0,131,0,11051,11182
HistGradientBoosting,0.282,0.9882847433375067,1.0,0.9941078576890209,0.9882847433375067,0,131,0,11051,11182
HistGradientBoosting,0.283,0.9882847433375067,1.0,0.9941078576890209,0.9882847433375067,0,131,0,11051,11182
HistGradientBoosting,0.284,0.9882847433375067,1.0,0.9941078576890209,0.9882847433375067,0,131,0,11051,11182
HistGradientBoosting,0.285,0.9882847433375067,1.0,0.9941078576890209,0.9882847433375067,0,131,0,11051,11182
HistGradientBoosting,0.286,0.9882847433375067,1.0,0.9941078576890209,0.9882847433375067,0,131,0,11051,11182
HistGradientBoosting,0.287,0.9882847433375067,1.0,0.9941078576890209,0.9882847433375067,0,131,0,11051,11182
HistGradientBoosting,0.288,0.9882847433375067,1.0,0.9941078576890209,0.9882847433375067,0,131,0,11051,11182
HistGradientBoosting,0.289,0.9882847433375067,1.0,0.9941078576890209,0.9882847433375067,0,131,0,11051,11182
HistGradientBoosting,0.29,0.9882847433375067,1.0,0.9941078576890209,0.9882847433375067,0,131,0,11051,11182
HistGradientBoosting,0.291,0.9882847433375067,1.0,0.9941078576890209,0.9882847433375067,0,131,0,11051,11182
HistGradientBoosting,0.292,0.9882847433375067,1.0,0.9941078576890209,0.9882847433375067,0,131,0,11051,11182
HistGradientBoosting,0.293,0.9882847433375067,1.0,0.9941078576890209,0.9882847433375067,0,131,0,11051,11182
HistGradientBoosting,0.294,0.9882847433375067,1.0,0.9941078576890209,0.9882847433375067,0,131,0,11051,11182
HistGradientBoosting,0.295,0.9882847433375067,1.0,0.9941078576890209,0.9882847433375067,0,131,0,11051,11182
HistGradientBoosting,0.296,0.9882847433375067,1.0,0.9941078576890209,0.9882847433375067,0,131,0,11051,11182
HistGradientBoosting,0.297,0.9882847433375067,1.0,0.9941078576890209,0.9882847433375067,0,131,0,11051,11182
HistGradientBoosting,0.298,0.9882847433375067,1.0,0.9941078576890209,0.9882847433375067,0,131,0,11051,11182
HistGradientBoosting,0.299,0.9882847433375067,1.0,0.9941078576890209,0.9882847433375067,0,131,0,11051,11182
HistGradientBoosting,0.3,0.9882847433375067,1.0,0.9941078576890209,0.9882847433375067,0,131,0,11051,11182
HistGradientBoosting,0.301,0.9882847433375067,1.0,0.9941078576890209,0.9882847433375067,0,131,0,11051,11182
HistGradientBoosting,0.302,0.9882847433375067,1.0,0.9941078576890209,0.9882847433375067,0,131,0,11051,11182
HistGradientBoosting,0.303,0.9882847433375067,1.0,0.9941078576890209,0.9882847433375067,0,131,0,11051,11182
HistGradientBoosting,0.304,0.9882847433375067,1.0,0.9941078576890209,0.9882847433375067,0,131,0,11051,11182
HistGradientBoosting,0.305,0.9882847433375067,1.0,0.9941078576890209,0.9882847433375067,0,131,0,11051,11182
HistGradientBoosting,0.306,0.9882847433375067,1.0,0.9941078576890209,0.9882847433375067,0,131,0,11051,11182
HistGradientBoosting,0.307,0.9882847433375067,1.0,0.9941078576890209,0.9882847433375067,0,131,0,11051,11182
HistGradientBoosting,0.308,0.9882847433375067,1.0,0.9941078576890209,0.9882847433375067,0,131,0,11051,11182
HistGradientBoosting,0.309,0.9882847433375067,1.0,0.9941078576890209,0.9882847433375067,0,131,0,11051,11182
HistGradientBoosting,0.31,0.9882847433375067,1.0,0.9941078576890209,0.9882847433375067,0,131,0,11051,11182
HistGradientBoosting,0.311,0.9882847433375067,1.0,0.9941078576890209,0.9882847433375067,0,131,0,11051,11182
HistGradientBoosting,0.312,0.9882847433375067,1.0,0.9941078576890209,0.9882847433375067,0,131,0,11051,11182
HistGradientBoosting,0.313,0.9882847433375067,1.0,0.9941078576890209,0.9882847433375067,0,131,0,11051,11182
HistGradientBoosting,0.314,0.9882847433375067,1.0,0.9941078576890209,0.9882847433375067,0,131,0,11051,11182
HistGradientBoosting,0.315,0.9882847433375067,1.0,0.9941078576890209,0.9882847433375067,0,131,0,11051,11182
HistGradientBoosting,0.316,0.9882847433375067,1.0,0.9941078576890209,0.9882847433375067,0,131,0,11051,11182
HistGradientBoosting,0.317,0.9882847433375067,1.0,0.9941078576890209,0.9882847433375067,0,131,0,11051,11182
HistGradientBoosting,0.318,0.9882847433375067,1.0,0.9941078576890209,0.9882847433375067,0,131,0,11051,11182
HistGradientBoosting,0.319,0.9882847433375067,1.0,0.9941078576890209,0.9882847433375067,0,131,0,11051,11182
HistGradientBoosting,0.32,0.9882847433375067,1.0,0.9941078576890209,0.9882847433375067,0,131,0,11051,11182
HistGradientBoosting,0.321,0.9882847433375067,1.0,0.9941078576890209,0.9882847433375067,0,131,0,11051,11182
HistGradientBoosting,0.322,0.9882847433375067,1.0,0.9941078576890209,0.9882847433375067,0,131,0,11051,11182
HistGradientBoosting,0.323,0.9882847433375067,1.0,0.9941078576890209,0.9882847433375067,0,131,0,11051,11182
HistGradientBoosting,0.324,0.9882847433375067,1.0,0.9941078576890209,0.9882847433375067,0,131,0,11051,11182
HistGradientBoosting,0.325,0.9882847433375067,1.0,0.9941078576890209,0.9882847433375067,0,131,0,11051,11182
HistGradientBoosting,0.326,0.9882847433375067,1.0,0.9941078576890209,0.9882847433375067,0,131,0,11051,11182
HistGradientBoosting,0.327,0.9882847433375067,1.0,0.9941078576890209,0.9882847433375067,0,131,0,11051,11182
HistGradientBoosting,0.328,0.9882847433375067,1.0,0.9941078576890209,0.9882847433375067,0,131,0,11051,11182
HistGradientBoosting,0.329,0.9882847433375067,1.0,0.9941078576890209,0.9882847433375067,0,131,0,11051,11182
HistGradientBoosting,0.33,0.9882847433375067,1.0,0.9941078576890209,0.9882847433375067,0,131,0,11051,11182
HistGradientBoosting,0.331,0.9882847433375067,1.0,0.9941078576890209,0.9882847433375067,0,131,0,11051,11182
HistGradientBoosting,0.332,0.9882847433375067,1.0,0.9941078576890209,0.9882847433375067,0,131,0,11051,11182
HistGradientBoosting,0.333,0.9882847433375067,1.0,0.9941078576890209,0.9882847433375067,0,131,0,11051,11182
HistGradientBoosting,0.334,0.9882847433375067,1.0,0.9941078576890209,0.9882847433375067,0,131,0,11051,11182
HistGradientBoosting,0.335,0.9882847433375067,1.0,0.9941078576890209,0.9882847433375067,0,131,0,11051,11182
HistGradientBoosting,0.336,0.9882847433375067,1.0,0.9941078576890209,0.9882847433375067,0,131,0,11051,11182
HistGradientBoosting,0.337,0.9882847433375067,1.0,0.9941078576890209,0.9882847433375067,0,131,0,11051,11182
HistGradientBoosting,0.338,0.9882847433375067,1.0,0.9941078576890209,0.9882847433375067,0,131,0,11051,11182
HistGradientBoosting,0.339,0.9882847433375067,1.0,0.9941078576890209,0.9882847433375067,0,131,0,11051,11182
HistGradientBoosting,0.34,0.9882847433375067,1.0,0.9941078576890209,0.9882847433375067,0,131,0,11051,11182
HistGradientBoosting,0.341,0.9882847433375067,1.0,0.9941078576890209,0.9882847433375067,0,131,0,11051,11182
HistGradientBoosting,0.342,0.9882847433375067,1.0,0.9941078576890209,0.9882847433375067,0,131,0,11051,11182
HistGradientBoosting,0.343,0.9882847433375067,1.0,0.9941078576890209,0.9882847433375067,0,131,0,11051,11182
HistGradientBoosting,0.344,0.9882847433375067,1.0,0.9941078576890209,0.9882847433375067,0,131,0,11051,11182
HistGradientBoosting,0.345,0.9882847433375067,1.0,0.9941078576890209,0.9882847433375067,0,131,0,11051,11182
HistGradientBoosting,0.346,0.9882847433375067,1.0,0.9941078576890209,0.9882847433375067,0,131,0,11051,11182
HistGradientBoosting,0.347,0.9882847433375067,1.0,0.9941078576890209,0.9882847433375067,0,131,0,11051,11182
HistGradientBoosting,0.348,0.9882847433375067,1.0,0.9941078576890209,0.9882847433375067,0,131,0,11051,11182
HistGradientBoosting,0.349,0.9882847433375067,1.0,0.9941078576890209,0.9882847433375067,0,131,0,11051,11182
HistGradientBoosting,0.35,0.9882847433375067,1.0,0.9941078576890209,0.9882847433375067,0,131,0,11051,11182
HistGradientBoosting,0.351,0.9882847433375067,1.0,0.9941078576890209,0.9882847433375067,0,131,0,11051,11182
HistGradientBoosting,0.352,0.9882847433375067,1.0,0.9941078576890209,0.9882847433375067,0,131,0,11051,11182
HistGradientBoosting,0.353,0.9882847433375067,1.0,0.9941078576890209,0.9882847433375067,0,131,0,11051,11182
HistGradientBoosting,0.354,0.9882847433375067,1.0,0.9941078576890209,0.9882847433375067,0,131,0,11051,11182
HistGradientBoosting,0.355,0.9882847433375067,1.0,0.9941078576890209,0.9882847433375067,0,131,0,11051,11182
HistGradientBoosting,0.356,0.9882847433375067,1.0,0.9941078576890209,0.9882847433375067,0,131,0,11051,11182
HistGradientBoosting,0.357,0.9882847433375067,1.0,0.9941078576890209,0.9882847433375067,0,131,0,11051,11182
HistGradientBoosting,0.358,0.9882847433375067,1.0,0.9941078576890209,0.9882847433375067,0,131,0,11051,11182
HistGradientBoosting,0.359,0.9882847433375067,1.0,0.9941078576890209,0.9882847433375067,0,131,0,11051,11182
HistGradientBoosting,0.36,0.9882847433375067,1.0,0.9941078576890209,0.9882847433375067,0,131,0,11051,11182
HistGradientBoosting,0.361,0.9882847433375067,1.0,0.9941078576890209,0.9882847433375067,0,131,0,11051,11182
HistGradientBoosting,0.362,0.9882847433375067,1.0,0.9941078576890209,0.9882847433375067,0,131,0,11051,11182
HistGradientBoosting,0.363,0.9882847433375067,1.0,0.9941078576890209,0.9882847433375067,0,131,0,11051,11182
HistGradientBoosting,0.364,0.9882847433375067,1.0,0.9941078576890209,0.9882847433375067,0,131,0,11051,11182
HistGradientBoosting,0.365,0.9882847433375067,1.0,0.9941078576890209,0.9882847433375067,0,131,0,11051,11182
HistGradientBoosting,0.366,0.9882847433375067,1.0,0.9941078576890209,0.9882847433375067,0,131,0,11051,11182
HistGradientBoosting,0.367,0.9882847433375067,1.0,0.9941078576890209,0.9882847433375067,0,131,0,11051,11182
HistGradientBoosting,0.368,0.9882847433375067,1.0,0.9941078576890209,0.9882847433375067,0,131,0,11051,11182
HistGradientBoosting,0.369,0.9882847433375067,1.0,0.9941078576890209,0.9882847433375067,0,131,0,11051,11182
HistGradientBoosting,0.37,0.9882847433375067,1.0,0.9941078576890209,0.9882847433375067,0,131,0,11051,11182
HistGradientBoosting,0.371,0.9882847433375067,1.0,0.9941078576890209,0.9882847433375067,0,131,0,11051,11182
HistGradientBoosting,0.372,0.9882847433375067,1.0,0.9941078576890209,0.9882847433375067,0,131,0,11051,11182
HistGradientBoosting,0.373,0.9882847433375067,1.0,0.9941078576890209,0.9882847433375067,0,131,0,11051,11182
HistGradientBoosting,0.374,0.9882847433375067,1.0,0.9941078576890209,0.9882847433375067,0,131,0,11051,11182
HistGradientBoosting,0.375,0.9882847433375067,1.0,0.9941078576890209,0.9882847433375067,0,131,0,11051,11182
HistGradientBoosting,0.376,0.9882847433375067,1.0,0.9941078576890209,0.9882847433375067,0,131,0,11051,11182
HistGradientBoosting,0.377,0.9882847433375067,1.0,0.9941078576890209,0.9882847433375067,0,131,0,11051,11182
HistGradientBoosting,0.378,0.9882847433375067,1.0,0.9941078576890209,0.9882847433375067,0,131,0,11051,11182
HistGradientBoosting,0.379,0.9882847433375067,1.0,0.9941078576890209,0.9882847433375067,0,131,0,11051,11182
HistGradientBoosting,0.38,0.9882847433375067,1.0,0.9941078576890209,0.9882847433375067,0,131,0,11051,11182
HistGradientBoosting,0.381,0.9882847433375067,1.0,0.9941078576890209,0.9882847433375067,0,131,0,11051,11182
HistGradientBoosting,0.382,0.9882847433375067,1.0,0.9941078576890209,0.9882847433375067,0,131,0,11051,11182
HistGradientBoosting,0.383,0.9882847433375067,1.0,0.9941078576890209,0.9882847433375067,0,131,0,11051,11182
HistGradientBoosting,0.384,0.9882847433375067,1.0,0.9941078576890209,0.9882847433375067,0,131,0,11051,11182
HistGradientBoosting,0.385,0.9882847433375067,1.0,0.9941078576890209,0.9882847433375067,0,131,0,11051,11182
HistGradientBoosting,0.386,0.9882847433375067,1.0,0.9941078576890209,0.9882847433375067,0,131,0,11051,11182
HistGradientBoosting,0.387,0.9882847433375067,1.0,0.9941078576890209,0.9882847433375067,0,131,0,11051,11182
HistGradientBoosting,0.388,0.9882847433375067,1.0,0.9941078576890209,0.9882847433375067,0,131,0,11051,11182
HistGradientBoosting,0.389,0.9882847433375067,1.0,0.9941078576890209,0.9882847433375067,0,131,0,11051,11182
HistGradientBoosting,0.39,0.9882847433375067,1.0,0.9941078576890209,0.9882847433375067,0,131,0,11051,11182
HistGradientBoosting,0.391,0.9882847433375067,1.0,0.9941078576890209,0.9882847433375067,0,131,0,11051,11182
HistGradientBoosting,0.392,0.9882847433375067,1.0,0.9941078576890209,0.9882847433375067,0,131,0,11051,11182
HistGradientBoosting,0.393,0.9882847433375067,1.0,0.9941078576890209,0.9882847433375067,0,131,0,11051,11182
HistGradientBoosting,0.394,0.9882847433375067,1.0,0.9941078576890209,0.9882847433375067,0,131,0,11051,11182
HistGradientBoosting,0.395,0.9882847433375067,1.0,0.9941078576890209,0.9882847433375067,0,131,0,11051,11182
HistGradientBoosting,0.396,0.9882847433375067,1.0,0.9941078576890209,0.9882847433375067,0,131,0,11051,11182
HistGradientBoosting,0.397,0.9882847433375067,1.0,0.9941078576890209,0.9882847433375067,0,131,0,11051,11182
HistGradientBoosting,0.398,0.9882847433375067,1.0,0.9941078576890209,0.9882847433375067,0,131,0,11051,11182
HistGradientBoosting,0.399,0.9882847433375067,1.0,0.9941078576890209,0.9882847433375067,0,131,0,11051,11182
HistGradientBoosting,0.4,0.9882847433375067,1.0,0.9941078576890209,0.9882847433375067,0,131,0,11051,11182
HistGradientBoosting,0.401,0.9882847433375067,1.0,0.9941078576890209,0.9882847433375067,0,131,0,11051,11182
HistGradientBoosting,0.402,0.9882847433375067,1.0,0.9941078576890209,0.9882847433375067,0,131,0,11051,11182
HistGradientBoosting,0.403,0.9882847433375067,1.0,0.9941078576890209,0.9882847433375067,0,131,0,11051,11182
HistGradientBoosting,0.404,0.9882847433375067,1.0,0.9941078576890209,0.9882847433375067,0,131,0,11051,11182
HistGradientBoosting,0.405,0.9882847433375067,1.0,0.9941078576890209,0.9882847433375067,0,131,0,11051,11182
HistGradientBoosting,0.406,0.9882847433375067,1.0,0.9941078576890209,0.9882847433375067,0,131,0,11051,11182
HistGradientBoosting,0.407,0.9882847433375067,1.0,0.9941078576890209,0.9882847433375067,0,131,0,11051,11182
HistGradientBoosting,0.408,0.9882847433375067,1.0,0.9941078576890209,0.9882847433375067,0,131,0,11051,11182
HistGradientBoosting,0.409,0.9882847433375067,1.0,0.9941078576890209,0.9882847433375067,0,131,0,11051,11182
HistGradientBoosting,0.41,0.9882847433375067,1.0,0.9941078576890209,0.9882847433375067,0,131,0,11051,11182
HistGradientBoosting,0.411,0.9882847433375067,1.0,0.9941078576890209,0.9882847433375067,0,131,0,11051,11182
HistGradientBoosting,0.412,0.9882847433375067,1.0,0.9941078576890209,0.9882847433375067,0,131,0,11051,11182
HistGradientBoosting,0.413,0.9882847433375067,1.0,0.9941078576890209,0.9882847433375067,0,131,0,11051,11182
HistGradientBoosting,0.414,0.9882847433375067,1.0,0.9941078576890209,0.9882847433375067,0,131,0,11051,11182
HistGradientBoosting,0.415,0.9882847433375067,1.0,0.9941078576890209,0.9882847433375067,0,131,0,11051,11182
HistGradientBoosting,0.416,0.9882847433375067,1.0,0.9941078576890209,0.9882847433375067,0,131,0,11051,11182
HistGradientBoosting,0.417,0.9882847433375067,1.0,0.9941078576890209,0.9882847433375067,0,131,0,11051,11182
HistGradientBoosting,0.418,0.9882847433375067,1.0,0.9941078576890209,0.9882847433375067,0,131,0,11051,11182
HistGradientBoosting,0.419,0.9882847433375067,1.0,0.9941078576890209,0.9882847433375067,0,131,0,11051,11182
HistGradientBoosting,0.42,0.9882847433375067,1.0,0.9941078576890209,0.9882847433375067,0,131,0,11051,11182
HistGradientBoosting,0.421,0.9882847433375067,1.0,0.9941078576890209,0.9882847433375067,0,131,0,11051,11182
HistGradientBoosting,0.422,0.9882847433375067,1.0,0.9941078576890209,0.9882847433375067,0,131,0,11051,11182
HistGradientBoosting,0.423,0.9882847433375067,1.0,0.9941078576890209,0.9882847433375067,0,131,0,11051,11182
HistGradientBoosting,0.424,0.9882847433375067,1.0,0.9941078576890209,0.9882847433375067,0,131,0,11051,11182
HistGradientBoosting,0.425,0.9882847433375067,1.0,0.9941078576890209,0.9882847433375067,0,131,0,11051,11182
HistGradientBoosting,0.426,0.9882847433375067,1.0,0.9941078576890209,0.9882847433375067,0,131,0,11051,11182
HistGradientBoosting,0.427,0.9882847433375067,1.0,0.9941078576890209,0.9882847433375067,0,131,0,11051,11182
HistGradientBoosting,0.428,0.9882847433375067,1.0,0.9941078576890209,0.9882847433375067,0,131,0,11051,11182
HistGradientBoosting,0.429,0.9882847433375067,1.0,0.9941078576890209,0.9882847433375067,0,131,0,11051,11182
HistGradientBoosting,0.43,0.9882847433375067,1.0,0.9941078576890209,0.9882847433375067,0,131,0,11051,11182
HistGradientBoosting,0.431,0.9882847433375067,1.0,0.9941078576890209,0.9882847433375067,0,131,0,11051,11182
HistGradientBoosting,0.432,0.9882847433375067,1.0,0.9941078576890209,0.9882847433375067,0,131,0,11051,11182
HistGradientBoosting,0.433,0.9882847433375067,1.0,0.9941078576890209,0.9882847433375067,0,131,0,11051,11182
HistGradientBoosting,0.434,0.9882847433375067,1.0,0.9941078576890209,0.9882847433375067,0,131,0,11051,11182
HistGradientBoosting,0.435,0.9882847433375067,1.0,0.9941078576890209,0.9882847433375067,0,131,0,11051,11182
HistGradientBoosting,0.436,0.9882847433375067,1.0,0.9941078576890209,0.9882847433375067,0,131,0,11051,11182
HistGradientBoosting,0.437,0.9882847433375067,1.0,0.9941078576890209,0.9882847433375067,0,131,0,11051,11182
HistGradientBoosting,0.438,0.9882847433375067,1.0,0.9941078576890209,0.9882847433375067,0,131,0,11051,11182
HistGradientBoosting,0.439,0.9882847433375067,1.0,0.9941078576890209,0.9882847433375067,0,131,0,11051,11182
HistGradientBoosting,0.44,0.9882847433375067,1.0,0.9941078576890209,0.9882847433375067,0,131,0,11051,11182
HistGradientBoosting,0.441,0.9882847433375067,1.0,0.9941078576890209,0.9882847433375067,0,131,0,11051,11182
HistGradientBoosting,0.442,0.9882847433375067,1.0,0.9941078576890209,0.9882847433375067,0,131,0,11051,11182
HistGradientBoosting,0.443,0.9882847433375067,1.0,0.9941078576890209,0.9882847433375067,0,131,0,11051,11182
HistGradientBoosting,0.444,0.9882847433375067,1.0,0.9941078576890209,0.9882847433375067,0,131,0,11051,11182
HistGradientBoosting,0.445,0.9882847433375067,1.0,0.9941078576890209,0.9882847433375067,0,131,0,11051,11182
HistGradientBoosting,0.446,0.9882847433375067,1.0,0.9941078576890209,0.9882847433375067,0,131,0,11051,11182
HistGradientBoosting,0.447,0.9882847433375067,1.0,0.9941078576890209,0.9882847433375067,0,131,0,11051,11182
HistGradientBoosting,0.448,0.9882847433375067,1.0,0.9941078576890209,0.9882847433375067,0,131,0,11051,11182
HistGradientBoosting,0.449,0.9882847433375067,1.0,0.9941078576890209,0.9882847433375067,0,131,0,11051,11182
HistGradientBoosting,0.45,0.9882847433375067,1.0,0.9941078576890209,0.9882847433375067,0,131,0,11051,11182
HistGradientBoosting,0.451,0.9882847433375067,1.0,0.9941078576890209,0.9882847433375067,0,131,0,11051,11182
HistGradientBoosting,0.452,0.9882847433375067,1.0,0.9941078576890209,0.9882847433375067,0,131,0,11051,11182
HistGradientBoosting,0.453,0.9882847433375067,1.0,0.9941078576890209,0.9882847433375067,0,131,0,11051,11182
HistGradientBoosting,0.454,0.9882847433375067,1.0,0.9941078576890209,0.9882847433375067,0,131,0,11051,11182
HistGradientBoosting,0.455,0.9882847433375067,1.0,0.9941078576890209,0.9882847433375067,0,131,0,11051,11182
HistGradientBoosting,0.456,0.9882847433375067,1.0,0.9941078576890209,0.9882847433375067,0,131,0,11051,11182
HistGradientBoosting,0.457,0.9882847433375067,1.0,0.9941078576890209,0.9882847433375067,0,131,0,11051,11182
HistGradientBoosting,0.458,0.9882847433375067,1.0,0.9941078576890209,0.9882847433375067,0,131,0,11051,11182
HistGradientBoosting,0.459,0.9882847433375067,1.0,0.9941078576890209,0.9882847433375067,0,131,0,11051,11182
HistGradientBoosting,0.46,0.9882847433375067,1.0,0.9941078576890209,0.9882847433375067,0,131,0,11051,11182
HistGradientBoosting,0.461,0.9882847433375067,1.0,0.9941078576890209,0.9882847433375067,0,131,0,11051,11182
HistGradientBoosting,0.462,0.9882847433375067,1.0,0.9941078576890209,0.9882847433375067,0,131,0,11051,11182
HistGradientBoosting,0.463,0.9882847433375067,1.0,0.9941078576890209,0.9882847433375067,0,131,0,11051,11182
HistGradientBoosting,0.464,0.9882847433375067,1.0,0.9941078576890209,0.9882847433375067,0,131,0,11051,11182
HistGradientBoosting,0.465,0.9882847433375067,1.0,0.9941078576890209,0.9882847433375067,0,131,0,11051,11182
HistGradientBoosting,0.466,0.9882847433375067,1.0,0.9941078576890209,0.9882847433375067,0,131,0,11051,11182
HistGradientBoosting,0.467,0.9882847433375067,1.0,0.9941078576890209,0.9882847433375067,0,131,0,11051,11182
HistGradientBoosting,0.468,0.9882847433375067,1.0,0.9941078576890209,0.9882847433375067,0,131,0,11051,11182
HistGradientBoosting,0.469,0.9882847433375067,1.0,0.9941078576890209,0.9882847433375067,0,131,0,11051,11182
HistGradientBoosting,0.47,0.9882847433375067,1.0,0.9941078576890209,0.9882847433375067,0,131,0,11051,11182
HistGradientBoosting,0.471,0.9882847433375067,1.0,0.9941078576890209,0.9882847433375067,0,131,0,11051,11182
HistGradientBoosting,0.472,0.9882847433375067,1.0,0.9941078576890209,0.9882847433375067,0,131,0,11051,11182
HistGradientBoosting,0.473,0.9882847433375067,1.0,0.9941078576890209,0.9882847433375067,0,131,0,11051,11182
HistGradientBoosting,0.474,0.9882847433375067,1.0,0.9941078576890209,0.9882847433375067,0,131,0,11051,11182
HistGradientBoosting,0.475,0.9882847433375067,1.0,0.9941078576890209,0.9882847433375067,0,131,0,11051,11182
HistGradientBoosting,0.476,0.9882847433375067,1.0,0.9941078576890209,0.9882847433375067,0,131,0,11051,11182
HistGradientBoosting,0.477,0.9882847433375067,1.0,0.9941078576890209,0.9882847433375067,0,131,0,11051,11182
HistGradientBoosting,0.478,0.9882847433375067,1.0,0.9941078576890209,0.9882847433375067,0,131,0,11051,11182
HistGradientBoosting,0.479,0.9882847433375067,1.0,0.9941078576890209,0.9882847433375067,0,131,0,11051,11182
HistGradientBoosting,0.48,0.9882847433375067,1.0,0.9941078576890209,0.9882847433375067,0,131,0,11051,11182
HistGradientBoosting,0.481,0.9882847433375067,1.0,0.9941078576890209,0.9882847433375067,0,131,0,11051,11182
HistGradientBoosting,0.482,0.9882847433375067,1.0,0.9941078576890209,0.9882847433375067,0,131,0,11051,11182
HistGradientBoosting,0.483,0.9882847433375067,1.0,0.9941078576890209,0.9882847433375067,0,131,0,11051,11182
HistGradientBoosting,0.484,0.9882847433375067,1.0,0.9941078576890209,0.9882847433375067,0,131,0,11051,11182
HistGradientBoosting,0.485,0.9882847433375067,1.0,0.9941078576890209,0.9882847433375067,0,131,0,11051,11182
HistGradientBoosting,0.486,0.9882847433375067,1.0,0.9941078576890209,0.9882847433375067,0,131,0,11051,11182
HistGradientBoosting,0.487,0.9882847433375067,1.0,0.9941078576890209,0.9882847433375067,0,131,0,11051,11182
HistGradientBoosting,0.488,0.9882847433375067,1.0,0.9941078576890209,0.9882847433375067,0,131,0,11051,11182
HistGradientBoosting,0.489,0.9882847433375067,1.0,0.9941078576890209,0.9882847433375067,0,131,0,11051,11182
HistGradientBoosting,0.49,0.9882847433375067,1.0,0.9941078576890209,0.9882847433375067,0,131,0,11051,11182
HistGradientBoosting,0.491,0.9882847433375067,1.0,0.9941078576890209,0.9882847433375067,0,131,0,11051,11182
HistGradientBoosting,0.492,0.9882847433375067,1.0,0.9941078576890209,0.9882847433375067,0,131,0,11051,11182
HistGradientBoosting,0.493,0.9882847433375067,1.0,0.9941078576890209,0.9882847433375067,0,131,0,11051,11182
HistGradientBoosting,0.494,0.9882847433375067,1.0,0.9941078576890209,0.9882847433375067,0,131,0,11051,11182
HistGradientBoosting,0.495,0.9882847433375067,1.0,0.9941078576890209,0.9882847433375067,0,131,0,11051,11182
HistGradientBoosting,0.496,0.9882847433375067,1.0,0.9941078576890209,0.9882847433375067,0,131,0,11051,11182
HistGradientBoosting,0.497,0.9882847433375067,1.0,0.9941078576890209,0.9882847433375067,0,131,0,11051,11182
HistGradientBoosting,0.498,0.9882847433375067,1.0,0.9941078576890209,0.9882847433375067,0,131,0,11051,11182
HistGradientBoosting,0.499,0.9882847433375067,1.0,0.9941078576890209,0.9882847433375067,0,131,0,11051,11182
HistGradientBoosting,0.5,0.9882847433375067,1.0,0.9941078576890209,0.9882847433375067,0,131,0,11051,11182
HistGradientBoosting,0.501,0.9882847433375067,1.0,0.9941078576890209,0.9882847433375067,0,131,0,11051,11182
HistGradientBoosting,0.502,0.9882847433375067,1.0,0.9941078576890209,0.9882847433375067,0,131,0,11051,11182
HistGradientBoosting,0.503,0.9882847433375067,1.0,0.9941078576890209,0.9882847433375067,0,131,0,11051,11182
HistGradientBoosting,0.504,0.9882847433375067,1.0,0.9941078576890209,0.9882847433375067,0,131,0,11051,11182
HistGradientBoosting,0.505,0.9882847433375067,1.0,0.9941078576890209,0.9882847433375067,0,131,0,11051,11182
HistGradientBoosting,0.506,0.9882847433375067,1.0,0.9941078576890209,0.9882847433375067,0,131,0,11051,11182
HistGradientBoosting,0.507,0.9882847433375067,1.0,0.9941078576890209,0.9882847433375067,0,131,0,11051,11182
HistGradientBoosting,0.508,0.9882847433375067,1.0,0.9941078576890209,0.9882847433375067,0,131,0,11051,11182
HistGradientBoosting,0.509,0.9882847433375067,1.0,0.9941078576890209,0.9882847433375067,0,131,0,11051,11182
HistGradientBoosting,0.51,0.9882847433375067,1.0,0.9941078576890209,0.9882847433375067,0,131,0,11051,11182
HistGradientBoosting,0.511,0.9882847433375067,1.0,0.9941078576890209,0.9882847433375067,0,131,0,11051,11182
HistGradientBoosting,0.512,0.9882847433375067,1.0,0.9941078576890209,0.9882847433375067,0,131,0,11051,11182
HistGradientBoosting,0.513,0.9882847433375067,1.0,0.9941078576890209,0.9882847433375067,0,131,0,11051,11182
HistGradientBoosting,0.514,0.9882847433375067,1.0,0.9941078576890209,0.9882847433375067,0,131,0,11051,11182
HistGradientBoosting,0.515,0.9882847433375067,1.0,0.9941078576890209,0.9882847433375067,0,131,0,11051,11182
HistGradientBoosting,0.516,0.9882847433375067,1.0,0.9941078576890209,0.9882847433375067,0,131,0,11051,11182
HistGradientBoosting,0.517,0.9882847433375067,1.0,0.9941078576890209,0.9882847433375067,0,131,0,11051,11182
HistGradientBoosting,0.518,0.9882847433375067,1.0,0.9941078576890209,0.9882847433375067,0,131,0,11051,11182
HistGradientBoosting,0.519,0.9882847433375067,1.0,0.9941078576890209,0.9882847433375067,0,131,0,11051,11182
HistGradientBoosting,0.52,0.9882847433375067,1.0,0.9941078576890209,0.9882847433375067,0,131,0,11051,11182
HistGradientBoosting,0.521,0.9882847433375067,1.0,0.9941078576890209,0.9882847433375067,0,131,0,11051,11182
HistGradientBoosting,0.522,0.9882847433375067,1.0,0.9941078576890209,0.9882847433375067,0,131,0,11051,11182
HistGradientBoosting,0.523,0.9882847433375067,1.0,0.9941078576890209,0.9882847433375067,0,131,0,11051,11182
HistGradientBoosting,0.524,0.9882847433375067,1.0,0.9941078576890209,0.9882847433375067,0,131,0,11051,11182
HistGradientBoosting,0.525,0.9882847433375067,1.0,0.9941078576890209,0.9882847433375067,0,131,0,11051,11182
HistGradientBoosting,0.526,0.9882847433375067,1.0,0.9941078576890209,0.9882847433375067,0,131,0,11051,11182
HistGradientBoosting,0.527,0.9882847433375067,1.0,0.9941078576890209,0.9882847433375067,0,131,0,11051,11182
HistGradientBoosting,0.528,0.9882847433375067,1.0,0.9941078576890209,0.9882847433375067,0,131,0,11051,11182
HistGradientBoosting,0.529,0.9882847433375067,1.0,0.9941078576890209,0.9882847433375067,0,131,0,11051,11182
HistGradientBoosting,0.53,0.9882847433375067,1.0,0.9941078576890209,0.9882847433375067,0,131,0,11051,11182
HistGradientBoosting,0.531,0.9882847433375067,1.0,0.9941078576890209,0.9882847433375067,0,131,0,11051,11182
HistGradientBoosting,0.532,0.9882847433375067,1.0,0.9941078576890209,0.9882847433375067,0,131,0,11051,11182
HistGradientBoosting,0.533,0.9882847433375067,1.0,0.9941078576890209,0.9882847433375067,0,131,0,11051,11182
HistGradientBoosting,0.534,0.9882847433375067,1.0,0.9941078576890209,0.9882847433375067,0,131,0,11051,11182
HistGradientBoosting,0.535,0.9882847433375067,1.0,0.9941078576890209,0.9882847433375067,0,131,0,11051,11182
HistGradientBoosting,0.536,0.9882847433375067,1.0,0.9941078576890209,0.9882847433375067,0,131,0,11051,11182
HistGradientBoosting,0.537,0.9882847433375067,1.0,0.9941078576890209,0.9882847433375067,0,131,0,11051,11182
HistGradientBoosting,0.538,0.9882847433375067,1.0,0.9941078576890209,0.9882847433375067,0,131,0,11051,11182
HistGradientBoosting,0.539,0.9882847433375067,1.0,0.9941078576890209,0.9882847433375067,0,131,0,11051,11182
HistGradientBoosting,0.54,0.9882847433375067,1.0,0.9941078576890209,0.9882847433375067,0,131,0,11051,11182
HistGradientBoosting,0.541,0.9882847433375067,1.0,0.9941078576890209,0.9882847433375067,0,131,0,11051,11182
HistGradientBoosting,0.542,0.9882847433375067,1.0,0.9941078576890209,0.9882847433375067,0,131,0,11051,11182
HistGradientBoosting,0.543,0.9882847433375067,1.0,0.9941078576890209,0.9882847433375067,0,131,0,11051,11182
HistGradientBoosting,0.544,0.9882847433375067,1.0,0.9941078576890209,0.9882847433375067,0,131,0,11051,11182
HistGradientBoosting,0.545,0.9882847433375067,1.0,0.9941078576890209,0.9882847433375067,0,131,0,11051,11182
HistGradientBoosting,0.546,0.9882847433375067,1.0,0.9941078576890209,0.9882847433375067,0,131,0,11051,11182
HistGradientBoosting,0.547,0.9882847433375067,1.0,0.9941078576890209,0.9882847433375067,0,131,0,11051,11182
HistGradientBoosting,0.548,0.9882847433375067,1.0,0.9941078576890209,0.9882847433375067,0,131,0,11051,11182
HistGradientBoosting,0.549,0.9882847433375067,1.0,0.9941078576890209,0.9882847433375067,0,131,0,11051,11182
HistGradientBoosting,0.55,0.9882847433375067,1.0,0.9941078576890209,0.9882847433375067,0,131,0,11051,11182
HistGradientBoosting,0.551,0.9882847433375067,1.0,0.9941078576890209,0.9882847433375067,0,131,0,11051,11182
HistGradientBoosting,0.552,0.9882847433375067,1.0,0.9941078576890209,0.9882847433375067,0,131,0,11051,11182
HistGradientBoosting,0.553,0.9882847433375067,1.0,0.9941078576890209,0.9882847433375067,0,131,0,11051,11182
HistGradientBoosting,0.554,0.9882847433375067,1.0,0.9941078576890209,0.9882847433375067,0,131,0,11051,11182
HistGradientBoosting,0.555,0.9882847433375067,1.0,0.9941078576890209,0.9882847433375067,0,131,0,11051,11182
HistGradientBoosting,0.556,0.9882847433375067,1.0,0.9941078576890209,0.9882847433375067,0,131,0,11051,11182
HistGradientBoosting,0.557,0.9882847433375067,1.0,0.9941078576890209,0.9882847433375067,0,131,0,11051,11182
HistGradientBoosting,0.558,0.9882847433375067,1.0,0.9941078576890209,0.9882847433375067,0,131,0,11051,11182
HistGradientBoosting,0.559,0.9882847433375067,1.0,0.9941078576890209,0.9882847433375067,0,131,0,11051,11182
HistGradientBoosting,0.56,0.9882847433375067,1.0,0.9941078576890209,0.9882847433375067,0,131,0,11051,11182
HistGradientBoosting,0.561,0.9882847433375067,1.0,0.9941078576890209,0.9882847433375067,0,131,0,11051,11182
HistGradientBoosting,0.562,0.9882847433375067,1.0,0.9941078576890209,0.9882847433375067,0,131,0,11051,11182
HistGradientBoosting,0.563,0.9882847433375067,1.0,0.9941078576890209,0.9882847433375067,0,131,0,11051,11182
HistGradientBoosting,0.564,0.9882847433375067,1.0,0.9941078576890209,0.9882847433375067,0,131,0,11051,11182
HistGradientBoosting,0.565,0.9882847433375067,1.0,0.9941078576890209,0.9882847433375067,0,131,0,11051,11182
HistGradientBoosting,0.566,0.9882847433375067,1.0,0.9941078576890209,0.9882847433375067,0,131,0,11051,11182
HistGradientBoosting,0.567,0.9882847433375067,1.0,0.9941078576890209,0.9882847433375067,0,131,0,11051,11182
HistGradientBoosting,0.568,0.9882847433375067,1.0,0.9941078576890209,0.9882847433375067,0,131,0,11051,11182
HistGradientBoosting,0.569,0.9882847433375067,1.0,0.9941078576890209,0.9882847433375067,0,131,0,11051,11182
HistGradientBoosting,0.57,0.9882847433375067,1.0,0.9941078576890209,0.9882847433375067,0,131,0,11051,11182
HistGradientBoosting,0.571,0.9882847433375067,1.0,0.9941078576890209,0.9882847433375067,0,131,0,11051,11182
HistGradientBoosting,0.572,0.9882847433375067,1.0,0.9941078576890209,0.9882847433375067,0,131,0,11051,11182
HistGradientBoosting,0.573,0.9882847433375067,1.0,0.9941078576890209,0.9882847433375067,0,131,0,11051,11182
HistGradientBoosting,0.574,0.9882847433375067,1.0,0.9941078576890209,0.9882847433375067,0,131,0,11051,11182
HistGradientBoosting,0.575,0.9882847433375067,1.0,0.9941078576890209,0.9882847433375067,0,131,0,11051,11182
HistGradientBoosting,0.576,0.9882847433375067,1.0,0.9941078576890209,0.9882847433375067,0,131,0,11051,11182
HistGradientBoosting,0.577,0.9882847433375067,1.0,0.9941078576890209,0.9882847433375067,0,131,0,11051,11182
HistGradientBoosting,0.578,0.9882847433375067,1.0,0.9941078576890209,0.9882847433375067,0,131,0,11051,11182
HistGradientBoosting,0.579,0.9882847433375067,1.0,0.9941078576890209,0.9882847433375067,0,131,0,11051,11182
HistGradientBoosting,0.58,0.9882847433375067,1.0,0.9941078576890209,0.9882847433375067,0,131,0,11051,11182
HistGradientBoosting,0.581,0.9882847433375067,1.0,0.9941078576890209,0.9882847433375067,0,131,0,11051,11182
HistGradientBoosting,0.582,0.9882847433375067,1.0,0.9941078576890209,0.9882847433375067,0,131,0,11051,11182
HistGradientBoosting,0.583,0.9882847433375067,1.0,0.9941078576890209,0.9882847433375067,0,131,0,11051,11182
HistGradientBoosting,0.584,0.9882847433375067,1.0,0.9941078576890209,0.9882847433375067,0,131,0,11051,11182
HistGradientBoosting,0.585,0.9882847433375067,1.0,0.9941078576890209,0.9882847433375067,0,131,0,11051,11182
HistGradientBoosting,0.586,0.9882847433375067,1.0,0.9941078576890209,0.9882847433375067,0,131,0,11051,11182
HistGradientBoosting,0.587,0.9882847433375067,1.0,0.9941078576890209,0.9882847433375067,0,131,0,11051,11182
HistGradientBoosting,0.588,0.9882847433375067,1.0,0.9941078576890209,0.9882847433375067,0,131,0,11051,11182
HistGradientBoosting,0.589,0.9882847433375067,1.0,0.9941078576890209,0.9882847433375067,0,131,0,11051,11182
HistGradientBoosting,0.59,0.9882847433375067,1.0,0.9941078576890209,0.9882847433375067,0,131,0,11051,11182
HistGradientBoosting,0.591,0.9882847433375067,1.0,0.9941078576890209,0.9882847433375067,0,131,0,11051,11182
HistGradientBoosting,0.592,0.9882847433375067,1.0,0.9941078576890209,0.9882847433375067,0,131,0,11051,11182
HistGradientBoosting,0.593,0.9882847433375067,1.0,0.9941078576890209,0.9882847433375067,0,131,0,11051,11182
HistGradientBoosting,0.594,0.9882847433375067,1.0,0.9941078576890209,0.9882847433375067,0,131,0,11051,11182
HistGradientBoosting,0.595,0.9882847433375067,1.0,0.9941078576890209,0.9882847433375067,0,131,0,11051,11182
HistGradientBoosting,0.596,0.9882847433375067,1.0,0.9941078576890209,0.9882847433375067,0,131,0,11051,11182
HistGradientBoosting,0.597,0.9882847433375067,1.0,0.9941078576890209,0.9882847433375067,0,131,0,11051,11182
HistGradientBoosting,0.598,0.9882847433375067,1.0,0.9941078576890209,0.9882847433375067,0,131,0,11051,11182
HistGradientBoosting,0.599,0.9882847433375067,1.0,0.9941078576890209,0.9882847433375067,0,131,0,11051,11182
HistGradientBoosting,0.6,0.9882847433375067,1.0,0.9941078576890209,0.9882847433375067,0,131,0,11051,11182
HistGradientBoosting,0.601,0.9882847433375067,1.0,0.9941078576890209,0.9882847433375067,0,131,0,11051,11182
HistGradientBoosting,0.602,0.9882847433375067,1.0,0.9941078576890209,0.9882847433375067,0,131,0,11051,11182
HistGradientBoosting,0.603,0.9882847433375067,1.0,0.9941078576890209,0.9882847433375067,0,131,0,11051,11182
HistGradientBoosting,0.604,0.9882847433375067,1.0,0.9941078576890209,0.9882847433375067,0,131,0,11051,11182
HistGradientBoosting,0.605,0.9882847433375067,1.0,0.9941078576890209,0.9882847433375067,0,131,0,11051,11182
HistGradientBoosting,0.606,0.9882847433375067,1.0,0.9941078576890209,0.9882847433375067,0,131,0,11051,11182
HistGradientBoosting,0.607,0.9882847433375067,1.0,0.9941078576890209,0.9882847433375067,0,131,0,11051,11182
HistGradientBoosting,0.608,0.9882847433375067,1.0,0.9941078576890209,0.9882847433375067,0,131,0,11051,11182
HistGradientBoosting,0.609,0.9882847433375067,1.0,0.9941078576890209,0.9882847433375067,0,131,0,11051,11182
HistGradientBoosting,0.61,0.9882847433375067,1.0,0.9941078576890209,0.9882847433375067,0,131,0,11051,11182
HistGradientBoosting,0.611,0.9882847433375067,1.0,0.9941078576890209,0.9882847433375067,0,131,0,11051,11182
HistGradientBoosting,0.612,0.9882847433375067,1.0,0.9941078576890209,0.9882847433375067,0,131,0,11051,11182
HistGradientBoosting,0.613,0.9882847433375067,1.0,0.9941078576890209,0.9882847433375067,0,131,0,11051,11182
HistGradientBoosting,0.614,0.9882847433375067,1.0,0.9941078576890209,0.9882847433375067,0,131,0,11051,11182
HistGradientBoosting,0.615,0.9882847433375067,1.0,0.9941078576890209,0.9882847433375067,0,131,0,11051,11182
HistGradientBoosting,0.616,0.9882847433375067,1.0,0.9941078576890209,0.9882847433375067,0,131,0,11051,11182
HistGradientBoosting,0.617,0.9882847433375067,1.0,0.9941078576890209,0.9882847433375067,0,131,0,11051,11182
HistGradientBoosting,0.618,0.9882847433375067,1.0,0.9941078576890209,0.9882847433375067,0,131,0,11051,11182
HistGradientBoosting,0.619,0.9882847433375067,1.0,0.9941078576890209,0.9882847433375067,0,131,0,11051,11182
HistGradientBoosting,0.62,0.9882847433375067,1.0,0.9941078576890209,0.9882847433375067,0,131,0,11051,11182
HistGradientBoosting,0.621,0.9882847433375067,1.0,0.9941078576890209,0.9882847433375067,0,131,0,11051,11182
HistGradientBoosting,0.622,0.9882847433375067,1.0,0.9941078576890209,0.9882847433375067,0,131,0,11051,11182
HistGradientBoosting,0.623,0.9882836955549593,0.9999095104515429,0.9940626124505217,0.988195313897335,0,131,1,11050,11181
HistGradientBoosting,0.624,0.9882836955549593,0.9999095104515429,0.9940626124505217,0.988195313897335,0,131,1,11050,11181
HistGradientBoosting,0.625,0.9882836955549593,0.9999095104515429,0.9940626124505217,0.988195313897335,0,131,1,11050,11181
HistGradientBoosting,0.626,0.9882836955549593,0.9999095104515429,0.9940626124505217,0.988195313897335,0,131,1,11050,11181
HistGradientBoosting,0.627,0.9882836955549593,0.9999095104515429,0.9940626124505217,0.988195313897335,0,131,1,11050,11181
HistGradientBoosting,0.628,0.9882836955549593,0.9999095104515429,0.9940626124505217,0.988195313897335,0,131,1,11050,11181
HistGradientBoosting,0.629,0.9882836955549593,0.9999095104515429,0.9940626124505217,0.988195313897335,0,131,1,11050,11181
HistGradientBoosting,0.63,0.9882836955549593,0.9999095104515429,0.9940626124505217,0.988195313897335,0,131,1,11050,11181
HistGradientBoosting,0.631,0.9882836955549593,0.9999095104515429,0.9940626124505217,0.988195313897335,0,131,1,11050,11181
HistGradientBoosting,0.632,0.9882836955549593,0.9999095104515429,0.9940626124505217,0.988195313897335,0,131,1,11050,11181
HistGradientBoosting,0.633,0.9882836955549593,0.9999095104515429,0.9940626124505217,0.988195313897335,0,131,1,11050,11181
HistGradientBoosting,0.634,0.9882836955549593,0.9999095104515429,0.9940626124505217,0.988195313897335,0,131,1,11050,11181
HistGradientBoosting,0.635,0.9882836955549593,0.9999095104515429,0.9940626124505217,0.988195313897335,0,131,1,11050,11181
HistGradientBoosting,0.636,0.9882836955549593,0.9999095104515429,0.9940626124505217,0.988195313897335,0,131,1,11050,11181
HistGradientBoosting,0.637,0.9882836955549593,0.9999095104515429,0.9940626124505217,0.988195313897335,0,131,1,11050,11181
HistGradientBoosting,0.638,0.9882836955549593,0.9999095104515429,0.9940626124505217,0.988195313897335,0,131,1,11050,11181
HistGradientBoosting,0.639,0.9882836955549593,0.9999095104515429,0.9940626124505217,0.988195313897335,0,131,1,11050,11181
HistGradientBoosting,0.64,0.9882836955549593,0.9999095104515429,0.9940626124505217,0.988195313897335,0,131,1,11050,11181
HistGradientBoosting,0.641,0.9882836955549593,0.9999095104515429,0.9940626124505217,0.988195313897335,0,131,1,11050,11181
HistGradientBoosting,0.642,0.9882836955549593,0.9999095104515429,0.9940626124505217,0.988195313897335,0,131,1,11050,11181
HistGradientBoosting,0.643,0.9882836955549593,0.9999095104515429,0.9940626124505217,0.988195313897335,0,131,1,11050,11181
HistGradientBoosting,0.644,0.9882836955549593,0.9999095104515429,0.9940626124505217,0.988195313897335,0,131,1,11050,11181
HistGradientBoosting,0.645,0.9882836955549593,0.9999095104515429,0.9940626124505217,0.988195313897335,0,131,1,11050,11181
HistGradientBoosting,0.646,0.9882836955549593,0.9999095104515429,0.9940626124505217,0.988195313897335,0,131,1,11050,11181
HistGradientBoosting,0.647,0.9882836955549593,0.9999095104515429,0.9940626124505217,0.988195313897335,0,131,1,11050,11181
HistGradientBoosting,0.648,0.9882836955549593,0.9999095104515429,0.9940626124505217,0.988195313897335,0,131,1,11050,11181
HistGradientBoosting,0.649,0.9883720930232558,0.9999095104515429,0.9941073276055958,0.9882847433375067,1,130,1,11050,11180
HistGradientBoosting,0.65,0.9883720930232558,0.9999095104515429,0.9941073276055958,0.9882847433375067,1,130,1,11050,11180
HistGradientBoosting,0.651,0.9883720930232558,0.9999095104515429,0.9941073276055958,0.9882847433375067,1,130,1,11050,11180
HistGradientBoosting,0.652,0.9883720930232558,0.9999095104515429,0.9941073276055958,0.9882847433375067,1,130,1,11050,11180
HistGradientBoosting,0.653,0.9883720930232558,0.9999095104515429,0.9941073276055958,0.9882847433375067,1,130,1,11050,11180
HistGradientBoosting,0.654,0.9883720930232558,0.9999095104515429,0.9941073276055958,0.9882847433375067,1,130,1,11050,11180
HistGradientBoosting,0.655,0.9883720930232558,0.9999095104515429,0.9941073276055958,0.9882847433375067,1,130,1,11050,11180
HistGradientBoosting,0.656,0.9883720930232558,0.9999095104515429,0.9941073276055958,0.9882847433375067,1,130,1,11050,11180
HistGradientBoosting,0.657,0.9883720930232558,0.9999095104515429,0.9941073276055958,0.9882847433375067,1,130,1,11050,11180
HistGradientBoosting,0.658,0.9883720930232558,0.9999095104515429,0.9941073276055958,0.9882847433375067,1,130,1,11050,11180
HistGradientBoosting,0.659,0.9883720930232558,0.9999095104515429,0.9941073276055958,0.9882847433375067,1,130,1,11050,11180
HistGradientBoosting,0.66,0.9883720930232558,0.9999095104515429,0.9941073276055958,0.9882847433375067,1,130,1,11050,11180
HistGradientBoosting,0.661,0.9883720930232558,0.9999095104515429,0.9941073276055958,0.9882847433375067,1,130,1,11050,11180
HistGradientBoosting,0.662,0.9883720930232558,0.9999095104515429,0.9941073276055958,0.9882847433375067,1,130,1,11050,11180
HistGradientBoosting,0.663,0.9883720930232558,0.9999095104515429,0.9941073276055958,0.9882847433375067,1,130,1,11050,11180
HistGradientBoosting,0.664,0.9883720930232558,0.9999095104515429,0.9941073276055958,0.9882847433375067,1,130,1,11050,11180
HistGradientBoosting,0.665,0.9883720930232558,0.9999095104515429,0.9941073276055958,0.9882847433375067,1,130,1,11050,11180
HistGradientBoosting,0.666,0.9883720930232558,0.9999095104515429,0.9941073276055958,0.9882847433375067,1,130,1,11050,11180
HistGradientBoosting,0.667,0.9883720930232558,0.9999095104515429,0.9941073276055958,0.9882847433375067,1,130,1,11050,11180
HistGradientBoosting,0.668,0.9883720930232558,0.9999095104515429,0.9941073276055958,0.9882847433375067,1,130,1,11050,11180
HistGradientBoosting,0.669,0.9883720930232558,0.9999095104515429,0.9941073276055958,0.9882847433375067,1,130,1,11050,11180
HistGradientBoosting,0.67,0.9883720930232558,0.9999095104515429,0.9941073276055958,0.9882847433375067,1,130,1,11050,11180
HistGradientBoosting,0.671,0.9883720930232558,0.9999095104515429,0.9941073276055958,0.9882847433375067,1,130,1,11050,11180
HistGradientBoosting,0.672,0.9883720930232558,0.9999095104515429,0.9941073276055958,0.9882847433375067,1,130,1,11050,11180
HistGradientBoosting,0.673,0.9883720930232558,0.9999095104515429,0.9941073276055958,0.9882847433375067,1,130,1,11050,11180
HistGradientBoosting,0.674,0.9883720930232558,0.9999095104515429,0.9941073276055958,0.9882847433375067,1,130,1,11050,11180
HistGradientBoosting,0.675,0.9883720930232558,0.9999095104515429,0.9941073276055958,0.9882847433375067,1,130,1,11050,11180
HistGradientBoosting,0.676,0.9883720930232558,0.9999095104515429,0.9941073276055958,0.9882847433375067,1,130,1,11050,11180
HistGradientBoosting,0.677,0.9883720930232558,0.9999095104515429,0.9941073276055958,0.9882847433375067,1,130,1,11050,11180
HistGradientBoosting,0.678,0.9883720930232558,0.9999095104515429,0.9941073276055958,0.9882847433375067,1,130,1,11050,11180
HistGradientBoosting,0.679,0.9883720930232558,0.9999095104515429,0.9941073276055958,0.9882847433375067,1,130,1,11050,11180
HistGradientBoosting,0.68,0.9883720930232558,0.9999095104515429,0.9941073276055958,0.9882847433375067,1,130,1,11050,11180
HistGradientBoosting,0.681,0.9883720930232558,0.9999095104515429,0.9941073276055958,0.9882847433375067,1,130,1,11050,11180
HistGradientBoosting,0.682,0.9883720930232558,0.9999095104515429,0.9941073276055958,0.9882847433375067,1,130,1,11050,11180
HistGradientBoosting,0.683,0.9883720930232558,0.9999095104515429,0.9941073276055958,0.9882847433375067,1,130,1,11050,11180
HistGradientBoosting,0.684,0.9883720930232558,0.9999095104515429,0.9941073276055958,0.9882847433375067,1,130,1,11050,11180
HistGradientBoosting,0.685,0.9883720930232558,0.9999095104515429,0.9941073276055958,0.9882847433375067,1,130,1,11050,11180
HistGradientBoosting,0.686,0.9883720930232558,0.9999095104515429,0.9941073276055958,0.9882847433375067,1,130,1,11050,11180
HistGradientBoosting,0.687,0.9883720930232558,0.9999095104515429,0.9941073276055958,0.9882847433375067,1,130,1,11050,11180
HistGradientBoosting,0.688,0.9883720930232558,0.9999095104515429,0.9941073276055958,0.9882847433375067,1,130,1,11050,11180
HistGradientBoosting,0.689,0.9883720930232558,0.9999095104515429,0.9941073276055958,0.9882847433375067,1,130,1,11050,11180
HistGradientBoosting,0.69,0.9883720930232558,0.9999095104515429,0.9941073276055958,0.9882847433375067,1,130,1,11050,11180
HistGradientBoosting,0.691,0.9883720930232558,0.9999095104515429,0.9941073276055958,0.9882847433375067,1,130,1,11050,11180
HistGradientBoosting,0.692,0.9883720930232558,0.9999095104515429,0.9941073276055958,0.9882847433375067,1,130,1,11050,11180
HistGradientBoosting,0.693,0.9883720930232558,0.9999095104515429,0.9941073276055958,0.9882847433375067,1,130,1,11050,11180
HistGradientBoosting,0.694,0.9883720930232558,0.9999095104515429,0.9941073276055958,0.9882847433375067,1,130,1,11050,11180
HistGradientBoosting,0.695,0.9883720930232558,0.9999095104515429,0.9941073276055958,0.9882847433375067,1,130,1,11050,11180
HistGradientBoosting,0.696,0.9883720930232558,0.9999095104515429,0.9941073276055958,0.9882847433375067,1,130,1,11050,11180
HistGradientBoosting,0.697,0.9883720930232558,0.9999095104515429,0.9941073276055958,0.9882847433375067,1,130,1,11050,11180
HistGradientBoosting,0.698,0.9883720930232558,0.9999095104515429,0.9941073276055958,0.9882847433375067,1,130,1,11050,11180
HistGradientBoosting,0.699,0.9883720930232558,0.9999095104515429,0.9941073276055958,0.9882847433375067,1,130,1,11050,11180
HistGradientBoosting,0.7,0.9883720930232558,0.9999095104515429,0.9941073276055958,0.9882847433375067,1,130,1,11050,11180
HistGradientBoosting,0.701,0.9883720930232558,0.9999095104515429,0.9941073276055958,0.9882847433375067,1,130,1,11050,11180
HistGradientBoosting,0.702,0.9883720930232558,0.9999095104515429,0.9941073276055958,0.9882847433375067,1,130,1,11050,11180
HistGradientBoosting,0.703,0.9883720930232558,0.9999095104515429,0.9941073276055958,0.9882847433375067,1,130,1,11050,11180
HistGradientBoosting,0.704,0.9883720930232558,0.9999095104515429,0.9941073276055958,0.9882847433375067,1,130,1,11050,11180
HistGradientBoosting,0.705,0.9883720930232558,0.9999095104515429,0.9941073276055958,0.9882847433375067,1,130,1,11050,11180
HistGradientBoosting,0.706,0.9883720930232558,0.9999095104515429,0.9941073276055958,0.9882847433375067,1,130,1,11050,11180
HistGradientBoosting,0.707,0.9883720930232558,0.9999095104515429,0.9941073276055958,0.9882847433375067,1,130,1,11050,11180
HistGradientBoosting,0.708,0.9883720930232558,0.9999095104515429,0.9941073276055958,0.9882847433375067,1,130,1,11050,11180
HistGradientBoosting,0.709,0.9883720930232558,0.9999095104515429,0.9941073276055958,0.9882847433375067,1,130,1,11050,11180
HistGradientBoosting,0.71,0.9883720930232558,0.9999095104515429,0.9941073276055958,0.9882847433375067,1,130,1,11050,11180
HistGradientBoosting,0.711,0.9883720930232558,0.9999095104515429,0.9941073276055958,0.9882847433375067,1,130,1,11050,11180
HistGradientBoosting,0.712,0.9883720930232558,0.9999095104515429,0.9941073276055958,0.9882847433375067,1,130,1,11050,11180
HistGradientBoosting,0.713,0.9883720930232558,0.9999095104515429,0.9941073276055958,0.9882847433375067,1,130,1,11050,11180
HistGradientBoosting,0.714,0.9883720930232558,0.9999095104515429,0.9941073276055958,0.9882847433375067,1,130,1,11050,11180
HistGradientBoosting,0.715,0.9883720930232558,0.9999095104515429,0.9941073276055958,0.9882847433375067,1,130,1,11050,11180
HistGradientBoosting,0.716,0.9883720930232558,0.9999095104515429,0.9941073276055958,0.9882847433375067,1,130,1,11050,11180
HistGradientBoosting,0.717,0.9883720930232558,0.9999095104515429,0.9941073276055958,0.9882847433375067,1,130,1,11050,11180
HistGradientBoosting,0.718,0.9883720930232558,0.9999095104515429,0.9941073276055958,0.9882847433375067,1,130,1,11050,11180
HistGradientBoosting,0.719,0.9883720930232558,0.9999095104515429,0.9941073276055958,0.9882847433375067,1,130,1,11050,11180
HistGradientBoosting,0.72,0.9883720930232558,0.9999095104515429,0.9941073276055958,0.9882847433375067,1,130,1,11050,11180
HistGradientBoosting,0.721,0.9883720930232558,0.9999095104515429,0.9941073276055958,0.9882847433375067,1,130,1,11050,11180
HistGradientBoosting,0.722,0.9883720930232558,0.9999095104515429,0.9941073276055958,0.9882847433375067,1,130,1,11050,11180
HistGradientBoosting,0.723,0.9883720930232558,0.9999095104515429,0.9941073276055958,0.9882847433375067,1,130,1,11050,11180
HistGradientBoosting,0.724,0.9883720930232558,0.9999095104515429,0.9941073276055958,0.9882847433375067,1,130,1,11050,11180
HistGradientBoosting,0.725,0.9883720930232558,0.9999095104515429,0.9941073276055958,0.9882847433375067,1,130,1,11050,11180
HistGradientBoosting,0.726,0.9883720930232558,0.9999095104515429,0.9941073276055958,0.9882847433375067,1,130,1,11050,11180
HistGradientBoosting,0.727,0.9883720930232558,0.9999095104515429,0.9941073276055958,0.9882847433375067,1,130,1,11050,11180
HistGradientBoosting,0.728,0.9883720930232558,0.9999095104515429,0.9941073276055958,0.9882847433375067,1,130,1,11050,11180
HistGradientBoosting,0.729,0.9883720930232558,0.9999095104515429,0.9941073276055958,0.9882847433375067,1,130,1,11050,11180
HistGradientBoosting,0.73,0.9883720930232558,0.9999095104515429,0.9941073276055958,0.9882847433375067,1,130,1,11050,11180
HistGradientBoosting,0.731,0.9883720930232558,0.9999095104515429,0.9941073276055958,0.9882847433375067,1,130,1,11050,11180
HistGradientBoosting,0.732,0.9883720930232558,0.9999095104515429,0.9941073276055958,0.9882847433375067,1,130,1,11050,11180
HistGradientBoosting,0.733,0.9883720930232558,0.9999095104515429,0.9941073276055958,0.9882847433375067,1,130,1,11050,11180
HistGradientBoosting,0.734,0.9883720930232558,0.9999095104515429,0.9941073276055958,0.9882847433375067,1,130,1,11050,11180
HistGradientBoosting,0.735,0.9883720930232558,0.9999095104515429,0.9941073276055958,0.9882847433375067,1,130,1,11050,11180
HistGradientBoosting,0.736,0.9883720930232558,0.9999095104515429,0.9941073276055958,0.9882847433375067,1,130,1,11050,11180
HistGradientBoosting,0.737,0.9883720930232558,0.9999095104515429,0.9941073276055958,0.9882847433375067,1,130,1,11050,11180
HistGradientBoosting,0.738,0.9883720930232558,0.9999095104515429,0.9941073276055958,0.9882847433375067,1,130,1,11050,11180
HistGradientBoosting,0.739,0.9883720930232558,0.9999095104515429,0.9941073276055958,0.9882847433375067,1,130,1,11050,11180
HistGradientBoosting,0.74,0.9883720930232558,0.9999095104515429,0.9941073276055958,0.9882847433375067,1,130,1,11050,11180
HistGradientBoosting,0.741,0.9883720930232558,0.9999095104515429,0.9941073276055958,0.9882847433375067,1,130,1,11050,11180
HistGradientBoosting,0.742,0.9883720930232558,0.9999095104515429,0.9941073276055958,0.9882847433375067,1,130,1,11050,11180
HistGradientBoosting,0.743,0.9883720930232558,0.9999095104515429,0.9941073276055958,0.9882847433375067,1,130,1,11050,11180
HistGradientBoosting,0.744,0.9883720930232558,0.9999095104515429,0.9941073276055958,0.9882847433375067,1,130,1,11050,11180
HistGradientBoosting,0.745,0.9883720930232558,0.9999095104515429,0.9941073276055958,0.9882847433375067,1,130,1,11050,11180
HistGradientBoosting,0.746,0.9883720930232558,0.9999095104515429,0.9941073276055958,0.9882847433375067,1,130,1,11050,11180
HistGradientBoosting,0.747,0.9883720930232558,0.9999095104515429,0.9941073276055958,0.9882847433375067,1,130,1,11050,11180
HistGradientBoosting,0.748,0.9883720930232558,0.9999095104515429,0.9941073276055958,0.9882847433375067,1,130,1,11050,11180
HistGradientBoosting,0.749,0.9883720930232558,0.9999095104515429,0.9941073276055958,0.9882847433375067,1,130,1,11050,11180
HistGradientBoosting,0.75,0.9883720930232558,0.9999095104515429,0.9941073276055958,0.9882847433375067,1,130,1,11050,11180
HistGradientBoosting,0.751,0.9883720930232558,0.9999095104515429,0.9941073276055958,0.9882847433375067,1,130,1,11050,11180
HistGradientBoosting,0.752,0.9883720930232558,0.9999095104515429,0.9941073276055958,0.9882847433375067,1,130,1,11050,11180
HistGradientBoosting,0.753,0.9883720930232558,0.9999095104515429,0.9941073276055958,0.9882847433375067,1,130,1,11050,11180
HistGradientBoosting,0.754,0.9883720930232558,0.9999095104515429,0.9941073276055958,0.9882847433375067,1,130,1,11050,11180
HistGradientBoosting,0.755,0.9883720930232558,0.9999095104515429,0.9941073276055958,0.9882847433375067,1,130,1,11050,11180
HistGradientBoosting,0.756,0.9883720930232558,0.9999095104515429,0.9941073276055958,0.9882847433375067,1,130,1,11050,11180
HistGradientBoosting,0.757,0.9883720930232558,0.9999095104515429,0.9941073276055958,0.9882847433375067,1,130,1,11050,11180
HistGradientBoosting,0.758,0.9883720930232558,0.9999095104515429,0.9941073276055958,0.9882847433375067,1,130,1,11050,11180
HistGradientBoosting,0.759,0.9883720930232558,0.9999095104515429,0.9941073276055958,0.9882847433375067,1,130,1,11050,11180
HistGradientBoosting,0.76,0.9883720930232558,0.9999095104515429,0.9941073276055958,0.9882847433375067,1,130,1,11050,11180
HistGradientBoosting,0.761,0.9883720930232558,0.9999095104515429,0.9941073276055958,0.9882847433375067,1,130,1,11050,11180
HistGradientBoosting,0.762,0.9883720930232558,0.9999095104515429,0.9941073276055958,0.9882847433375067,1,130,1,11050,11180
HistGradientBoosting,0.763,0.9883720930232558,0.9999095104515429,0.9941073276055958,0.9882847433375067,1,130,1,11050,11180
HistGradientBoosting,0.764,0.9883720930232558,0.9999095104515429,0.9941073276055958,0.9882847433375067,1,130,1,11050,11180
HistGradientBoosting,0.765,0.9883720930232558,0.9999095104515429,0.9941073276055958,0.9882847433375067,1,130,1,11050,11180
HistGradientBoosting,0.766,0.9883720930232558,0.9999095104515429,0.9941073276055958,0.9882847433375067,1,130,1,11050,11180
HistGradientBoosting,0.767,0.9883720930232558,0.9999095104515429,0.9941073276055958,0.9882847433375067,1,130,1,11050,11180
HistGradientBoosting,0.768,0.9883720930232558,0.9999095104515429,0.9941073276055958,0.9882847433375067,1,130,1,11050,11180
HistGradientBoosting,0.769,0.9883720930232558,0.9999095104515429,0.9941073276055958,0.9882847433375067,1,130,1,11050,11180
HistGradientBoosting,0.77,0.9883720930232558,0.9999095104515429,0.9941073276055958,0.9882847433375067,1,130,1,11050,11180
HistGradientBoosting,0.771,0.9883720930232558,0.9999095104515429,0.9941073276055958,0.9882847433375067,1,130,1,11050,11180
HistGradientBoosting,0.772,0.9883720930232558,0.9999095104515429,0.9941073276055958,0.9882847433375067,1,130,1,11050,11180
HistGradientBoosting,0.773,0.9883710528669827,0.9998190209030857,0.9940620782726046,0.988195313897335,1,130,2,11049,11179
HistGradientBoosting,0.774,0.9883710528669827,0.9998190209030857,0.9940620782726046,0.988195313897335,1,130,2,11049,11179
HistGradientBoosting,0.775,0.9883710528669827,0.9998190209030857,0.9940620782726046,0.988195313897335,1,130,2,11049,11179
HistGradientBoosting,0.776,0.9883710528669827,0.9998190209030857,0.9940620782726046,0.988195313897335,1,130,2,11049,11179
HistGradientBoosting,0.777,0.9883710528669827,0.9998190209030857,0.9940620782726046,0.988195313897335,1,130,2,11049,11179
HistGradientBoosting,0.778,0.9883710528669827,0.9998190209030857,0.9940620782726046,0.988195313897335,1,130,2,11049,11179
HistGradientBoosting,0.779,0.9883710528669827,0.9998190209030857,0.9940620782726046,0.988195313897335,1,130,2,11049,11179
HistGradientBoosting,0.78,0.9883710528669827,0.9998190209030857,0.9940620782726046,0.988195313897335,1,130,2,11049,11179
HistGradientBoosting,0.781,0.9883710528669827,0.9998190209030857,0.9940620782726046,0.988195313897335,1,130,2,11049,11179
HistGradientBoosting,0.782,0.9883710528669827,0.9998190209030857,0.9940620782726046,0.988195313897335,1,130,2,11049,11179
HistGradientBoosting,0.783,0.9883710528669827,0.9998190209030857,0.9940620782726046,0.988195313897335,1,130,2,11049,11179
HistGradientBoosting,0.784,0.9883710528669827,0.9998190209030857,0.9940620782726046,0.988195313897335,1,130,2,11049,11179
HistGradientBoosting,0.785,0.9883710528669827,0.9998190209030857,0.9940620782726046,0.988195313897335,1,130,2,11049,11179
HistGradientBoosting,0.786,0.9883710528669827,0.9998190209030857,0.9940620782726046,0.988195313897335,1,130,2,11049,11179
HistGradientBoosting,0.787,0.9883710528669827,0.9998190209030857,0.9940620782726046,0.988195313897335,1,130,2,11049,11179
HistGradientBoosting,0.788,0.9883700125246019,0.9997285313546286,0.9940168248684151,0.9881058844571633,1,130,3,11048,11178
HistGradientBoosting,0.789,0.9883700125246019,0.9997285313546286,0.9940168248684151,0.9881058844571633,1,130,3,11048,11178
HistGradientBoosting,0.79,0.9883700125246019,0.9997285313546286,0.9940168248684151,0.9881058844571633,1,130,3,11048,11178
HistGradientBoosting,0.791,0.9883700125246019,0.9997285313546286,0.9940168248684151,0.9881058844571633,1,130,3,11048,11178
HistGradientBoosting,0.792,0.9883700125246019,0.9997285313546286,0.9940168248684151,0.9881058844571633,1,130,3,11048,11178
HistGradientBoosting,0.793,0.9883700125246019,0.9997285313546286,0.9940168248684151,0.9881058844571633,1,130,3,11048,11178
HistGradientBoosting,0.794,0.9883700125246019,0.9997285313546286,0.9940168248684151,0.9881058844571633,1,130,3,11048,11178
HistGradientBoosting,0.795,0.9883700125246019,0.9997285313546286,0.9940168248684151,0.9881058844571633,1,130,3,11048,11178
HistGradientBoosting,0.796,0.9883700125246019,0.9997285313546286,0.9940168248684151,0.9881058844571633,1,130,3,11048,11178
HistGradientBoosting,0.797,0.9883700125246019,0.9997285313546286,0.9940168248684151,0.9881058844571633,1,130,3,11048,11178
HistGradientBoosting,0.798,0.9883700125246019,0.9997285313546286,0.9940168248684151,0.9881058844571633,1,130,3,11048,11178
HistGradientBoosting,0.799,0.9883700125246019,0.9997285313546286,0.9940168248684151,0.9881058844571633,1,130,3,11048,11178
HistGradientBoosting,0.8,0.9883700125246019,0.9997285313546286,0.9940168248684151,0.9881058844571633,1,130,3,11048,11178
HistGradientBoosting,0.801,0.9883700125246019,0.9997285313546286,0.9940168248684151,0.9881058844571633,1,130,3,11048,11178
HistGradientBoosting,0.802,0.9883700125246019,0.9997285313546286,0.9940168248684151,0.9881058844571633,1,130,3,11048,11178
HistGradientBoosting,0.803,0.9883700125246019,0.9997285313546286,0.9940168248684151,0.9881058844571633,1,130,3,11048,11178
HistGradientBoosting,0.804,0.9883700125246019,0.9997285313546286,0.9940168248684151,0.9881058844571633,1,130,3,11048,11178
HistGradientBoosting,0.805,0.9883700125246019,0.9997285313546286,0.9940168248684151,0.9881058844571633,1,130,3,11048,11178
HistGradientBoosting,0.806,0.9883700125246019,0.9997285313546286,0.9940168248684151,0.9881058844571633,1,130,3,11048,11178
HistGradientBoosting,0.807,0.9883700125246019,0.9997285313546286,0.9940168248684151,0.9881058844571633,1,130,3,11048,11178
HistGradientBoosting,0.808,0.9883700125246019,0.9997285313546286,0.9940168248684151,0.9881058844571633,1,130,3,11048,11178
HistGradientBoosting,0.809,0.9883700125246019,0.9997285313546286,0.9940168248684151,0.9881058844571633,1,130,3,11048,11178
HistGradientBoosting,0.81,0.9883700125246019,0.9997285313546286,0.9940168248684151,0.9881058844571633,1,130,3,11048,11178
HistGradientBoosting,0.811,0.9883700125246019,0.9997285313546286,0.9940168248684151,0.9881058844571633,1,130,3,11048,11178
HistGradientBoosting,0.812,0.9883700125246019,0.9997285313546286,0.9940168248684151,0.9881058844571633,1,130,3,11048,11178
HistGradientBoosting,0.813,0.9883700125246019,0.9997285313546286,0.9940168248684151,0.9881058844571633,1,130,3,11048,11178
HistGradientBoosting,0.814,0.9883700125246019,0.9997285313546286,0.9940168248684151,0.9881058844571633,1,130,3,11048,11178
HistGradientBoosting,0.815,0.9883700125246019,0.9997285313546286,0.9940168248684151,0.9881058844571633,1,130,3,11048,11178
HistGradientBoosting,0.816,0.9883700125246019,0.9997285313546286,0.9940168248684151,0.9881058844571633,1,130,3,11048,11178
HistGradientBoosting,0.817,0.9883700125246019,0.9997285313546286,0.9940168248684151,0.9881058844571633,1,130,3,11048,11178
HistGradientBoosting,0.818,0.9883700125246019,0.9997285313546286,0.9940168248684151,0.9881058844571633,1,130,3,11048,11178
HistGradientBoosting,0.819,0.9883700125246019,0.9997285313546286,0.9940168248684151,0.9881058844571633,1,130,3,11048,11178
HistGradientBoosting,0.82,0.9883700125246019,0.9997285313546286,0.9940168248684151,0.9881058844571633,1,130,3,11048,11178
HistGradientBoosting,0.821,0.9883700125246019,0.9997285313546286,0.9940168248684151,0.9881058844571633,1,130,3,11048,11178
HistGradientBoosting,0.822,0.9883700125246019,0.9997285313546286,0.9940168248684151,0.9881058844571633,1,130,3,11048,11178
HistGradientBoosting,0.823,0.9883700125246019,0.9997285313546286,0.9940168248684151,0.9881058844571633,1,130,3,11048,11178
HistGradientBoosting,0.824,0.9883700125246019,0.9997285313546286,0.9940168248684151,0.9881058844571633,1,130,3,11048,11178
HistGradientBoosting,0.825,0.9883700125246019,0.9997285313546286,0.9940168248684151,0.9881058844571633,1,130,3,11048,11178
HistGradientBoosting,0.826,0.9883700125246019,0.9997285313546286,0.9940168248684151,0.9881058844571633,1,130,3,11048,11178
HistGradientBoosting,0.827,0.9883700125246019,0.9997285313546286,0.9940168248684151,0.9881058844571633,1,130,3,11048,11178
HistGradientBoosting,0.828,0.9884584414422475,0.9997285313546286,0.9940615439985604,0.988195313897335,2,129,3,11048,11177
HistGradientBoosting,0.829,0.9884584414422475,0.9997285313546286,0.9940615439985604,0.988195313897335,2,129,3,11048,11177
HistGradientBoosting,0.83,0.9884584414422475,0.9997285313546286,0.9940615439985604,0.988195313897335,2,129,3,11048,11177
HistGradientBoosting,0.831,0.9884563758389262,0.9995475522577142,0.9939710249257626,0.9880164550169916,2,129,5,11046,11175
HistGradientBoosting,0.832,0.9884563758389262,0.9995475522577142,0.9939710249257626,0.9880164550169916,2,129,5,11046,11175
HistGradientBoosting,0.833,0.9884563758389262,0.9995475522577142,0.9939710249257626,0.9880164550169916,2,129,5,11046,11175
HistGradientBoosting,0.834,0.9884563758389262,0.9995475522577142,0.9939710249257626,0.9880164550169916,2,129,5,11046,11175
HistGradientBoosting,0.835,0.9884563758389262,0.9995475522577142,0.9939710249257626,0.9880164550169916,2,129,5,11046,11175
HistGradientBoosting,0.836,0.9884563758389262,0.9995475522577142,0.9939710249257626,0.9880164550169916,2,129,5,11046,11175
HistGradientBoosting,0.837,0.9884563758389262,0.9995475522577142,0.9939710249257626,0.9880164550169916,2,129,5,11046,11175
HistGradientBoosting,0.838,0.9884563758389262,0.9995475522577142,0.9939710249257626,0.9880164550169916,2,129,5,11046,11175
HistGradientBoosting,0.839,0.9885417599140632,0.9992760836123428,0.993879938799388,0.9878375961366482,3,128,8,11043,11171
HistGradientBoosting,0.84,0.9885417599140632,0.9992760836123428,0.993879938799388,0.9878375961366482,3,128,8,11043,11171
HistGradientBoosting,0.841,0.9885417599140632,0.9992760836123428,0.993879938799388,0.9878375961366482,3,128,8,11043,11171
HistGradientBoosting,0.842,0.9885417599140632,0.9992760836123428,0.993879938799388,0.9878375961366482,3,128,8,11043,11171
HistGradientBoosting,0.843,0.9885417599140632,0.9992760836123428,0.993879938799388,0.9878375961366482,3,128,8,11043,11171
HistGradientBoosting,0.844,0.9885417599140632,0.9992760836123428,0.993879938799388,0.9878375961366482,3,128,8,11043,11171
HistGradientBoosting,0.845,0.9885417599140632,0.9992760836123428,0.993879938799388,0.9878375961366482,3,128,8,11043,11171
HistGradientBoosting,0.846,0.9885417599140632,0.9992760836123428,0.993879938799388,0.9878375961366482,3,128,8,11043,11171
HistGradientBoosting,0.847,0.9885417599140632,0.9992760836123428,0.993879938799388,0.9878375961366482,3,128,8,11043,11171
HistGradientBoosting,0.848,0.9885417599140632,0.9992760836123428,0.993879938799388,0.9878375961366482,3,128,8,11043,11171
HistGradientBoosting,0.849,0.9885417599140632,0.9992760836123428,0.993879938799388,0.9878375961366482,3,128,8,11043,11171
HistGradientBoosting,0.85,0.9885417599140632,0.9992760836123428,0.993879938799388,0.9878375961366482,3,128,8,11043,11171
HistGradientBoosting,0.851,0.9885417599140632,0.9992760836123428,0.993879938799388,0.9878375961366482,3,128,8,11043,11171
HistGradientBoosting,0.852,0.9885417599140632,0.9992760836123428,0.993879938799388,0.9878375961366482,3,128,8,11043,11171
HistGradientBoosting,0.853,0.9885417599140632,0.9992760836123428,0.993879938799388,0.9878375961366482,3,128,8,11043,11171
HistGradientBoosting,0.854,0.9885417599140632,0.9992760836123428,0.993879938799388,0.9878375961366482,3,128,8,11043,11171
HistGradientBoosting,0.855,0.9885417599140632,0.9992760836123428,0.993879938799388,0.9878375961366482,3,128,8,11043,11171
HistGradientBoosting,0.856,0.9885417599140632,0.9992760836123428,0.993879938799388,0.9878375961366482,3,128,8,11043,11171
HistGradientBoosting,0.857,0.9885417599140632,0.9992760836123428,0.993879938799388,0.9878375961366482,3,128,8,11043,11171
HistGradientBoosting,0.858,0.9885417599140632,0.9992760836123428,0.993879938799388,0.9878375961366482,3,128,8,11043,11171
HistGradientBoosting,0.859,0.9885417599140632,0.9992760836123428,0.993879938799388,0.9878375961366482,3,128,8,11043,11171
HistGradientBoosting,0.86,0.9885417599140632,0.9992760836123428,0.993879938799388,0.9878375961366482,3,128,8,11043,11171
HistGradientBoosting,0.861,0.9885417599140632,0.9992760836123428,0.993879938799388,0.9878375961366482,3,128,8,11043,11171
HistGradientBoosting,0.862,0.9885417599140632,0.9992760836123428,0.993879938799388,0.9878375961366482,3,128,8,11043,11171
HistGradientBoosting,0.863,0.9885417599140632,0.9992760836123428,0.993879938799388,0.9878375961366482,3,128,8,11043,11171
HistGradientBoosting,0.864,0.9885417599140632,0.9992760836123428,0.993879938799388,0.9878375961366482,3,128,8,11043,11171
HistGradientBoosting,0.865,0.9885417599140632,0.9992760836123428,0.993879938799388,0.9878375961366482,3,128,8,11043,11171
HistGradientBoosting,0.866,0.9885417599140632,0.9992760836123428,0.993879938799388,0.9878375961366482,3,128,8,11043,11171
HistGradientBoosting,0.867,0.9885417599140632,0.9992760836123428,0.993879938799388,0.9878375961366482,3,128,8,11043,11171
HistGradientBoosting,0.868,0.9885417599140632,0.9992760836123428,0.993879938799388,0.9878375961366482,3,128,8,11043,11171
HistGradientBoosting,0.869,0.9885417599140632,0.9992760836123428,0.993879938799388,0.9878375961366482,3,128,8,11043,11171
HistGradientBoosting,0.87,0.9885417599140632,0.9992760836123428,0.993879938799388,0.9878375961366482,3,128,8,11043,11171
HistGradientBoosting,0.871,0.9885417599140632,0.9992760836123428,0.993879938799388,0.9878375961366482,3,128,8,11043,11171
HistGradientBoosting,0.872,0.9885417599140632,0.9992760836123428,0.993879938799388,0.9878375961366482,3,128,8,11043,11171
HistGradientBoosting,0.873,0.9885417599140632,0.9992760836123428,0.993879938799388,0.9878375961366482,3,128,8,11043,11171
HistGradientBoosting,0.874,0.9885417599140632,0.9992760836123428,0.993879938799388,0.9878375961366482,3,128,8,11043,11171
HistGradientBoosting,0.875,0.9885417599140632,0.9992760836123428,0.993879938799388,0.9878375961366482,3,128,8,11043,11171
HistGradientBoosting,0.876,0.9885417599140632,0.9992760836123428,0.993879938799388,0.9878375961366482,3,128,8,11043,11171
HistGradientBoosting,0.877,0.9885417599140632,0.9992760836123428,0.993879938799388,0.9878375961366482,3,128,8,11043,11171
HistGradientBoosting,0.878,0.9885417599140632,0.9992760836123428,0.993879938799388,0.9878375961366482,3,128,8,11043,11171
HistGradientBoosting,0.879,0.9885417599140632,0.9992760836123428,0.993879938799388,0.9878375961366482,3,128,8,11043,11171
HistGradientBoosting,0.88,0.9885417599140632,0.9992760836123428,0.993879938799388,0.9878375961366482,3,128,8,11043,11171
HistGradientBoosting,0.881,0.9885417599140632,0.9992760836123428,0.993879938799388,0.9878375961366482,3,128,8,11043,11171
HistGradientBoosting,0.882,0.9885417599140632,0.9992760836123428,0.993879938799388,0.9878375961366482,3,128,8,11043,11171
HistGradientBoosting,0.883,0.9885417599140632,0.9992760836123428,0.993879938799388,0.9878375961366482,3,128,8,11043,11171
HistGradientBoosting,0.884,0.9885417599140632,0.9992760836123428,0.993879938799388,0.9878375961366482,3,128,8,11043,11171
HistGradientBoosting,0.885,0.9885417599140632,0.9992760836123428,0.993879938799388,0.9878375961366482,3,128,8,11043,11171
HistGradientBoosting,0.886,0.9885417599140632,0.9992760836123428,0.993879938799388,0.9878375961366482,3,128,8,11043,11171
HistGradientBoosting,0.887,0.9885417599140632,0.9992760836123428,0.993879938799388,0.9878375961366482,3,128,8,11043,11171
HistGradientBoosting,0.888,0.9885417599140632,0.9992760836123428,0.993879938799388,0.9878375961366482,3,128,8,11043,11171
HistGradientBoosting,0.889,0.9885417599140632,0.9992760836123428,0.993879938799388,0.9878375961366482,3,128,8,11043,11171
HistGradientBoosting,0.89,0.9885417599140632,0.9992760836123428,0.993879938799388,0.9878375961366482,3,128,8,11043,11171
HistGradientBoosting,0.891,0.9885417599140632,0.9992760836123428,0.993879938799388,0.9878375961366482,3,128,8,11043,11171
HistGradientBoosting,0.892,0.9885417599140632,0.9992760836123428,0.993879938799388,0.9878375961366482,3,128,8,11043,11171
HistGradientBoosting,0.893,0.9885417599140632,0.9992760836123428,0.993879938799388,0.9878375961366482,3,128,8,11043,11171
HistGradientBoosting,0.894,0.9885417599140632,0.9992760836123428,0.993879938799388,0.9878375961366482,3,128,8,11043,11171
HistGradientBoosting,0.895,0.9885417599140632,0.9992760836123428,0.993879938799388,0.9878375961366482,3,128,8,11043,11171
HistGradientBoosting,0.896,0.9885417599140632,0.9992760836123428,0.993879938799388,0.9878375961366482,3,128,8,11043,11171
HistGradientBoosting,0.897,0.9885417599140632,0.9992760836123428,0.993879938799388,0.9878375961366482,3,128,8,11043,11171
HistGradientBoosting,0.898,0.9885397081206913,0.9990951045154285,0.9937893789378938,0.9876587372563048,3,128,10,11041,11169
HistGradientBoosting,0.899,0.9885397081206913,0.9990951045154285,0.9937893789378938,0.9876587372563048,3,128,10,11041,11169
HistGradientBoosting,0.9,0.9885386819484241,0.9990046149669713,0.9937440928934695,0.9875693078161331,3,128,11,11040,11168
HistGradientBoosting,0.901,0.9885376555923704,0.9989141254185142,0.9936988027725268,0.9874798783759614,3,128,12,11039,11167
HistGradientBoosting,0.902,0.9885376555923704,0.9989141254185142,0.9936988027725268,0.9874798783759614,3,128,12,11039,11167
HistGradientBoosting,0.903,0.9885376555923704,0.9989141254185142,0.9936988027725268,0.9874798783759614,3,128,12,11039,11167
HistGradientBoosting,0.904,0.9885376555923704,0.9989141254185142,0.9936988027725268,0.9874798783759614,3,128,12,11039,11167
HistGradientBoosting,0.905,0.9885376555923704,0.9989141254185142,0.9936988027725268,0.9874798783759614,3,128,12,11039,11167
HistGradientBoosting,0.906,0.9885376555923704,0.9989141254185142,0.9936988027725268,0.9874798783759614,3,128,12,11039,11167
HistGradientBoosting,0.907,0.9885376555923704,0.9989141254185142,0.9936988027725268,0.9874798783759614,3,128,12,11039,11167
HistGradientBoosting,0.908,0.9885376555923704,0.9989141254185142,0.9936988027725268,0.9874798783759614,3,128,12,11039,11167
HistGradientBoosting,0.909,0.9885376555923704,0.9989141254185142,0.9936988027725268,0.9874798783759614,3,128,12,11039,11167
HistGradientBoosting,0.91,0.9885376555923704,0.9989141254185142,0.9936988027725268,0.9874798783759614,3,128,12,11039,11167
HistGradientBoosting,0.911,0.9885376555923704,0.9989141254185142,0.9936988027725268,0.9874798783759614,3,128,12,11039,11167
HistGradientBoosting,0.912,0.9885366290524807,0.998823635870057,0.9936535085745151,0.9873904489357896,3,128,13,11038,11166
HistGradientBoosting,0.913,0.9885356023287057,0.9987331463215998,0.9936082102988837,0.987301019495618,3,128,14,11037,11165
HistGradientBoosting,0.914,0.9885335483293022,0.9985521672246855,0.9935176015125596,0.9871221606152746,3,128,16,11035,11163
HistGradientBoosting,0.915,0.9885325210535746,0.9984616776762284,0.9934722910007653,0.9870327311751028,3,128,17,11034,11162
HistGradientBoosting,0.916,0.9885325210535746,0.9984616776762284,0.9934722910007653,0.9870327311751028,3,128,17,11034,11162
HistGradientBoosting,0.917,0.9885304659498207,0.9982806985793141,0.9933816577371573,0.9868538722947594,3,128,19,11032,11160
HistGradientBoosting,0.918,0.9885294381216955,0.998190209030857,0.9933363349842413,0.9867644428545878,3,128,20,11031,11159
HistGradientBoosting,0.919,0.9885294381216955,0.998190209030857,0.9933363349842413,0.9867644428545878,3,128,20,11031,11159
HistGradientBoosting,0.92,0.9885294381216955,0.998190209030857,0.9933363349842413,0.9867644428545878,3,128,20,11031,11159
HistGradientBoosting,0.921,0.9885294381216955,0.998190209030857,0.9933363349842413,0.9867644428545878,3,128,20,11031,11159
HistGradientBoosting,0.922,0.9885294381216955,0.998190209030857,0.9933363349842413,0.9867644428545878,3,128,20,11031,11159
HistGradientBoosting,0.923,0.9885294381216955,0.998190209030857,0.9933363349842413,0.9867644428545878,3,128,20,11031,11159
HistGradientBoosting,0.924,0.9885273819127005,0.9980092299339426,0.9932456772334294,0.9865855839742443,3,128,22,11029,11157
HistGradientBoosting,0.925,0.9885273819127005,0.9980092299339426,0.9932456772334294,0.9865855839742443,3,128,22,11029,11157
HistGradientBoosting,0.926,0.9885273819127005,0.9980092299339426,0.9932456772334294,0.9865855839742443,3,128,22,11029,11157
HistGradientBoosting,0.927,0.9885273819127005,0.9980092299339426,0.9932456772334294,0.9865855839742443,3,128,22,11029,11157
HistGradientBoosting,0.928,0.9885273819127005,0.9980092299339426,0.9932456772334294,0.9865855839742443,3,128,22,11029,11157
HistGradientBoosting,0.929,0.9885273819127005,0.9980092299339426,0.9932456772334294,0.9865855839742443,3,128,22,11029,11157
HistGradientBoosting,0.93,0.9885273819127005,0.9980092299339426,0.9932456772334294,0.9865855839742443,3,128,22,11029,11157
HistGradientBoosting,0.931,0.9886159913947652,0.9980092299339426,0.9932904039266898,0.986675013414416,4,127,22,11029,11156
HistGradientBoosting,0.932,0.9886159913947652,0.9980092299339426,0.9932904039266898,0.986675013414416,4,127,22,11029,11156
HistGradientBoosting,0.933,0.9886159913947652,0.9980092299339426,0.9932904039266898,0.986675013414416,4,127,22,11029,11156
HistGradientBoosting,0.934,0.9886159913947652,0.9980092299339426,0.9932904039266898,0.986675013414416,4,127,22,11029,11156
HistGradientBoosting,0.935,0.9886159913947652,0.9980092299339426,0.9932904039266898,0.986675013414416,4,127,22,11029,11156
HistGradientBoosting,0.936,0.9887025912310589,0.9978282508370283,0.9932444604575752,0.9865855839742443,5,126,24,11027,11153
HistGradientBoosting,0.937,0.9887015781922525,0.9977377612885712,0.9931991172364095,0.9864961545340726,5,126,25,11026,11152
HistGradientBoosting,0.938,0.9887015781922525,0.9977377612885712,0.9931991172364095,0.9864961545340726,5,126,25,11026,11152
HistGradientBoosting,0.939,0.9887015781922525,0.9977377612885712,0.9931991172364095,0.9864961545340726,5,126,25,11026,11152
HistGradientBoosting,0.94,0.9886995515695067,0.9975567821916569,0.9931084185397054,0.9863172956537292,5,126,27,11024,11150
HistGradientBoosting,0.941,0.9886995515695067,0.9975567821916569,0.9931084185397054,0.9863172956537292,5,126,27,11024,11150
HistGradientBoosting,0.942,0.9887872264083244,0.9974662926431997,0.9931077976485427,0.9863172956537292,6,125,28,11023,11148
HistGradientBoosting,0.943,0.9887872264083244,0.9974662926431997,0.9931077976485427,0.9863172956537292,6,125,28,11023,11148
HistGradientBoosting,0.944,0.9887872264083244,0.9974662926431997,0.9931077976485427,0.9863172956537292,6,125,28,11023,11148
HistGradientBoosting,0.945,0.9887862205077599,0.9973758030947426,0.9930624380574826,0.9862278662135575,6,125,29,11022,11147
HistGradientBoosting,0.946,0.9887852144267002,0.9972853135462854,0.9930170743794207,0.9861384367733858,6,125,30,11021,11146
HistGradientBoosting,0.947,0.9887842081650965,0.9971948239978282,0.9929717066138043,0.9860490073332141,6,125,31,11020,11145
HistGradientBoosting,0.948,0.9887832017229002,0.9971043344493711,0.9929263347600811,0.9859595778930423,6,125,32,11019,11144
HistGradientBoosting,0.949,0.9887781668013287,0.9966518867070854,0.9926994141505182,0.9855124306921839,6,125,37,11014,11139
HistGradientBoosting,0.95,0.9887781668013287,0.9966518867070854,0.9926994141505182,0.9855124306921839,6,125,37,11014,11139
HistGradientBoosting,0.951,0.9887781668013287,0.9966518867070854,0.9926994141505182,0.9855124306921839,6,125,37,11014,11139
HistGradientBoosting,0.952,0.9887781668013287,0.9966518867070854,0.9926994141505182,0.9855124306921839,6,125,37,11014,11139
HistGradientBoosting,0.953,0.9887781668013287,0.9966518867070854,0.9926994141505182,0.9855124306921839,6,125,37,11014,11139
HistGradientBoosting,0.954,0.9887781668013287,0.9966518867070854,0.9926994141505182,0.9855124306921839,6,125,37,11014,11139
HistGradientBoosting,0.955,0.9887761515668493,0.996470907610171,0.9926086172705967,0.9853335718118404,6,125,39,11012,11137
HistGradientBoosting,0.956,0.9887761515668493,0.996470907610171,0.9926086172705967,0.9853335718118404,6,125,39,11012,11137
HistGradientBoosting,0.957,0.9887751436781609,0.9963804180617138,0.992563212692117,0.9852441423716688,6,125,40,11011,11136
HistGradientBoosting,0.958,0.9887731273576432,0.9961994389647996,0.9924723912553527,0.9850652834913254,6,125,42,11009,11134
HistGradientBoosting,0.959,0.9887731273576432,0.9961994389647996,0.9924723912553527,0.9850652834913254,6,125,42,11009,11134
HistGradientBoosting,0.96,0.9887701015182823,0.9959279703194281,0.9923361283923903,0.9847969951708102,6,125,45,11006,11131
HistGradientBoosting,0.961,0.9888579387186629,0.995837480770971,0.9923354373309288,0.9847969951708102,7,124,46,11005,11129
HistGradientBoosting,0.962,0.9888579387186629,0.995837480770971,0.9923354373309288,0.9847969951708102,7,124,46,11005,11129
HistGradientBoosting,0.963,0.9888559360115036,0.9956565016740566,0.9922445666877086,0.9846181362904668,7,124,48,11003,11127
HistGradientBoosting,0.964,0.9888539325842697,0.9954755225771423,0.9921536796536796,0.9844392774101234,7,124,50,11001,11125
HistGradientBoosting,0.965,0.9889408379787807,0.9952945434802281,0.9921075181527083,0.9843498479699517,8,123,52,10999,11122
HistGradientBoosting,0.966,0.9889408379787807,0.9952945434802281,0.9921075181527083,0.9843498479699517,8,123,52,10999,11122
HistGradientBoosting,0.967,0.9889388489208633,0.9951135643833138,0.9920165982589869,0.9841709890896083,8,123,54,10997,11120
HistGradientBoosting,0.968,0.9889378541235723,0.9950230748348565,0.9919711321605773,0.9840815596494366,8,123,55,10996,11119
HistGradientBoosting,0.969,0.9889328774518625,0.9945706270925708,0.9917437401308369,0.9836344124485781,8,123,60,10991,11114
HistGradientBoosting,0.97,0.9889328774518625,0.9945706270925708,0.9917437401308369,0.9836344124485781,8,123,60,10991,11114
HistGradientBoosting,0.971,0.9889278963002971,0.994118179350285,0.9915162454873646,0.9831872652477196,8,123,65,10986,11109
HistGradientBoosting,0.972,0.9889239081494822,0.9937562211564565,0.9913341758440152,0.9828295474870328,8,123,69,10982,11105
HistGradientBoosting,0.973,0.988914924297044,0.9929418152203421,0.9909242786833431,0.9820246825254874,8,123,78,10973,11096
HistGradientBoosting,0.974,0.9889099269678118,0.9924893674780563,0.9906964140547376,0.9815775353246289,8,123,83,10968,11091
HistGradientBoosting,0.975,0.9888516269373697,0.9872409736675414,0.9880456439050896,0.97639062779467,8,123,141,10910,11033
HistGradientBoosting,0.976,0.988893946290396,0.9829879648900552,0.9859321110909421,0.9722768735467716,9,122,188,10863,10985
HistGradientBoosting,0.977,0.9888888888888889,0.9825355171477694,0.9857019654123734,0.971829726345913,9,122,193,10858,10980
HistGradientBoosting,0.978,0.9888818007837419,0.9819020903085693,0.985379585906284,0.9712037202647111,9,122,200,10851,10973
HistGradientBoosting,0.979,0.9888736890104879,0.9811781739209121,0.9850109011627907,0.9704882847433375,9,122,208,10843,10965
HistGradientBoosting,0.98,0.9888468983316435,0.9707718758483396,0.9797260273972602,0.9602933285637631,10,121,323,10728,10849
HistGradientBoosting,0.981,0.9887756056496119,0.9565650167405665,0.972403642719161,0.9463423358969772,11,120,480,10571,10691
HistGradientBoosting,0.982,0.9887544887544888,0.9467921455071939,0.9673184486663893,0.9367733857986049,12,119,588,10463,10582
HistGradientBoosting,0.983,0.9889958734525447,0.9108677947697041,0.9483254039285882,0.9018959041316401,19,112,985,10066,10178
HistGradientBoosting,0.984,0.988911988911989,0.9039000995385033,0.9444969742813918,0.8950098372384189,19,112,1062,9989,10101
HistGradientBoosting,0.985,0.9887899109198278,0.8939462492082164,0.9389791844881665,0.8851725988195314,19,112,1172,9879,9991
HistGradientBoosting,0.986,0.9885547576301615,0.7972129219075197,0.8826328708110004,0.7904668216776963,29,102,2241,8810,8912
HistGradientBoosting,0.987,0.9895674300254453,0.7038277078997376,0.8225900269684311,0.6999642282239313,49,82,3273,7778,7860
HistGradientBoosting,0.988,0.9899623588456713,0.6425662835942448,0.7793020193151887,0.6403147916294044,59,72,3950,7101,7173
HistGradientBoosting,0.989,0.9897250361794501,0.6188580218984707,0.7615388898168254,0.6169737077445895,60,71,4212,6839,6910
HistGradientBoosting,0.99,0.9896217712177122,0.3882906524296444,0.5577435497497888,0.3914326596315507,86,45,6760,4291,4336
HistGradientBoosting,0.991,0.9902366863905325,0.30286851868609177,0.4638625181900076,0.3080844213915221,98,33,7704,3347,3380
HistGradientBoosting,0.992,0.9899117276166457,0.2131028866165958,0.35070737155621745,0.22017528170273654,107,24,8696,2355,2379
HistGradientBoosting,0.993,0.9910233393177738,0.14985069224504569,0.2603364250903946,0.1584689679842604,116,15,9395,1656,1671
HistGradientBoosting,0.994,0.993798449612403,0.0580038005610352,0.10961012311901505,0.06868181005186907,127,4,10410,641,645
HistGradientBoosting,0.995,1.0,0.0003619581938286128,0.0007236544549977386,0.012072974423180111,131,0,11047,4,4
HistGradientBoosting,0.996,0.0,0.0,0.0,0.011715256662493293,131,0,11051,0,0
HistGradientBoosting,0.997,0.0,0.0,0.0,0.011715256662493293,131,0,11051,0,0
HistGradientBoosting,0.998,0.0,0.0,0.0,0.011715256662493293,131,0,11051,0,0
HistGradientBoosting,0.999,0.0,0.0,0.0,0.011715256662493293,131,0,11051,0,0
